DateKey,Date,Year,CurrYearOffset,YearCompleted,Quarter Number,Quarter,Month Number of Year,Month Name,Week Number,Week & Year,WeeknYear,CurrWeekOffset,WeekCompleted,Day of Week Number,Day of Week Name,Day of Week Initial,Day Type,Fiscal Year,Fiscal Quarter
20190701,2019-07-01 00:00:00.000,2019,-4,True,3,"Q3",7,"July",27,"W27 2019",201927,-201,True,0,"Monday","M","Weekday","FY2020","FQ1 2020"
20190702,2019-07-02 00:00:00.000,2019,-4,True,3,"Q3",7,"July",27,"W27 2019",201927,-201,True,1,"Tuesday","T​","Weekday","FY2020","FQ1 2020"
20190703,2019-07-03 00:00:00.000,2019,-4,True,3,"Q3",7,"July",27,"W27 2019",201927,-201,True,2,"Wednesday","W​​","Weekday","FY2020","FQ1 2020"
20190704,2019-07-04 00:00:00.000,2019,-4,True,3,"Q3",7,"July",27,"W27 2019",201927,-201,True,3,"Thursday","T​​​","Weekday","FY2020","FQ1 2020"
20190705,2019-07-05 00:00:00.000,2019,-4,True,3,"Q3",7,"July",27,"W27 2019",201927,-201,True,4,"Friday","F​​​​","Weekday","FY2020","FQ1 2020"
20190708,2019-07-08 00:00:00.000,2019,-4,True,3,"Q3",7,"July",28,"W28 2019",201928,-200,True,0,"Monday","M","Weekday","FY2020","FQ1 2020"
20190709,2019-07-09 00:00:00.000,2019,-4,True,3,"Q3",7,"July",28,"W28 2019",201928,-200,True,1,"Tuesday","T​","Weekday","FY2020","FQ1 2020"
20190710,2019-07-10 00:00:00.000,2019,-4,True,3,"Q3",7,"July",28,"W28 2019",201928,-200,True,2,"Wednesday","W​​","Weekday","FY2020","FQ1 2020"
20190711,2019-07-11 00:00:00.000,2019,-4,True,3,"Q3",7,"July",28,"W28 2019",201928,-200,True,3,"Thursday","T​​​","Weekday","FY2020","FQ1 2020"
20190712,2019-07-12 00:00:00.000,2019,-4,True,3,"Q3",7,"July",28,"W28 2019",201928,-200,True,4,"Friday","F​​​​","Weekday","FY2020","FQ1 2020"
20190715,2019-07-15 00:00:00.000,2019,-4,True,3,"Q3",7,"July",29,"W29 2019",201929,-199,True,0,"Monday","M","Weekday","FY2020","FQ1 2020"
20190716,2019-07-16 00:00:00.000,2019,-4,True,3,"Q3",7,"July",29,"W29 2019",201929,-199,True,1,"Tuesday","T​","Weekday","FY2020","FQ1 2020"
20190717,2019-07-17 00:00:00.000,2019,-4,True,3,"Q3",7,"July",29,"W29 2019",201929,-199,True,2,"Wednesday","W​​","Weekday","FY2020","FQ1 2020"
20190718,2019-07-18 00:00:00.000,2019,-4,True,3,"Q3",7,"July",29,"W29 2019",201929,-199,True,3,"Thursday","T​​​","Weekday","FY2020","FQ1 2020"
20190719,2019-07-19 00:00:00.000,2019,-4,True,3,"Q3",7,"July",29,"W29 2019",201929,-199,True,4,"Friday","F​​​​","Weekday","FY2020","FQ1 2020"
20190722,2019-07-22 00:00:00.000,2019,-4,True,3,"Q3",7,"July",30,"W30 2019",201930,-198,True,0,"Monday","M","Weekday","FY2020","FQ1 2020"
20190723,2019-07-23 00:00:00.000,2019,-4,True,3,"Q3",7,"July",30,"W30 2019",201930,-198,True,1,"Tuesday","T​","Weekday","FY2020","FQ1 2020"
20190724,2019-07-24 00:00:00.000,2019,-4,True,3,"Q3",7,"July",30,"W30 2019",201930,-198,True,2,"Wednesday","W​​","Weekday","FY2020","FQ1 2020"
20190725,2019-07-25 00:00:00.000,2019,-4,True,3,"Q3",7,"July",30,"W30 2019",201930,-198,True,3,"Thursday","T​​​","Weekday","FY2020","FQ1 2020"
20190726,2019-07-26 00:00:00.000,2019,-4,True,3,"Q3",7,"July",30,"W30 2019",201930,-198,True,4,"Friday","F​​​​","Weekday","FY2020","FQ1 2020"
20190729,2019-07-29 00:00:00.000,2019,-4,True,3,"Q3",7,"July",31,"W31 2019",201931,-197,True,0,"Monday","M","Weekday","FY2020","FQ1 2020"
20190730,2019-07-30 00:00:00.000,2019,-4,True,3,"Q3",7,"July",31,"W31 2019",201931,-197,True,1,"Tuesday","T​","Weekday","FY2020","FQ1 2020"
20190731,2019-07-31 00:00:00.000,2019,-4,True,3,"Q3",7,"July",31,"W31 2019",201931,-197,True,2,"Wednesday","W​​","Weekday","FY2020","FQ1 2020"
20190801,2019-08-01 00:00:00.000,2019,-4,True,3,"Q3",8,"August",31,"W31 2019",201931,-197,True,3,"Thursday","T​​​","Weekday","FY2020","FQ1 2020"
20190802,2019-08-02 00:00:00.000,2019,-4,True,3,"Q3",8,"August",31,"W31 2019",201931,-197,True,4,"Friday","F​​​​","Weekday","FY2020","FQ1 2020"
20190805,2019-08-05 00:00:00.000,2019,-4,True,3,"Q3",8,"August",32,"W32 2019",201932,-196,True,0,"Monday","M","Weekday","FY2020","FQ1 2020"
20190806,2019-08-06 00:00:00.000,2019,-4,True,3,"Q3",8,"August",32,"W32 2019",201932,-196,True,1,"Tuesday","T​","Weekday","FY2020","FQ1 2020"
20190807,2019-08-07 00:00:00.000,2019,-4,True,3,"Q3",8,"August",32,"W32 2019",201932,-196,True,2,"Wednesday","W​​","Weekday","FY2020","FQ1 2020"
20190808,2019-08-08 00:00:00.000,2019,-4,True,3,"Q3",8,"August",32,"W32 2019",201932,-196,True,3,"Thursday","T​​​","Weekday","FY2020","FQ1 2020"
20190809,2019-08-09 00:00:00.000,2019,-4,True,3,"Q3",8,"August",32,"W32 2019",201932,-196,True,4,"Friday","F​​​​","Weekday","FY2020","FQ1 2020"
20190812,2019-08-12 00:00:00.000,2019,-4,True,3,"Q3",8,"August",33,"W33 2019",201933,-195,True,0,"Monday","M","Weekday","FY2020","FQ1 2020"
20190813,2019-08-13 00:00:00.000,2019,-4,True,3,"Q3",8,"August",33,"W33 2019",201933,-195,True,1,"Tuesday","T​","Weekday","FY2020","FQ1 2020"
20190814,2019-08-14 00:00:00.000,2019,-4,True,3,"Q3",8,"August",33,"W33 2019",201933,-195,True,2,"Wednesday","W​​","Weekday","FY2020","FQ1 2020"
20190815,2019-08-15 00:00:00.000,2019,-4,True,3,"Q3",8,"August",33,"W33 2019",201933,-195,True,3,"Thursday","T​​​","Weekday","FY2020","FQ1 2020"
20190816,2019-08-16 00:00:00.000,2019,-4,True,3,"Q3",8,"August",33,"W33 2019",201933,-195,True,4,"Friday","F​​​​","Weekday","FY2020","FQ1 2020"
20190819,2019-08-19 00:00:00.000,2019,-4,True,3,"Q3",8,"August",34,"W34 2019",201934,-194,True,0,"Monday","M","Weekday","FY2020","FQ1 2020"
20190820,2019-08-20 00:00:00.000,2019,-4,True,3,"Q3",8,"August",34,"W34 2019",201934,-194,True,1,"Tuesday","T​","Weekday","FY2020","FQ1 2020"
20190821,2019-08-21 00:00:00.000,2019,-4,True,3,"Q3",8,"August",34,"W34 2019",201934,-194,True,2,"Wednesday","W​​","Weekday","FY2020","FQ1 2020"
20190822,2019-08-22 00:00:00.000,2019,-4,True,3,"Q3",8,"August",34,"W34 2019",201934,-194,True,3,"Thursday","T​​​","Weekday","FY2020","FQ1 2020"
20190823,2019-08-23 00:00:00.000,2019,-4,True,3,"Q3",8,"August",34,"W34 2019",201934,-194,True,4,"Friday","F​​​​","Weekday","FY2020","FQ1 2020"
20190826,2019-08-26 00:00:00.000,2019,-4,True,3,"Q3",8,"August",35,"W35 2019",201935,-193,True,0,"Monday","M","Weekday","FY2020","FQ1 2020"
20190827,2019-08-27 00:00:00.000,2019,-4,True,3,"Q3",8,"August",35,"W35 2019",201935,-193,True,1,"Tuesday","T​","Weekday","FY2020","FQ1 2020"
20190828,2019-08-28 00:00:00.000,2019,-4,True,3,"Q3",8,"August",35,"W35 2019",201935,-193,True,2,"Wednesday","W​​","Weekday","FY2020","FQ1 2020"
20190829,2019-08-29 00:00:00.000,2019,-4,True,3,"Q3",8,"August",35,"W35 2019",201935,-193,True,3,"Thursday","T​​​","Weekday","FY2020","FQ1 2020"
20190830,2019-08-30 00:00:00.000,2019,-4,True,3,"Q3",8,"August",35,"W35 2019",201935,-193,True,4,"Friday","F​​​​","Weekday","FY2020","FQ1 2020"
20190902,2019-09-02 00:00:00.000,2019,-4,True,3,"Q3",9,"September",36,"W36 2019",201936,-192,True,0,"Monday","M","Weekday","FY2020","FQ1 2020"
20190903,2019-09-03 00:00:00.000,2019,-4,True,3,"Q3",9,"September",36,"W36 2019",201936,-192,True,1,"Tuesday","T​","Weekday","FY2020","FQ1 2020"
20190904,2019-09-04 00:00:00.000,2019,-4,True,3,"Q3",9,"September",36,"W36 2019",201936,-192,True,2,"Wednesday","W​​","Weekday","FY2020","FQ1 2020"
20190905,2019-09-05 00:00:00.000,2019,-4,True,3,"Q3",9,"September",36,"W36 2019",201936,-192,True,3,"Thursday","T​​​","Weekday","FY2020","FQ1 2020"
20190906,2019-09-06 00:00:00.000,2019,-4,True,3,"Q3",9,"September",36,"W36 2019",201936,-192,True,4,"Friday","F​​​​","Weekday","FY2020","FQ1 2020"
20190909,2019-09-09 00:00:00.000,2019,-4,True,3,"Q3",9,"September",37,"W37 2019",201937,-191,True,0,"Monday","M","Weekday","FY2020","FQ1 2020"
20190910,2019-09-10 00:00:00.000,2019,-4,True,3,"Q3",9,"September",37,"W37 2019",201937,-191,True,1,"Tuesday","T​","Weekday","FY2020","FQ1 2020"
20190911,2019-09-11 00:00:00.000,2019,-4,True,3,"Q3",9,"September",37,"W37 2019",201937,-191,True,2,"Wednesday","W​​","Weekday","FY2020","FQ1 2020"
20190912,2019-09-12 00:00:00.000,2019,-4,True,3,"Q3",9,"September",37,"W37 2019",201937,-191,True,3,"Thursday","T​​​","Weekday","FY2020","FQ1 2020"
20190913,2019-09-13 00:00:00.000,2019,-4,True,3,"Q3",9,"September",37,"W37 2019",201937,-191,True,4,"Friday","F​​​​","Weekday","FY2020","FQ1 2020"
20190916,2019-09-16 00:00:00.000,2019,-4,True,3,"Q3",9,"September",38,"W38 2019",201938,-190,True,0,"Monday","M","Weekday","FY2020","FQ1 2020"
20190917,2019-09-17 00:00:00.000,2019,-4,True,3,"Q3",9,"September",38,"W38 2019",201938,-190,True,1,"Tuesday","T​","Weekday","FY2020","FQ1 2020"
20190918,2019-09-18 00:00:00.000,2019,-4,True,3,"Q3",9,"September",38,"W38 2019",201938,-190,True,2,"Wednesday","W​​","Weekday","FY2020","FQ1 2020"
20190919,2019-09-19 00:00:00.000,2019,-4,True,3,"Q3",9,"September",38,"W38 2019",201938,-190,True,3,"Thursday","T​​​","Weekday","FY2020","FQ1 2020"
20190920,2019-09-20 00:00:00.000,2019,-4,True,3,"Q3",9,"September",38,"W38 2019",201938,-190,True,4,"Friday","F​​​​","Weekday","FY2020","FQ1 2020"
20190923,2019-09-23 00:00:00.000,2019,-4,True,3,"Q3",9,"September",39,"W39 2019",201939,-189,True,0,"Monday","M","Weekday","FY2020","FQ1 2020"
20190924,2019-09-24 00:00:00.000,2019,-4,True,3,"Q3",9,"September",39,"W39 2019",201939,-189,True,1,"Tuesday","T​","Weekday","FY2020","FQ1 2020"
20190925,2019-09-25 00:00:00.000,2019,-4,True,3,"Q3",9,"September",39,"W39 2019",201939,-189,True,2,"Wednesday","W​​","Weekday","FY2020","FQ1 2020"
20190926,2019-09-26 00:00:00.000,2019,-4,True,3,"Q3",9,"September",39,"W39 2019",201939,-189,True,3,"Thursday","T​​​","Weekday","FY2020","FQ1 2020"
20190927,2019-09-27 00:00:00.000,2019,-4,True,3,"Q3",9,"September",39,"W39 2019",201939,-189,True,4,"Friday","F​​​​","Weekday","FY2020","FQ1 2020"
20190930,2019-09-30 00:00:00.000,2019,-4,True,3,"Q3",9,"September",40,"W40 2019",201940,-188,True,0,"Monday","M","Weekday","FY2020","FQ1 2020"
20191001,2019-10-01 00:00:00.000,2019,-4,True,4,"Q4",10,"October",40,"W40 2019",201940,-188,True,1,"Tuesday","T​","Weekday","FY2020","FQ2 2020"
20191002,2019-10-02 00:00:00.000,2019,-4,True,4,"Q4",10,"October",40,"W40 2019",201940,-188,True,2,"Wednesday","W​​","Weekday","FY2020","FQ2 2020"
20191003,2019-10-03 00:00:00.000,2019,-4,True,4,"Q4",10,"October",40,"W40 2019",201940,-188,True,3,"Thursday","T​​​","Weekday","FY2020","FQ2 2020"
20191004,2019-10-04 00:00:00.000,2019,-4,True,4,"Q4",10,"October",40,"W40 2019",201940,-188,True,4,"Friday","F​​​​","Weekday","FY2020","FQ2 2020"
20191007,2019-10-07 00:00:00.000,2019,-4,True,4,"Q4",10,"October",41,"W41 2019",201941,-187,True,0,"Monday","M","Weekday","FY2020","FQ2 2020"
20191008,2019-10-08 00:00:00.000,2019,-4,True,4,"Q4",10,"October",41,"W41 2019",201941,-187,True,1,"Tuesday","T​","Weekday","FY2020","FQ2 2020"
20191009,2019-10-09 00:00:00.000,2019,-4,True,4,"Q4",10,"October",41,"W41 2019",201941,-187,True,2,"Wednesday","W​​","Weekday","FY2020","FQ2 2020"
20191010,2019-10-10 00:00:00.000,2019,-4,True,4,"Q4",10,"October",41,"W41 2019",201941,-187,True,3,"Thursday","T​​​","Weekday","FY2020","FQ2 2020"
20191011,2019-10-11 00:00:00.000,2019,-4,True,4,"Q4",10,"October",41,"W41 2019",201941,-187,True,4,"Friday","F​​​​","Weekday","FY2020","FQ2 2020"
20191014,2019-10-14 00:00:00.000,2019,-4,True,4,"Q4",10,"October",42,"W42 2019",201942,-186,True,0,"Monday","M","Weekday","FY2020","FQ2 2020"
20191015,2019-10-15 00:00:00.000,2019,-4,True,4,"Q4",10,"October",42,"W42 2019",201942,-186,True,1,"Tuesday","T​","Weekday","FY2020","FQ2 2020"
20191016,2019-10-16 00:00:00.000,2019,-4,True,4,"Q4",10,"October",42,"W42 2019",201942,-186,True,2,"Wednesday","W​​","Weekday","FY2020","FQ2 2020"
20191017,2019-10-17 00:00:00.000,2019,-4,True,4,"Q4",10,"October",42,"W42 2019",201942,-186,True,3,"Thursday","T​​​","Weekday","FY2020","FQ2 2020"
20191018,2019-10-18 00:00:00.000,2019,-4,True,4,"Q4",10,"October",42,"W42 2019",201942,-186,True,4,"Friday","F​​​​","Weekday","FY2020","FQ2 2020"
20191021,2019-10-21 00:00:00.000,2019,-4,True,4,"Q4",10,"October",43,"W43 2019",201943,-185,True,0,"Monday","M","Weekday","FY2020","FQ2 2020"
20191022,2019-10-22 00:00:00.000,2019,-4,True,4,"Q4",10,"October",43,"W43 2019",201943,-185,True,1,"Tuesday","T​","Weekday","FY2020","FQ2 2020"
20191023,2019-10-23 00:00:00.000,2019,-4,True,4,"Q4",10,"October",43,"W43 2019",201943,-185,True,2,"Wednesday","W​​","Weekday","FY2020","FQ2 2020"
20191024,2019-10-24 00:00:00.000,2019,-4,True,4,"Q4",10,"October",43,"W43 2019",201943,-185,True,3,"Thursday","T​​​","Weekday","FY2020","FQ2 2020"
20191025,2019-10-25 00:00:00.000,2019,-4,True,4,"Q4",10,"October",43,"W43 2019",201943,-185,True,4,"Friday","F​​​​","Weekday","FY2020","FQ2 2020"
20191028,2019-10-28 00:00:00.000,2019,-4,True,4,"Q4",10,"October",44,"W44 2019",201944,-184,True,0,"Monday","M","Weekday","FY2020","FQ2 2020"
20191029,2019-10-29 00:00:00.000,2019,-4,True,4,"Q4",10,"October",44,"W44 2019",201944,-184,True,1,"Tuesday","T​","Weekday","FY2020","FQ2 2020"
20191030,2019-10-30 00:00:00.000,2019,-4,True,4,"Q4",10,"October",44,"W44 2019",201944,-184,True,2,"Wednesday","W​​","Weekday","FY2020","FQ2 2020"
20191031,2019-10-31 00:00:00.000,2019,-4,True,4,"Q4",10,"October",44,"W44 2019",201944,-184,True,3,"Thursday","T​​​","Weekday","FY2020","FQ2 2020"
20191101,2019-11-01 00:00:00.000,2019,-4,True,4,"Q4",11,"November",44,"W44 2019",201944,-184,True,4,"Friday","F​​​​","Weekday","FY2020","FQ2 2020"
20191104,2019-11-04 00:00:00.000,2019,-4,True,4,"Q4",11,"November",45,"W45 2019",201945,-183,True,0,"Monday","M","Weekday","FY2020","FQ2 2020"
20191105,2019-11-05 00:00:00.000,2019,-4,True,4,"Q4",11,"November",45,"W45 2019",201945,-183,True,1,"Tuesday","T​","Weekday","FY2020","FQ2 2020"
20191106,2019-11-06 00:00:00.000,2019,-4,True,4,"Q4",11,"November",45,"W45 2019",201945,-183,True,2,"Wednesday","W​​","Weekday","FY2020","FQ2 2020"
20191107,2019-11-07 00:00:00.000,2019,-4,True,4,"Q4",11,"November",45,"W45 2019",201945,-183,True,3,"Thursday","T​​​","Weekday","FY2020","FQ2 2020"
20191108,2019-11-08 00:00:00.000,2019,-4,True,4,"Q4",11,"November",45,"W45 2019",201945,-183,True,4,"Friday","F​​​​","Weekday","FY2020","FQ2 2020"
20191111,2019-11-11 00:00:00.000,2019,-4,True,4,"Q4",11,"November",46,"W46 2019",201946,-182,True,0,"Monday","M","Weekday","FY2020","FQ2 2020"
20191112,2019-11-12 00:00:00.000,2019,-4,True,4,"Q4",11,"November",46,"W46 2019",201946,-182,True,1,"Tuesday","T​","Weekday","FY2020","FQ2 2020"
20191113,2019-11-13 00:00:00.000,2019,-4,True,4,"Q4",11,"November",46,"W46 2019",201946,-182,True,2,"Wednesday","W​​","Weekday","FY2020","FQ2 2020"
20191114,2019-11-14 00:00:00.000,2019,-4,True,4,"Q4",11,"November",46,"W46 2019",201946,-182,True,3,"Thursday","T​​​","Weekday","FY2020","FQ2 2020"
20191115,2019-11-15 00:00:00.000,2019,-4,True,4,"Q4",11,"November",46,"W46 2019",201946,-182,True,4,"Friday","F​​​​","Weekday","FY2020","FQ2 2020"
20191118,2019-11-18 00:00:00.000,2019,-4,True,4,"Q4",11,"November",47,"W47 2019",201947,-181,True,0,"Monday","M","Weekday","FY2020","FQ2 2020"
20191119,2019-11-19 00:00:00.000,2019,-4,True,4,"Q4",11,"November",47,"W47 2019",201947,-181,True,1,"Tuesday","T​","Weekday","FY2020","FQ2 2020"
20191120,2019-11-20 00:00:00.000,2019,-4,True,4,"Q4",11,"November",47,"W47 2019",201947,-181,True,2,"Wednesday","W​​","Weekday","FY2020","FQ2 2020"
20191121,2019-11-21 00:00:00.000,2019,-4,True,4,"Q4",11,"November",47,"W47 2019",201947,-181,True,3,"Thursday","T​​​","Weekday","FY2020","FQ2 2020"
20191122,2019-11-22 00:00:00.000,2019,-4,True,4,"Q4",11,"November",47,"W47 2019",201947,-181,True,4,"Friday","F​​​​","Weekday","FY2020","FQ2 2020"
20191125,2019-11-25 00:00:00.000,2019,-4,True,4,"Q4",11,"November",48,"W48 2019",201948,-180,True,0,"Monday","M","Weekday","FY2020","FQ2 2020"
20191126,2019-11-26 00:00:00.000,2019,-4,True,4,"Q4",11,"November",48,"W48 2019",201948,-180,True,1,"Tuesday","T​","Weekday","FY2020","FQ2 2020"
20191127,2019-11-27 00:00:00.000,2019,-4,True,4,"Q4",11,"November",48,"W48 2019",201948,-180,True,2,"Wednesday","W​​","Weekday","FY2020","FQ2 2020"
20191128,2019-11-28 00:00:00.000,2019,-4,True,4,"Q4",11,"November",48,"W48 2019",201948,-180,True,3,"Thursday","T​​​","Weekday","FY2020","FQ2 2020"
20191129,2019-11-29 00:00:00.000,2019,-4,True,4,"Q4",11,"November",48,"W48 2019",201948,-180,True,4,"Friday","F​​​​","Weekday","FY2020","FQ2 2020"
20191202,2019-12-02 00:00:00.000,2019,-4,True,4,"Q4",12,"December",49,"W49 2019",201949,-179,True,0,"Monday","M","Weekday","FY2020","FQ2 2020"
20191203,2019-12-03 00:00:00.000,2019,-4,True,4,"Q4",12,"December",49,"W49 2019",201949,-179,True,1,"Tuesday","T​","Weekday","FY2020","FQ2 2020"
20191204,2019-12-04 00:00:00.000,2019,-4,True,4,"Q4",12,"December",49,"W49 2019",201949,-179,True,2,"Wednesday","W​​","Weekday","FY2020","FQ2 2020"
20191205,2019-12-05 00:00:00.000,2019,-4,True,4,"Q4",12,"December",49,"W49 2019",201949,-179,True,3,"Thursday","T​​​","Weekday","FY2020","FQ2 2020"
20191206,2019-12-06 00:00:00.000,2019,-4,True,4,"Q4",12,"December",49,"W49 2019",201949,-179,True,4,"Friday","F​​​​","Weekday","FY2020","FQ2 2020"
20191209,2019-12-09 00:00:00.000,2019,-4,True,4,"Q4",12,"December",50,"W50 2019",201950,-178,True,0,"Monday","M","Weekday","FY2020","FQ2 2020"
20191210,2019-12-10 00:00:00.000,2019,-4,True,4,"Q4",12,"December",50,"W50 2019",201950,-178,True,1,"Tuesday","T​","Weekday","FY2020","FQ2 2020"
20191211,2019-12-11 00:00:00.000,2019,-4,True,4,"Q4",12,"December",50,"W50 2019",201950,-178,True,2,"Wednesday","W​​","Weekday","FY2020","FQ2 2020"
20191212,2019-12-12 00:00:00.000,2019,-4,True,4,"Q4",12,"December",50,"W50 2019",201950,-178,True,3,"Thursday","T​​​","Weekday","FY2020","FQ2 2020"
20191213,2019-12-13 00:00:00.000,2019,-4,True,4,"Q4",12,"December",50,"W50 2019",201950,-178,True,4,"Friday","F​​​​","Weekday","FY2020","FQ2 2020"
20191216,2019-12-16 00:00:00.000,2019,-4,True,4,"Q4",12,"December",51,"W51 2019",201951,-177,True,0,"Monday","M","Weekday","FY2020","FQ2 2020"
20191217,2019-12-17 00:00:00.000,2019,-4,True,4,"Q4",12,"December",51,"W51 2019",201951,-177,True,1,"Tuesday","T​","Weekday","FY2020","FQ2 2020"
20191218,2019-12-18 00:00:00.000,2019,-4,True,4,"Q4",12,"December",51,"W51 2019",201951,-177,True,2,"Wednesday","W​​","Weekday","FY2020","FQ2 2020"
20191219,2019-12-19 00:00:00.000,2019,-4,True,4,"Q4",12,"December",51,"W51 2019",201951,-177,True,3,"Thursday","T​​​","Weekday","FY2020","FQ2 2020"
20191220,2019-12-20 00:00:00.000,2019,-4,True,4,"Q4",12,"December",51,"W51 2019",201951,-177,True,4,"Friday","F​​​​","Weekday","FY2020","FQ2 2020"
20191223,2019-12-23 00:00:00.000,2019,-4,True,4,"Q4",12,"December",52,"W52 2019",201952,-176,True,0,"Monday","M","Weekday","FY2020","FQ2 2020"
20191224,2019-12-24 00:00:00.000,2019,-4,True,4,"Q4",12,"December",52,"W52 2019",201952,-176,True,1,"Tuesday","T​","Weekday","FY2020","FQ2 2020"
20191225,2019-12-25 00:00:00.000,2019,-4,True,4,"Q4",12,"December",52,"W52 2019",201952,-176,True,2,"Wednesday","W​​","Weekday","FY2020","FQ2 2020"
20191226,2019-12-26 00:00:00.000,2019,-4,True,4,"Q4",12,"December",52,"W52 2019",201952,-176,True,3,"Thursday","T​​​","Weekday","FY2020","FQ2 2020"
20191227,2019-12-27 00:00:00.000,2019,-4,True,4,"Q4",12,"December",52,"W52 2019",201952,-176,True,4,"Friday","F​​​​","Weekday","FY2020","FQ2 2020"
20191230,2019-12-30 00:00:00.000,2019,-4,True,4,"Q4",12,"December",1,"W01 2020",202001,-175,True,0,"Monday","M","Weekday","FY2020","FQ2 2020"
20191231,2019-12-31 00:00:00.000,2019,-4,True,4,"Q4",12,"December",1,"W01 2020",202001,-175,True,1,"Tuesday","T​","Weekday","FY2020","FQ2 2020"
20200401,2020-04-01 00:00:00.000,2020,-3,True,2,"Q2",4,"April",14,"W14 2020",202014,-162,True,2,"Wednesday","W​​","Weekday","FY2020","FQ4 2020"
20200402,2020-04-02 00:00:00.000,2020,-3,True,2,"Q2",4,"April",14,"W14 2020",202014,-162,True,3,"Thursday","T​​​","Weekday","FY2020","FQ4 2020"
20200403,2020-04-03 00:00:00.000,2020,-3,True,2,"Q2",4,"April",14,"W14 2020",202014,-162,True,4,"Friday","F​​​​","Weekday","FY2020","FQ4 2020"
20200406,2020-04-06 00:00:00.000,2020,-3,True,2,"Q2",4,"April",15,"W15 2020",202015,-161,True,0,"Monday","M","Weekday","FY2020","FQ4 2020"
20200407,2020-04-07 00:00:00.000,2020,-3,True,2,"Q2",4,"April",15,"W15 2020",202015,-161,True,1,"Tuesday","T​","Weekday","FY2020","FQ4 2020"
20200408,2020-04-08 00:00:00.000,2020,-3,True,2,"Q2",4,"April",15,"W15 2020",202015,-161,True,2,"Wednesday","W​​","Weekday","FY2020","FQ4 2020"
20200409,2020-04-09 00:00:00.000,2020,-3,True,2,"Q2",4,"April",15,"W15 2020",202015,-161,True,3,"Thursday","T​​​","Weekday","FY2020","FQ4 2020"
20200410,2020-04-10 00:00:00.000,2020,-3,True,2,"Q2",4,"April",15,"W15 2020",202015,-161,True,4,"Friday","F​​​​","Weekday","FY2020","FQ4 2020"
20200413,2020-04-13 00:00:00.000,2020,-3,True,2,"Q2",4,"April",16,"W16 2020",202016,-160,True,0,"Monday","M","Weekday","FY2020","FQ4 2020"
20200414,2020-04-14 00:00:00.000,2020,-3,True,2,"Q2",4,"April",16,"W16 2020",202016,-160,True,1,"Tuesday","T​","Weekday","FY2020","FQ4 2020"
20200415,2020-04-15 00:00:00.000,2020,-3,True,2,"Q2",4,"April",16,"W16 2020",202016,-160,True,2,"Wednesday","W​​","Weekday","FY2020","FQ4 2020"
20200416,2020-04-16 00:00:00.000,2020,-3,True,2,"Q2",4,"April",16,"W16 2020",202016,-160,True,3,"Thursday","T​​​","Weekday","FY2020","FQ4 2020"
20200417,2020-04-17 00:00:00.000,2020,-3,True,2,"Q2",4,"April",16,"W16 2020",202016,-160,True,4,"Friday","F​​​​","Weekday","FY2020","FQ4 2020"
20200420,2020-04-20 00:00:00.000,2020,-3,True,2,"Q2",4,"April",17,"W17 2020",202017,-159,True,0,"Monday","M","Weekday","FY2020","FQ4 2020"
20200421,2020-04-21 00:00:00.000,2020,-3,True,2,"Q2",4,"April",17,"W17 2020",202017,-159,True,1,"Tuesday","T​","Weekday","FY2020","FQ4 2020"
20200422,2020-04-22 00:00:00.000,2020,-3,True,2,"Q2",4,"April",17,"W17 2020",202017,-159,True,2,"Wednesday","W​​","Weekday","FY2020","FQ4 2020"
20200423,2020-04-23 00:00:00.000,2020,-3,True,2,"Q2",4,"April",17,"W17 2020",202017,-159,True,3,"Thursday","T​​​","Weekday","FY2020","FQ4 2020"
20200424,2020-04-24 00:00:00.000,2020,-3,True,2,"Q2",4,"April",17,"W17 2020",202017,-159,True,4,"Friday","F​​​​","Weekday","FY2020","FQ4 2020"
20200427,2020-04-27 00:00:00.000,2020,-3,True,2,"Q2",4,"April",18,"W18 2020",202018,-158,True,0,"Monday","M","Weekday","FY2020","FQ4 2020"
20200428,2020-04-28 00:00:00.000,2020,-3,True,2,"Q2",4,"April",18,"W18 2020",202018,-158,True,1,"Tuesday","T​","Weekday","FY2020","FQ4 2020"
20200429,2020-04-29 00:00:00.000,2020,-3,True,2,"Q2",4,"April",18,"W18 2020",202018,-158,True,2,"Wednesday","W​​","Weekday","FY2020","FQ4 2020"
20200430,2020-04-30 00:00:00.000,2020,-3,True,2,"Q2",4,"April",18,"W18 2020",202018,-158,True,3,"Thursday","T​​​","Weekday","FY2020","FQ4 2020"
20200501,2020-05-01 00:00:00.000,2020,-3,True,2,"Q2",5,"May",18,"W18 2020",202018,-158,True,4,"Friday","F​​​​","Weekday","FY2020","FQ4 2020"
20200504,2020-05-04 00:00:00.000,2020,-3,True,2,"Q2",5,"May",19,"W19 2020",202019,-157,True,0,"Monday","M","Weekday","FY2020","FQ4 2020"
20200505,2020-05-05 00:00:00.000,2020,-3,True,2,"Q2",5,"May",19,"W19 2020",202019,-157,True,1,"Tuesday","T​","Weekday","FY2020","FQ4 2020"
20200506,2020-05-06 00:00:00.000,2020,-3,True,2,"Q2",5,"May",19,"W19 2020",202019,-157,True,2,"Wednesday","W​​","Weekday","FY2020","FQ4 2020"
20200507,2020-05-07 00:00:00.000,2020,-3,True,2,"Q2",5,"May",19,"W19 2020",202019,-157,True,3,"Thursday","T​​​","Weekday","FY2020","FQ4 2020"
20200508,2020-05-08 00:00:00.000,2020,-3,True,2,"Q2",5,"May",19,"W19 2020",202019,-157,True,4,"Friday","F​​​​","Weekday","FY2020","FQ4 2020"
20200511,2020-05-11 00:00:00.000,2020,-3,True,2,"Q2",5,"May",20,"W20 2020",202020,-156,True,0,"Monday","M","Weekday","FY2020","FQ4 2020"
20200512,2020-05-12 00:00:00.000,2020,-3,True,2,"Q2",5,"May",20,"W20 2020",202020,-156,True,1,"Tuesday","T​","Weekday","FY2020","FQ4 2020"
20200513,2020-05-13 00:00:00.000,2020,-3,True,2,"Q2",5,"May",20,"W20 2020",202020,-156,True,2,"Wednesday","W​​","Weekday","FY2020","FQ4 2020"
20200514,2020-05-14 00:00:00.000,2020,-3,True,2,"Q2",5,"May",20,"W20 2020",202020,-156,True,3,"Thursday","T​​​","Weekday","FY2020","FQ4 2020"
20200515,2020-05-15 00:00:00.000,2020,-3,True,2,"Q2",5,"May",20,"W20 2020",202020,-156,True,4,"Friday","F​​​​","Weekday","FY2020","FQ4 2020"
20200518,2020-05-18 00:00:00.000,2020,-3,True,2,"Q2",5,"May",21,"W21 2020",202021,-155,True,0,"Monday","M","Weekday","FY2020","FQ4 2020"
20200519,2020-05-19 00:00:00.000,2020,-3,True,2,"Q2",5,"May",21,"W21 2020",202021,-155,True,1,"Tuesday","T​","Weekday","FY2020","FQ4 2020"
20200520,2020-05-20 00:00:00.000,2020,-3,True,2,"Q2",5,"May",21,"W21 2020",202021,-155,True,2,"Wednesday","W​​","Weekday","FY2020","FQ4 2020"
20200521,2020-05-21 00:00:00.000,2020,-3,True,2,"Q2",5,"May",21,"W21 2020",202021,-155,True,3,"Thursday","T​​​","Weekday","FY2020","FQ4 2020"
20200522,2020-05-22 00:00:00.000,2020,-3,True,2,"Q2",5,"May",21,"W21 2020",202021,-155,True,4,"Friday","F​​​​","Weekday","FY2020","FQ4 2020"
20200525,2020-05-25 00:00:00.000,2020,-3,True,2,"Q2",5,"May",22,"W22 2020",202022,-154,True,0,"Monday","M","Weekday","FY2020","FQ4 2020"
20200526,2020-05-26 00:00:00.000,2020,-3,True,2,"Q2",5,"May",22,"W22 2020",202022,-154,True,1,"Tuesday","T​","Weekday","FY2020","FQ4 2020"
20200527,2020-05-27 00:00:00.000,2020,-3,True,2,"Q2",5,"May",22,"W22 2020",202022,-154,True,2,"Wednesday","W​​","Weekday","FY2020","FQ4 2020"
20200528,2020-05-28 00:00:00.000,2020,-3,True,2,"Q2",5,"May",22,"W22 2020",202022,-154,True,3,"Thursday","T​​​","Weekday","FY2020","FQ4 2020"
20200529,2020-05-29 00:00:00.000,2020,-3,True,2,"Q2",5,"May",22,"W22 2020",202022,-154,True,4,"Friday","F​​​​","Weekday","FY2020","FQ4 2020"
20200601,2020-06-01 00:00:00.000,2020,-3,True,2,"Q2",6,"June",23,"W23 2020",202023,-153,True,0,"Monday","M","Weekday","FY2020","FQ4 2020"
20200602,2020-06-02 00:00:00.000,2020,-3,True,2,"Q2",6,"June",23,"W23 2020",202023,-153,True,1,"Tuesday","T​","Weekday","FY2020","FQ4 2020"
20200603,2020-06-03 00:00:00.000,2020,-3,True,2,"Q2",6,"June",23,"W23 2020",202023,-153,True,2,"Wednesday","W​​","Weekday","FY2020","FQ4 2020"
20200604,2020-06-04 00:00:00.000,2020,-3,True,2,"Q2",6,"June",23,"W23 2020",202023,-153,True,3,"Thursday","T​​​","Weekday","FY2020","FQ4 2020"
20200605,2020-06-05 00:00:00.000,2020,-3,True,2,"Q2",6,"June",23,"W23 2020",202023,-153,True,4,"Friday","F​​​​","Weekday","FY2020","FQ4 2020"
20200608,2020-06-08 00:00:00.000,2020,-3,True,2,"Q2",6,"June",24,"W24 2020",202024,-152,True,0,"Monday","M","Weekday","FY2020","FQ4 2020"
20200609,2020-06-09 00:00:00.000,2020,-3,True,2,"Q2",6,"June",24,"W24 2020",202024,-152,True,1,"Tuesday","T​","Weekday","FY2020","FQ4 2020"
20200610,2020-06-10 00:00:00.000,2020,-3,True,2,"Q2",6,"June",24,"W24 2020",202024,-152,True,2,"Wednesday","W​​","Weekday","FY2020","FQ4 2020"
20200611,2020-06-11 00:00:00.000,2020,-3,True,2,"Q2",6,"June",24,"W24 2020",202024,-152,True,3,"Thursday","T​​​","Weekday","FY2020","FQ4 2020"
20200612,2020-06-12 00:00:00.000,2020,-3,True,2,"Q2",6,"June",24,"W24 2020",202024,-152,True,4,"Friday","F​​​​","Weekday","FY2020","FQ4 2020"
20200615,2020-06-15 00:00:00.000,2020,-3,True,2,"Q2",6,"June",25,"W25 2020",202025,-151,True,0,"Monday","M","Weekday","FY2020","FQ4 2020"
20200616,2020-06-16 00:00:00.000,2020,-3,True,2,"Q2",6,"June",25,"W25 2020",202025,-151,True,1,"Tuesday","T​","Weekday","FY2020","FQ4 2020"
20200617,2020-06-17 00:00:00.000,2020,-3,True,2,"Q2",6,"June",25,"W25 2020",202025,-151,True,2,"Wednesday","W​​","Weekday","FY2020","FQ4 2020"
20200618,2020-06-18 00:00:00.000,2020,-3,True,2,"Q2",6,"June",25,"W25 2020",202025,-151,True,3,"Thursday","T​​​","Weekday","FY2020","FQ4 2020"
20200619,2020-06-19 00:00:00.000,2020,-3,True,2,"Q2",6,"June",25,"W25 2020",202025,-151,True,4,"Friday","F​​​​","Weekday","FY2020","FQ4 2020"
20200622,2020-06-22 00:00:00.000,2020,-3,True,2,"Q2",6,"June",26,"W26 2020",202026,-150,True,0,"Monday","M","Weekday","FY2020","FQ4 2020"
20200623,2020-06-23 00:00:00.000,2020,-3,True,2,"Q2",6,"June",26,"W26 2020",202026,-150,True,1,"Tuesday","T​","Weekday","FY2020","FQ4 2020"
20200624,2020-06-24 00:00:00.000,2020,-3,True,2,"Q2",6,"June",26,"W26 2020",202026,-150,True,2,"Wednesday","W​​","Weekday","FY2020","FQ4 2020"
20200625,2020-06-25 00:00:00.000,2020,-3,True,2,"Q2",6,"June",26,"W26 2020",202026,-150,True,3,"Thursday","T​​​","Weekday","FY2020","FQ4 2020"
20200626,2020-06-26 00:00:00.000,2020,-3,True,2,"Q2",6,"June",26,"W26 2020",202026,-150,True,4,"Friday","F​​​​","Weekday","FY2020","FQ4 2020"
20200629,2020-06-29 00:00:00.000,2020,-3,True,2,"Q2",6,"June",27,"W27 2020",202027,-149,True,0,"Monday","M","Weekday","FY2020","FQ4 2020"
20200630,2020-06-30 00:00:00.000,2020,-3,True,2,"Q2",6,"June",27,"W27 2020",202027,-149,True,1,"Tuesday","T​","Weekday","FY2020","FQ4 2020"
20200101,2020-01-01 00:00:00.000,2020,-3,True,1,"Q1",1,"January",1,"W01 2020",202001,-175,True,2,"Wednesday","W​​","Weekday","FY2020","FQ3 2020"
20200102,2020-01-02 00:00:00.000,2020,-3,True,1,"Q1",1,"January",1,"W01 2020",202001,-175,True,3,"Thursday","T​​​","Weekday","FY2020","FQ3 2020"
20200103,2020-01-03 00:00:00.000,2020,-3,True,1,"Q1",1,"January",1,"W01 2020",202001,-175,True,4,"Friday","F​​​​","Weekday","FY2020","FQ3 2020"
20200106,2020-01-06 00:00:00.000,2020,-3,True,1,"Q1",1,"January",2,"W02 2020",202002,-174,True,0,"Monday","M","Weekday","FY2020","FQ3 2020"
20200107,2020-01-07 00:00:00.000,2020,-3,True,1,"Q1",1,"January",2,"W02 2020",202002,-174,True,1,"Tuesday","T​","Weekday","FY2020","FQ3 2020"
20200108,2020-01-08 00:00:00.000,2020,-3,True,1,"Q1",1,"January",2,"W02 2020",202002,-174,True,2,"Wednesday","W​​","Weekday","FY2020","FQ3 2020"
20200109,2020-01-09 00:00:00.000,2020,-3,True,1,"Q1",1,"January",2,"W02 2020",202002,-174,True,3,"Thursday","T​​​","Weekday","FY2020","FQ3 2020"
20200110,2020-01-10 00:00:00.000,2020,-3,True,1,"Q1",1,"January",2,"W02 2020",202002,-174,True,4,"Friday","F​​​​","Weekday","FY2020","FQ3 2020"
20200113,2020-01-13 00:00:00.000,2020,-3,True,1,"Q1",1,"January",3,"W03 2020",202003,-173,True,0,"Monday","M","Weekday","FY2020","FQ3 2020"
20200114,2020-01-14 00:00:00.000,2020,-3,True,1,"Q1",1,"January",3,"W03 2020",202003,-173,True,1,"Tuesday","T​","Weekday","FY2020","FQ3 2020"
20200115,2020-01-15 00:00:00.000,2020,-3,True,1,"Q1",1,"January",3,"W03 2020",202003,-173,True,2,"Wednesday","W​​","Weekday","FY2020","FQ3 2020"
20200116,2020-01-16 00:00:00.000,2020,-3,True,1,"Q1",1,"January",3,"W03 2020",202003,-173,True,3,"Thursday","T​​​","Weekday","FY2020","FQ3 2020"
20200117,2020-01-17 00:00:00.000,2020,-3,True,1,"Q1",1,"January",3,"W03 2020",202003,-173,True,4,"Friday","F​​​​","Weekday","FY2020","FQ3 2020"
20200120,2020-01-20 00:00:00.000,2020,-3,True,1,"Q1",1,"January",4,"W04 2020",202004,-172,True,0,"Monday","M","Weekday","FY2020","FQ3 2020"
20200121,2020-01-21 00:00:00.000,2020,-3,True,1,"Q1",1,"January",4,"W04 2020",202004,-172,True,1,"Tuesday","T​","Weekday","FY2020","FQ3 2020"
20200122,2020-01-22 00:00:00.000,2020,-3,True,1,"Q1",1,"January",4,"W04 2020",202004,-172,True,2,"Wednesday","W​​","Weekday","FY2020","FQ3 2020"
20200123,2020-01-23 00:00:00.000,2020,-3,True,1,"Q1",1,"January",4,"W04 2020",202004,-172,True,3,"Thursday","T​​​","Weekday","FY2020","FQ3 2020"
20200124,2020-01-24 00:00:00.000,2020,-3,True,1,"Q1",1,"January",4,"W04 2020",202004,-172,True,4,"Friday","F​​​​","Weekday","FY2020","FQ3 2020"
20200127,2020-01-27 00:00:00.000,2020,-3,True,1,"Q1",1,"January",5,"W05 2020",202005,-171,True,0,"Monday","M","Weekday","FY2020","FQ3 2020"
20200128,2020-01-28 00:00:00.000,2020,-3,True,1,"Q1",1,"January",5,"W05 2020",202005,-171,True,1,"Tuesday","T​","Weekday","FY2020","FQ3 2020"
20200129,2020-01-29 00:00:00.000,2020,-3,True,1,"Q1",1,"January",5,"W05 2020",202005,-171,True,2,"Wednesday","W​​","Weekday","FY2020","FQ3 2020"
20200130,2020-01-30 00:00:00.000,2020,-3,True,1,"Q1",1,"January",5,"W05 2020",202005,-171,True,3,"Thursday","T​​​","Weekday","FY2020","FQ3 2020"
20200131,2020-01-31 00:00:00.000,2020,-3,True,1,"Q1",1,"January",5,"W05 2020",202005,-171,True,4,"Friday","F​​​​","Weekday","FY2020","FQ3 2020"
20200203,2020-02-03 00:00:00.000,2020,-3,True,1,"Q1",2,"February",6,"W06 2020",202006,-170,True,0,"Monday","M","Weekday","FY2020","FQ3 2020"
20200204,2020-02-04 00:00:00.000,2020,-3,True,1,"Q1",2,"February",6,"W06 2020",202006,-170,True,1,"Tuesday","T​","Weekday","FY2020","FQ3 2020"
20200205,2020-02-05 00:00:00.000,2020,-3,True,1,"Q1",2,"February",6,"W06 2020",202006,-170,True,2,"Wednesday","W​​","Weekday","FY2020","FQ3 2020"
20200206,2020-02-06 00:00:00.000,2020,-3,True,1,"Q1",2,"February",6,"W06 2020",202006,-170,True,3,"Thursday","T​​​","Weekday","FY2020","FQ3 2020"
20200207,2020-02-07 00:00:00.000,2020,-3,True,1,"Q1",2,"February",6,"W06 2020",202006,-170,True,4,"Friday","F​​​​","Weekday","FY2020","FQ3 2020"
20200210,2020-02-10 00:00:00.000,2020,-3,True,1,"Q1",2,"February",7,"W07 2020",202007,-169,True,0,"Monday","M","Weekday","FY2020","FQ3 2020"
20200211,2020-02-11 00:00:00.000,2020,-3,True,1,"Q1",2,"February",7,"W07 2020",202007,-169,True,1,"Tuesday","T​","Weekday","FY2020","FQ3 2020"
20200212,2020-02-12 00:00:00.000,2020,-3,True,1,"Q1",2,"February",7,"W07 2020",202007,-169,True,2,"Wednesday","W​​","Weekday","FY2020","FQ3 2020"
20200213,2020-02-13 00:00:00.000,2020,-3,True,1,"Q1",2,"February",7,"W07 2020",202007,-169,True,3,"Thursday","T​​​","Weekday","FY2020","FQ3 2020"
20200214,2020-02-14 00:00:00.000,2020,-3,True,1,"Q1",2,"February",7,"W07 2020",202007,-169,True,4,"Friday","F​​​​","Weekday","FY2020","FQ3 2020"
20200217,2020-02-17 00:00:00.000,2020,-3,True,1,"Q1",2,"February",8,"W08 2020",202008,-168,True,0,"Monday","M","Weekday","FY2020","FQ3 2020"
20200218,2020-02-18 00:00:00.000,2020,-3,True,1,"Q1",2,"February",8,"W08 2020",202008,-168,True,1,"Tuesday","T​","Weekday","FY2020","FQ3 2020"
20200219,2020-02-19 00:00:00.000,2020,-3,True,1,"Q1",2,"February",8,"W08 2020",202008,-168,True,2,"Wednesday","W​​","Weekday","FY2020","FQ3 2020"
20200220,2020-02-20 00:00:00.000,2020,-3,True,1,"Q1",2,"February",8,"W08 2020",202008,-168,True,3,"Thursday","T​​​","Weekday","FY2020","FQ3 2020"
20200221,2020-02-21 00:00:00.000,2020,-3,True,1,"Q1",2,"February",8,"W08 2020",202008,-168,True,4,"Friday","F​​​​","Weekday","FY2020","FQ3 2020"
20200224,2020-02-24 00:00:00.000,2020,-3,True,1,"Q1",2,"February",9,"W09 2020",202009,-167,True,0,"Monday","M","Weekday","FY2020","FQ3 2020"
20200225,2020-02-25 00:00:00.000,2020,-3,True,1,"Q1",2,"February",9,"W09 2020",202009,-167,True,1,"Tuesday","T​","Weekday","FY2020","FQ3 2020"
20200226,2020-02-26 00:00:00.000,2020,-3,True,1,"Q1",2,"February",9,"W09 2020",202009,-167,True,2,"Wednesday","W​​","Weekday","FY2020","FQ3 2020"
20200227,2020-02-27 00:00:00.000,2020,-3,True,1,"Q1",2,"February",9,"W09 2020",202009,-167,True,3,"Thursday","T​​​","Weekday","FY2020","FQ3 2020"
20200228,2020-02-28 00:00:00.000,2020,-3,True,1,"Q1",2,"February",9,"W09 2020",202009,-167,True,4,"Friday","F​​​​","Weekday","FY2020","FQ3 2020"
20200302,2020-03-02 00:00:00.000,2020,-3,True,1,"Q1",3,"March",10,"W10 2020",202010,-166,True,0,"Monday","M","Weekday","FY2020","FQ3 2020"
20200303,2020-03-03 00:00:00.000,2020,-3,True,1,"Q1",3,"March",10,"W10 2020",202010,-166,True,1,"Tuesday","T​","Weekday","FY2020","FQ3 2020"
20200304,2020-03-04 00:00:00.000,2020,-3,True,1,"Q1",3,"March",10,"W10 2020",202010,-166,True,2,"Wednesday","W​​","Weekday","FY2020","FQ3 2020"
20200305,2020-03-05 00:00:00.000,2020,-3,True,1,"Q1",3,"March",10,"W10 2020",202010,-166,True,3,"Thursday","T​​​","Weekday","FY2020","FQ3 2020"
20200306,2020-03-06 00:00:00.000,2020,-3,True,1,"Q1",3,"March",10,"W10 2020",202010,-166,True,4,"Friday","F​​​​","Weekday","FY2020","FQ3 2020"
20200309,2020-03-09 00:00:00.000,2020,-3,True,1,"Q1",3,"March",11,"W11 2020",202011,-165,True,0,"Monday","M","Weekday","FY2020","FQ3 2020"
20200310,2020-03-10 00:00:00.000,2020,-3,True,1,"Q1",3,"March",11,"W11 2020",202011,-165,True,1,"Tuesday","T​","Weekday","FY2020","FQ3 2020"
20200311,2020-03-11 00:00:00.000,2020,-3,True,1,"Q1",3,"March",11,"W11 2020",202011,-165,True,2,"Wednesday","W​​","Weekday","FY2020","FQ3 2020"
20200312,2020-03-12 00:00:00.000,2020,-3,True,1,"Q1",3,"March",11,"W11 2020",202011,-165,True,3,"Thursday","T​​​","Weekday","FY2020","FQ3 2020"
20200313,2020-03-13 00:00:00.000,2020,-3,True,1,"Q1",3,"March",11,"W11 2020",202011,-165,True,4,"Friday","F​​​​","Weekday","FY2020","FQ3 2020"
20200316,2020-03-16 00:00:00.000,2020,-3,True,1,"Q1",3,"March",12,"W12 2020",202012,-164,True,0,"Monday","M","Weekday","FY2020","FQ3 2020"
20200317,2020-03-17 00:00:00.000,2020,-3,True,1,"Q1",3,"March",12,"W12 2020",202012,-164,True,1,"Tuesday","T​","Weekday","FY2020","FQ3 2020"
20200318,2020-03-18 00:00:00.000,2020,-3,True,1,"Q1",3,"March",12,"W12 2020",202012,-164,True,2,"Wednesday","W​​","Weekday","FY2020","FQ3 2020"
20200319,2020-03-19 00:00:00.000,2020,-3,True,1,"Q1",3,"March",12,"W12 2020",202012,-164,True,3,"Thursday","T​​​","Weekday","FY2020","FQ3 2020"
20200320,2020-03-20 00:00:00.000,2020,-3,True,1,"Q1",3,"March",12,"W12 2020",202012,-164,True,4,"Friday","F​​​​","Weekday","FY2020","FQ3 2020"
20200323,2020-03-23 00:00:00.000,2020,-3,True,1,"Q1",3,"March",13,"W13 2020",202013,-163,True,0,"Monday","M","Weekday","FY2020","FQ3 2020"
20200324,2020-03-24 00:00:00.000,2020,-3,True,1,"Q1",3,"March",13,"W13 2020",202013,-163,True,1,"Tuesday","T​","Weekday","FY2020","FQ3 2020"
20200325,2020-03-25 00:00:00.000,2020,-3,True,1,"Q1",3,"March",13,"W13 2020",202013,-163,True,2,"Wednesday","W​​","Weekday","FY2020","FQ3 2020"
20200326,2020-03-26 00:00:00.000,2020,-3,True,1,"Q1",3,"March",13,"W13 2020",202013,-163,True,3,"Thursday","T​​​","Weekday","FY2020","FQ3 2020"
20200327,2020-03-27 00:00:00.000,2020,-3,True,1,"Q1",3,"March",13,"W13 2020",202013,-163,True,4,"Friday","F​​​​","Weekday","FY2020","FQ3 2020"
20200330,2020-03-30 00:00:00.000,2020,-3,True,1,"Q1",3,"March",14,"W14 2020",202014,-162,True,0,"Monday","M","Weekday","FY2020","FQ3 2020"
20200331,2020-03-31 00:00:00.000,2020,-3,True,1,"Q1",3,"March",14,"W14 2020",202014,-162,True,1,"Tuesday","T​","Weekday","FY2020","FQ3 2020"
20210101,2021-01-01 00:00:00.000,2021,-2,True,1,"Q1",1,"January",53,"W53 2020",202053,-123,True,4,"Friday","F​​​​","Weekday","FY2021","FQ3 2021"
20210104,2021-01-04 00:00:00.000,2021,-2,True,1,"Q1",1,"January",1,"W01 2021",202101,-122,True,0,"Monday","M","Weekday","FY2021","FQ3 2021"
20210105,2021-01-05 00:00:00.000,2021,-2,True,1,"Q1",1,"January",1,"W01 2021",202101,-122,True,1,"Tuesday","T​","Weekday","FY2021","FQ3 2021"
20210106,2021-01-06 00:00:00.000,2021,-2,True,1,"Q1",1,"January",1,"W01 2021",202101,-122,True,2,"Wednesday","W​​","Weekday","FY2021","FQ3 2021"
20210107,2021-01-07 00:00:00.000,2021,-2,True,1,"Q1",1,"January",1,"W01 2021",202101,-122,True,3,"Thursday","T​​​","Weekday","FY2021","FQ3 2021"
20210108,2021-01-08 00:00:00.000,2021,-2,True,1,"Q1",1,"January",1,"W01 2021",202101,-122,True,4,"Friday","F​​​​","Weekday","FY2021","FQ3 2021"
20210111,2021-01-11 00:00:00.000,2021,-2,True,1,"Q1",1,"January",2,"W02 2021",202102,-121,True,0,"Monday","M","Weekday","FY2021","FQ3 2021"
20210112,2021-01-12 00:00:00.000,2021,-2,True,1,"Q1",1,"January",2,"W02 2021",202102,-121,True,1,"Tuesday","T​","Weekday","FY2021","FQ3 2021"
20210113,2021-01-13 00:00:00.000,2021,-2,True,1,"Q1",1,"January",2,"W02 2021",202102,-121,True,2,"Wednesday","W​​","Weekday","FY2021","FQ3 2021"
20210114,2021-01-14 00:00:00.000,2021,-2,True,1,"Q1",1,"January",2,"W02 2021",202102,-121,True,3,"Thursday","T​​​","Weekday","FY2021","FQ3 2021"
20210115,2021-01-15 00:00:00.000,2021,-2,True,1,"Q1",1,"January",2,"W02 2021",202102,-121,True,4,"Friday","F​​​​","Weekday","FY2021","FQ3 2021"
20210118,2021-01-18 00:00:00.000,2021,-2,True,1,"Q1",1,"January",3,"W03 2021",202103,-120,True,0,"Monday","M","Weekday","FY2021","FQ3 2021"
20210119,2021-01-19 00:00:00.000,2021,-2,True,1,"Q1",1,"January",3,"W03 2021",202103,-120,True,1,"Tuesday","T​","Weekday","FY2021","FQ3 2021"
20210120,2021-01-20 00:00:00.000,2021,-2,True,1,"Q1",1,"January",3,"W03 2021",202103,-120,True,2,"Wednesday","W​​","Weekday","FY2021","FQ3 2021"
20210121,2021-01-21 00:00:00.000,2021,-2,True,1,"Q1",1,"January",3,"W03 2021",202103,-120,True,3,"Thursday","T​​​","Weekday","FY2021","FQ3 2021"
20210122,2021-01-22 00:00:00.000,2021,-2,True,1,"Q1",1,"January",3,"W03 2021",202103,-120,True,4,"Friday","F​​​​","Weekday","FY2021","FQ3 2021"
20210125,2021-01-25 00:00:00.000,2021,-2,True,1,"Q1",1,"January",4,"W04 2021",202104,-119,True,0,"Monday","M","Weekday","FY2021","FQ3 2021"
20210126,2021-01-26 00:00:00.000,2021,-2,True,1,"Q1",1,"January",4,"W04 2021",202104,-119,True,1,"Tuesday","T​","Weekday","FY2021","FQ3 2021"
20210127,2021-01-27 00:00:00.000,2021,-2,True,1,"Q1",1,"January",4,"W04 2021",202104,-119,True,2,"Wednesday","W​​","Weekday","FY2021","FQ3 2021"
20210128,2021-01-28 00:00:00.000,2021,-2,True,1,"Q1",1,"January",4,"W04 2021",202104,-119,True,3,"Thursday","T​​​","Weekday","FY2021","FQ3 2021"
20210129,2021-01-29 00:00:00.000,2021,-2,True,1,"Q1",1,"January",4,"W04 2021",202104,-119,True,4,"Friday","F​​​​","Weekday","FY2021","FQ3 2021"
20210201,2021-02-01 00:00:00.000,2021,-2,True,1,"Q1",2,"February",5,"W05 2021",202105,-118,True,0,"Monday","M","Weekday","FY2021","FQ3 2021"
20210202,2021-02-02 00:00:00.000,2021,-2,True,1,"Q1",2,"February",5,"W05 2021",202105,-118,True,1,"Tuesday","T​","Weekday","FY2021","FQ3 2021"
20210203,2021-02-03 00:00:00.000,2021,-2,True,1,"Q1",2,"February",5,"W05 2021",202105,-118,True,2,"Wednesday","W​​","Weekday","FY2021","FQ3 2021"
20210204,2021-02-04 00:00:00.000,2021,-2,True,1,"Q1",2,"February",5,"W05 2021",202105,-118,True,3,"Thursday","T​​​","Weekday","FY2021","FQ3 2021"
20210205,2021-02-05 00:00:00.000,2021,-2,True,1,"Q1",2,"February",5,"W05 2021",202105,-118,True,4,"Friday","F​​​​","Weekday","FY2021","FQ3 2021"
20210208,2021-02-08 00:00:00.000,2021,-2,True,1,"Q1",2,"February",6,"W06 2021",202106,-117,True,0,"Monday","M","Weekday","FY2021","FQ3 2021"
20210209,2021-02-09 00:00:00.000,2021,-2,True,1,"Q1",2,"February",6,"W06 2021",202106,-117,True,1,"Tuesday","T​","Weekday","FY2021","FQ3 2021"
20210210,2021-02-10 00:00:00.000,2021,-2,True,1,"Q1",2,"February",6,"W06 2021",202106,-117,True,2,"Wednesday","W​​","Weekday","FY2021","FQ3 2021"
20210211,2021-02-11 00:00:00.000,2021,-2,True,1,"Q1",2,"February",6,"W06 2021",202106,-117,True,3,"Thursday","T​​​","Weekday","FY2021","FQ3 2021"
20210212,2021-02-12 00:00:00.000,2021,-2,True,1,"Q1",2,"February",6,"W06 2021",202106,-117,True,4,"Friday","F​​​​","Weekday","FY2021","FQ3 2021"
20210215,2021-02-15 00:00:00.000,2021,-2,True,1,"Q1",2,"February",7,"W07 2021",202107,-116,True,0,"Monday","M","Weekday","FY2021","FQ3 2021"
20210216,2021-02-16 00:00:00.000,2021,-2,True,1,"Q1",2,"February",7,"W07 2021",202107,-116,True,1,"Tuesday","T​","Weekday","FY2021","FQ3 2021"
20210217,2021-02-17 00:00:00.000,2021,-2,True,1,"Q1",2,"February",7,"W07 2021",202107,-116,True,2,"Wednesday","W​​","Weekday","FY2021","FQ3 2021"
20210218,2021-02-18 00:00:00.000,2021,-2,True,1,"Q1",2,"February",7,"W07 2021",202107,-116,True,3,"Thursday","T​​​","Weekday","FY2021","FQ3 2021"
20210219,2021-02-19 00:00:00.000,2021,-2,True,1,"Q1",2,"February",7,"W07 2021",202107,-116,True,4,"Friday","F​​​​","Weekday","FY2021","FQ3 2021"
20210222,2021-02-22 00:00:00.000,2021,-2,True,1,"Q1",2,"February",8,"W08 2021",202108,-115,True,0,"Monday","M","Weekday","FY2021","FQ3 2021"
20210223,2021-02-23 00:00:00.000,2021,-2,True,1,"Q1",2,"February",8,"W08 2021",202108,-115,True,1,"Tuesday","T​","Weekday","FY2021","FQ3 2021"
20210224,2021-02-24 00:00:00.000,2021,-2,True,1,"Q1",2,"February",8,"W08 2021",202108,-115,True,2,"Wednesday","W​​","Weekday","FY2021","FQ3 2021"
20210225,2021-02-25 00:00:00.000,2021,-2,True,1,"Q1",2,"February",8,"W08 2021",202108,-115,True,3,"Thursday","T​​​","Weekday","FY2021","FQ3 2021"
20210226,2021-02-26 00:00:00.000,2021,-2,True,1,"Q1",2,"February",8,"W08 2021",202108,-115,True,4,"Friday","F​​​​","Weekday","FY2021","FQ3 2021"
20210301,2021-03-01 00:00:00.000,2021,-2,True,1,"Q1",3,"March",9,"W09 2021",202109,-114,True,0,"Monday","M","Weekday","FY2021","FQ3 2021"
20210302,2021-03-02 00:00:00.000,2021,-2,True,1,"Q1",3,"March",9,"W09 2021",202109,-114,True,1,"Tuesday","T​","Weekday","FY2021","FQ3 2021"
20210303,2021-03-03 00:00:00.000,2021,-2,True,1,"Q1",3,"March",9,"W09 2021",202109,-114,True,2,"Wednesday","W​​","Weekday","FY2021","FQ3 2021"
20210304,2021-03-04 00:00:00.000,2021,-2,True,1,"Q1",3,"March",9,"W09 2021",202109,-114,True,3,"Thursday","T​​​","Weekday","FY2021","FQ3 2021"
20210305,2021-03-05 00:00:00.000,2021,-2,True,1,"Q1",3,"March",9,"W09 2021",202109,-114,True,4,"Friday","F​​​​","Weekday","FY2021","FQ3 2021"
20210308,2021-03-08 00:00:00.000,2021,-2,True,1,"Q1",3,"March",10,"W10 2021",202110,-113,True,0,"Monday","M","Weekday","FY2021","FQ3 2021"
20210309,2021-03-09 00:00:00.000,2021,-2,True,1,"Q1",3,"March",10,"W10 2021",202110,-113,True,1,"Tuesday","T​","Weekday","FY2021","FQ3 2021"
20210310,2021-03-10 00:00:00.000,2021,-2,True,1,"Q1",3,"March",10,"W10 2021",202110,-113,True,2,"Wednesday","W​​","Weekday","FY2021","FQ3 2021"
20210311,2021-03-11 00:00:00.000,2021,-2,True,1,"Q1",3,"March",10,"W10 2021",202110,-113,True,3,"Thursday","T​​​","Weekday","FY2021","FQ3 2021"
20210312,2021-03-12 00:00:00.000,2021,-2,True,1,"Q1",3,"March",10,"W10 2021",202110,-113,True,4,"Friday","F​​​​","Weekday","FY2021","FQ3 2021"
20210315,2021-03-15 00:00:00.000,2021,-2,True,1,"Q1",3,"March",11,"W11 2021",202111,-112,True,0,"Monday","M","Weekday","FY2021","FQ3 2021"
20210316,2021-03-16 00:00:00.000,2021,-2,True,1,"Q1",3,"March",11,"W11 2021",202111,-112,True,1,"Tuesday","T​","Weekday","FY2021","FQ3 2021"
20210317,2021-03-17 00:00:00.000,2021,-2,True,1,"Q1",3,"March",11,"W11 2021",202111,-112,True,2,"Wednesday","W​​","Weekday","FY2021","FQ3 2021"
20210318,2021-03-18 00:00:00.000,2021,-2,True,1,"Q1",3,"March",11,"W11 2021",202111,-112,True,3,"Thursday","T​​​","Weekday","FY2021","FQ3 2021"
20210319,2021-03-19 00:00:00.000,2021,-2,True,1,"Q1",3,"March",11,"W11 2021",202111,-112,True,4,"Friday","F​​​​","Weekday","FY2021","FQ3 2021"
20210322,2021-03-22 00:00:00.000,2021,-2,True,1,"Q1",3,"March",12,"W12 2021",202112,-111,True,0,"Monday","M","Weekday","FY2021","FQ3 2021"
20210323,2021-03-23 00:00:00.000,2021,-2,True,1,"Q1",3,"March",12,"W12 2021",202112,-111,True,1,"Tuesday","T​","Weekday","FY2021","FQ3 2021"
20210324,2021-03-24 00:00:00.000,2021,-2,True,1,"Q1",3,"March",12,"W12 2021",202112,-111,True,2,"Wednesday","W​​","Weekday","FY2021","FQ3 2021"
20210325,2021-03-25 00:00:00.000,2021,-2,True,1,"Q1",3,"March",12,"W12 2021",202112,-111,True,3,"Thursday","T​​​","Weekday","FY2021","FQ3 2021"
20210326,2021-03-26 00:00:00.000,2021,-2,True,1,"Q1",3,"March",12,"W12 2021",202112,-111,True,4,"Friday","F​​​​","Weekday","FY2021","FQ3 2021"
20210329,2021-03-29 00:00:00.000,2021,-2,True,1,"Q1",3,"March",13,"W13 2021",202113,-110,True,0,"Monday","M","Weekday","FY2021","FQ3 2021"
20210330,2021-03-30 00:00:00.000,2021,-2,True,1,"Q1",3,"March",13,"W13 2021",202113,-110,True,1,"Tuesday","T​","Weekday","FY2021","FQ3 2021"
20210331,2021-03-31 00:00:00.000,2021,-2,True,1,"Q1",3,"March",13,"W13 2021",202113,-110,True,2,"Wednesday","W​​","Weekday","FY2021","FQ3 2021"
20210401,2021-04-01 00:00:00.000,2021,-2,True,2,"Q2",4,"April",13,"W13 2021",202113,-110,True,3,"Thursday","T​​​","Weekday","FY2021","FQ4 2021"
20210402,2021-04-02 00:00:00.000,2021,-2,True,2,"Q2",4,"April",13,"W13 2021",202113,-110,True,4,"Friday","F​​​​","Weekday","FY2021","FQ4 2021"
20210405,2021-04-05 00:00:00.000,2021,-2,True,2,"Q2",4,"April",14,"W14 2021",202114,-109,True,0,"Monday","M","Weekday","FY2021","FQ4 2021"
20210406,2021-04-06 00:00:00.000,2021,-2,True,2,"Q2",4,"April",14,"W14 2021",202114,-109,True,1,"Tuesday","T​","Weekday","FY2021","FQ4 2021"
20210407,2021-04-07 00:00:00.000,2021,-2,True,2,"Q2",4,"April",14,"W14 2021",202114,-109,True,2,"Wednesday","W​​","Weekday","FY2021","FQ4 2021"
20210408,2021-04-08 00:00:00.000,2021,-2,True,2,"Q2",4,"April",14,"W14 2021",202114,-109,True,3,"Thursday","T​​​","Weekday","FY2021","FQ4 2021"
20210409,2021-04-09 00:00:00.000,2021,-2,True,2,"Q2",4,"April",14,"W14 2021",202114,-109,True,4,"Friday","F​​​​","Weekday","FY2021","FQ4 2021"
20210412,2021-04-12 00:00:00.000,2021,-2,True,2,"Q2",4,"April",15,"W15 2021",202115,-108,True,0,"Monday","M","Weekday","FY2021","FQ4 2021"
20210413,2021-04-13 00:00:00.000,2021,-2,True,2,"Q2",4,"April",15,"W15 2021",202115,-108,True,1,"Tuesday","T​","Weekday","FY2021","FQ4 2021"
20210414,2021-04-14 00:00:00.000,2021,-2,True,2,"Q2",4,"April",15,"W15 2021",202115,-108,True,2,"Wednesday","W​​","Weekday","FY2021","FQ4 2021"
20210415,2021-04-15 00:00:00.000,2021,-2,True,2,"Q2",4,"April",15,"W15 2021",202115,-108,True,3,"Thursday","T​​​","Weekday","FY2021","FQ4 2021"
20210416,2021-04-16 00:00:00.000,2021,-2,True,2,"Q2",4,"April",15,"W15 2021",202115,-108,True,4,"Friday","F​​​​","Weekday","FY2021","FQ4 2021"
20210419,2021-04-19 00:00:00.000,2021,-2,True,2,"Q2",4,"April",16,"W16 2021",202116,-107,True,0,"Monday","M","Weekday","FY2021","FQ4 2021"
20210420,2021-04-20 00:00:00.000,2021,-2,True,2,"Q2",4,"April",16,"W16 2021",202116,-107,True,1,"Tuesday","T​","Weekday","FY2021","FQ4 2021"
20210421,2021-04-21 00:00:00.000,2021,-2,True,2,"Q2",4,"April",16,"W16 2021",202116,-107,True,2,"Wednesday","W​​","Weekday","FY2021","FQ4 2021"
20210422,2021-04-22 00:00:00.000,2021,-2,True,2,"Q2",4,"April",16,"W16 2021",202116,-107,True,3,"Thursday","T​​​","Weekday","FY2021","FQ4 2021"
20210423,2021-04-23 00:00:00.000,2021,-2,True,2,"Q2",4,"April",16,"W16 2021",202116,-107,True,4,"Friday","F​​​​","Weekday","FY2021","FQ4 2021"
20210426,2021-04-26 00:00:00.000,2021,-2,True,2,"Q2",4,"April",17,"W17 2021",202117,-106,True,0,"Monday","M","Weekday","FY2021","FQ4 2021"
20210427,2021-04-27 00:00:00.000,2021,-2,True,2,"Q2",4,"April",17,"W17 2021",202117,-106,True,1,"Tuesday","T​","Weekday","FY2021","FQ4 2021"
20210428,2021-04-28 00:00:00.000,2021,-2,True,2,"Q2",4,"April",17,"W17 2021",202117,-106,True,2,"Wednesday","W​​","Weekday","FY2021","FQ4 2021"
20210429,2021-04-29 00:00:00.000,2021,-2,True,2,"Q2",4,"April",17,"W17 2021",202117,-106,True,3,"Thursday","T​​​","Weekday","FY2021","FQ4 2021"
20210430,2021-04-30 00:00:00.000,2021,-2,True,2,"Q2",4,"April",17,"W17 2021",202117,-106,True,4,"Friday","F​​​​","Weekday","FY2021","FQ4 2021"
20210503,2021-05-03 00:00:00.000,2021,-2,True,2,"Q2",5,"May",18,"W18 2021",202118,-105,True,0,"Monday","M","Weekday","FY2021","FQ4 2021"
20210504,2021-05-04 00:00:00.000,2021,-2,True,2,"Q2",5,"May",18,"W18 2021",202118,-105,True,1,"Tuesday","T​","Weekday","FY2021","FQ4 2021"
20210505,2021-05-05 00:00:00.000,2021,-2,True,2,"Q2",5,"May",18,"W18 2021",202118,-105,True,2,"Wednesday","W​​","Weekday","FY2021","FQ4 2021"
20210506,2021-05-06 00:00:00.000,2021,-2,True,2,"Q2",5,"May",18,"W18 2021",202118,-105,True,3,"Thursday","T​​​","Weekday","FY2021","FQ4 2021"
20210507,2021-05-07 00:00:00.000,2021,-2,True,2,"Q2",5,"May",18,"W18 2021",202118,-105,True,4,"Friday","F​​​​","Weekday","FY2021","FQ4 2021"
20210510,2021-05-10 00:00:00.000,2021,-2,True,2,"Q2",5,"May",19,"W19 2021",202119,-104,True,0,"Monday","M","Weekday","FY2021","FQ4 2021"
20210511,2021-05-11 00:00:00.000,2021,-2,True,2,"Q2",5,"May",19,"W19 2021",202119,-104,True,1,"Tuesday","T​","Weekday","FY2021","FQ4 2021"
20210512,2021-05-12 00:00:00.000,2021,-2,True,2,"Q2",5,"May",19,"W19 2021",202119,-104,True,2,"Wednesday","W​​","Weekday","FY2021","FQ4 2021"
20210513,2021-05-13 00:00:00.000,2021,-2,True,2,"Q2",5,"May",19,"W19 2021",202119,-104,True,3,"Thursday","T​​​","Weekday","FY2021","FQ4 2021"
20210514,2021-05-14 00:00:00.000,2021,-2,True,2,"Q2",5,"May",19,"W19 2021",202119,-104,True,4,"Friday","F​​​​","Weekday","FY2021","FQ4 2021"
20210517,2021-05-17 00:00:00.000,2021,-2,True,2,"Q2",5,"May",20,"W20 2021",202120,-103,True,0,"Monday","M","Weekday","FY2021","FQ4 2021"
20210518,2021-05-18 00:00:00.000,2021,-2,True,2,"Q2",5,"May",20,"W20 2021",202120,-103,True,1,"Tuesday","T​","Weekday","FY2021","FQ4 2021"
20210519,2021-05-19 00:00:00.000,2021,-2,True,2,"Q2",5,"May",20,"W20 2021",202120,-103,True,2,"Wednesday","W​​","Weekday","FY2021","FQ4 2021"
20210520,2021-05-20 00:00:00.000,2021,-2,True,2,"Q2",5,"May",20,"W20 2021",202120,-103,True,3,"Thursday","T​​​","Weekday","FY2021","FQ4 2021"
20210521,2021-05-21 00:00:00.000,2021,-2,True,2,"Q2",5,"May",20,"W20 2021",202120,-103,True,4,"Friday","F​​​​","Weekday","FY2021","FQ4 2021"
20210524,2021-05-24 00:00:00.000,2021,-2,True,2,"Q2",5,"May",21,"W21 2021",202121,-102,True,0,"Monday","M","Weekday","FY2021","FQ4 2021"
20210525,2021-05-25 00:00:00.000,2021,-2,True,2,"Q2",5,"May",21,"W21 2021",202121,-102,True,1,"Tuesday","T​","Weekday","FY2021","FQ4 2021"
20210526,2021-05-26 00:00:00.000,2021,-2,True,2,"Q2",5,"May",21,"W21 2021",202121,-102,True,2,"Wednesday","W​​","Weekday","FY2021","FQ4 2021"
20210527,2021-05-27 00:00:00.000,2021,-2,True,2,"Q2",5,"May",21,"W21 2021",202121,-102,True,3,"Thursday","T​​​","Weekday","FY2021","FQ4 2021"
20210528,2021-05-28 00:00:00.000,2021,-2,True,2,"Q2",5,"May",21,"W21 2021",202121,-102,True,4,"Friday","F​​​​","Weekday","FY2021","FQ4 2021"
20210531,2021-05-31 00:00:00.000,2021,-2,True,2,"Q2",5,"May",22,"W22 2021",202122,-101,True,0,"Monday","M","Weekday","FY2021","FQ4 2021"
20210601,2021-06-01 00:00:00.000,2021,-2,True,2,"Q2",6,"June",22,"W22 2021",202122,-101,True,1,"Tuesday","T​","Weekday","FY2021","FQ4 2021"
20210602,2021-06-02 00:00:00.000,2021,-2,True,2,"Q2",6,"June",22,"W22 2021",202122,-101,True,2,"Wednesday","W​​","Weekday","FY2021","FQ4 2021"
20210603,2021-06-03 00:00:00.000,2021,-2,True,2,"Q2",6,"June",22,"W22 2021",202122,-101,True,3,"Thursday","T​​​","Weekday","FY2021","FQ4 2021"
20210604,2021-06-04 00:00:00.000,2021,-2,True,2,"Q2",6,"June",22,"W22 2021",202122,-101,True,4,"Friday","F​​​​","Weekday","FY2021","FQ4 2021"
20210607,2021-06-07 00:00:00.000,2021,-2,True,2,"Q2",6,"June",23,"W23 2021",202123,-100,True,0,"Monday","M","Weekday","FY2021","FQ4 2021"
20210608,2021-06-08 00:00:00.000,2021,-2,True,2,"Q2",6,"June",23,"W23 2021",202123,-100,True,1,"Tuesday","T​","Weekday","FY2021","FQ4 2021"
20210609,2021-06-09 00:00:00.000,2021,-2,True,2,"Q2",6,"June",23,"W23 2021",202123,-100,True,2,"Wednesday","W​​","Weekday","FY2021","FQ4 2021"
20210610,2021-06-10 00:00:00.000,2021,-2,True,2,"Q2",6,"June",23,"W23 2021",202123,-100,True,3,"Thursday","T​​​","Weekday","FY2021","FQ4 2021"
20210611,2021-06-11 00:00:00.000,2021,-2,True,2,"Q2",6,"June",23,"W23 2021",202123,-100,True,4,"Friday","F​​​​","Weekday","FY2021","FQ4 2021"
20210614,2021-06-14 00:00:00.000,2021,-2,True,2,"Q2",6,"June",24,"W24 2021",202124,-99,True,0,"Monday","M","Weekday","FY2021","FQ4 2021"
20210615,2021-06-15 00:00:00.000,2021,-2,True,2,"Q2",6,"June",24,"W24 2021",202124,-99,True,1,"Tuesday","T​","Weekday","FY2021","FQ4 2021"
20210616,2021-06-16 00:00:00.000,2021,-2,True,2,"Q2",6,"June",24,"W24 2021",202124,-99,True,2,"Wednesday","W​​","Weekday","FY2021","FQ4 2021"
20210617,2021-06-17 00:00:00.000,2021,-2,True,2,"Q2",6,"June",24,"W24 2021",202124,-99,True,3,"Thursday","T​​​","Weekday","FY2021","FQ4 2021"
20210618,2021-06-18 00:00:00.000,2021,-2,True,2,"Q2",6,"June",24,"W24 2021",202124,-99,True,4,"Friday","F​​​​","Weekday","FY2021","FQ4 2021"
20210621,2021-06-21 00:00:00.000,2021,-2,True,2,"Q2",6,"June",25,"W25 2021",202125,-98,True,0,"Monday","M","Weekday","FY2021","FQ4 2021"
20210622,2021-06-22 00:00:00.000,2021,-2,True,2,"Q2",6,"June",25,"W25 2021",202125,-98,True,1,"Tuesday","T​","Weekday","FY2021","FQ4 2021"
20210623,2021-06-23 00:00:00.000,2021,-2,True,2,"Q2",6,"June",25,"W25 2021",202125,-98,True,2,"Wednesday","W​​","Weekday","FY2021","FQ4 2021"
20210624,2021-06-24 00:00:00.000,2021,-2,True,2,"Q2",6,"June",25,"W25 2021",202125,-98,True,3,"Thursday","T​​​","Weekday","FY2021","FQ4 2021"
20210625,2021-06-25 00:00:00.000,2021,-2,True,2,"Q2",6,"June",25,"W25 2021",202125,-98,True,4,"Friday","F​​​​","Weekday","FY2021","FQ4 2021"
20210628,2021-06-28 00:00:00.000,2021,-2,True,2,"Q2",6,"June",26,"W26 2021",202126,-97,True,0,"Monday","M","Weekday","FY2021","FQ4 2021"
20210629,2021-06-29 00:00:00.000,2021,-2,True,2,"Q2",6,"June",26,"W26 2021",202126,-97,True,1,"Tuesday","T​","Weekday","FY2021","FQ4 2021"
20210630,2021-06-30 00:00:00.000,2021,-2,True,2,"Q2",6,"June",26,"W26 2021",202126,-97,True,2,"Wednesday","W​​","Weekday","FY2021","FQ4 2021"
20201001,2020-10-01 00:00:00.000,2020,-3,True,4,"Q4",10,"October",40,"W40 2020",202040,-136,True,3,"Thursday","T​​​","Weekday","FY2021","FQ2 2021"
20201002,2020-10-02 00:00:00.000,2020,-3,True,4,"Q4",10,"October",40,"W40 2020",202040,-136,True,4,"Friday","F​​​​","Weekday","FY2021","FQ2 2021"
20201005,2020-10-05 00:00:00.000,2020,-3,True,4,"Q4",10,"October",41,"W41 2020",202041,-135,True,0,"Monday","M","Weekday","FY2021","FQ2 2021"
20201006,2020-10-06 00:00:00.000,2020,-3,True,4,"Q4",10,"October",41,"W41 2020",202041,-135,True,1,"Tuesday","T​","Weekday","FY2021","FQ2 2021"
20201007,2020-10-07 00:00:00.000,2020,-3,True,4,"Q4",10,"October",41,"W41 2020",202041,-135,True,2,"Wednesday","W​​","Weekday","FY2021","FQ2 2021"
20201008,2020-10-08 00:00:00.000,2020,-3,True,4,"Q4",10,"October",41,"W41 2020",202041,-135,True,3,"Thursday","T​​​","Weekday","FY2021","FQ2 2021"
20201009,2020-10-09 00:00:00.000,2020,-3,True,4,"Q4",10,"October",41,"W41 2020",202041,-135,True,4,"Friday","F​​​​","Weekday","FY2021","FQ2 2021"
20201012,2020-10-12 00:00:00.000,2020,-3,True,4,"Q4",10,"October",42,"W42 2020",202042,-134,True,0,"Monday","M","Weekday","FY2021","FQ2 2021"
20201013,2020-10-13 00:00:00.000,2020,-3,True,4,"Q4",10,"October",42,"W42 2020",202042,-134,True,1,"Tuesday","T​","Weekday","FY2021","FQ2 2021"
20201014,2020-10-14 00:00:00.000,2020,-3,True,4,"Q4",10,"October",42,"W42 2020",202042,-134,True,2,"Wednesday","W​​","Weekday","FY2021","FQ2 2021"
20201015,2020-10-15 00:00:00.000,2020,-3,True,4,"Q4",10,"October",42,"W42 2020",202042,-134,True,3,"Thursday","T​​​","Weekday","FY2021","FQ2 2021"
20201016,2020-10-16 00:00:00.000,2020,-3,True,4,"Q4",10,"October",42,"W42 2020",202042,-134,True,4,"Friday","F​​​​","Weekday","FY2021","FQ2 2021"
20201019,2020-10-19 00:00:00.000,2020,-3,True,4,"Q4",10,"October",43,"W43 2020",202043,-133,True,0,"Monday","M","Weekday","FY2021","FQ2 2021"
20201020,2020-10-20 00:00:00.000,2020,-3,True,4,"Q4",10,"October",43,"W43 2020",202043,-133,True,1,"Tuesday","T​","Weekday","FY2021","FQ2 2021"
20201021,2020-10-21 00:00:00.000,2020,-3,True,4,"Q4",10,"October",43,"W43 2020",202043,-133,True,2,"Wednesday","W​​","Weekday","FY2021","FQ2 2021"
20201022,2020-10-22 00:00:00.000,2020,-3,True,4,"Q4",10,"October",43,"W43 2020",202043,-133,True,3,"Thursday","T​​​","Weekday","FY2021","FQ2 2021"
20201023,2020-10-23 00:00:00.000,2020,-3,True,4,"Q4",10,"October",43,"W43 2020",202043,-133,True,4,"Friday","F​​​​","Weekday","FY2021","FQ2 2021"
20201026,2020-10-26 00:00:00.000,2020,-3,True,4,"Q4",10,"October",44,"W44 2020",202044,-132,True,0,"Monday","M","Weekday","FY2021","FQ2 2021"
20201027,2020-10-27 00:00:00.000,2020,-3,True,4,"Q4",10,"October",44,"W44 2020",202044,-132,True,1,"Tuesday","T​","Weekday","FY2021","FQ2 2021"
20201028,2020-10-28 00:00:00.000,2020,-3,True,4,"Q4",10,"October",44,"W44 2020",202044,-132,True,2,"Wednesday","W​​","Weekday","FY2021","FQ2 2021"
20201029,2020-10-29 00:00:00.000,2020,-3,True,4,"Q4",10,"October",44,"W44 2020",202044,-132,True,3,"Thursday","T​​​","Weekday","FY2021","FQ2 2021"
20201030,2020-10-30 00:00:00.000,2020,-3,True,4,"Q4",10,"October",44,"W44 2020",202044,-132,True,4,"Friday","F​​​​","Weekday","FY2021","FQ2 2021"
20201102,2020-11-02 00:00:00.000,2020,-3,True,4,"Q4",11,"November",45,"W45 2020",202045,-131,True,0,"Monday","M","Weekday","FY2021","FQ2 2021"
20201103,2020-11-03 00:00:00.000,2020,-3,True,4,"Q4",11,"November",45,"W45 2020",202045,-131,True,1,"Tuesday","T​","Weekday","FY2021","FQ2 2021"
20201104,2020-11-04 00:00:00.000,2020,-3,True,4,"Q4",11,"November",45,"W45 2020",202045,-131,True,2,"Wednesday","W​​","Weekday","FY2021","FQ2 2021"
20201105,2020-11-05 00:00:00.000,2020,-3,True,4,"Q4",11,"November",45,"W45 2020",202045,-131,True,3,"Thursday","T​​​","Weekday","FY2021","FQ2 2021"
20201106,2020-11-06 00:00:00.000,2020,-3,True,4,"Q4",11,"November",45,"W45 2020",202045,-131,True,4,"Friday","F​​​​","Weekday","FY2021","FQ2 2021"
20201109,2020-11-09 00:00:00.000,2020,-3,True,4,"Q4",11,"November",46,"W46 2020",202046,-130,True,0,"Monday","M","Weekday","FY2021","FQ2 2021"
20201110,2020-11-10 00:00:00.000,2020,-3,True,4,"Q4",11,"November",46,"W46 2020",202046,-130,True,1,"Tuesday","T​","Weekday","FY2021","FQ2 2021"
20201111,2020-11-11 00:00:00.000,2020,-3,True,4,"Q4",11,"November",46,"W46 2020",202046,-130,True,2,"Wednesday","W​​","Weekday","FY2021","FQ2 2021"
20201112,2020-11-12 00:00:00.000,2020,-3,True,4,"Q4",11,"November",46,"W46 2020",202046,-130,True,3,"Thursday","T​​​","Weekday","FY2021","FQ2 2021"
20201113,2020-11-13 00:00:00.000,2020,-3,True,4,"Q4",11,"November",46,"W46 2020",202046,-130,True,4,"Friday","F​​​​","Weekday","FY2021","FQ2 2021"
20201116,2020-11-16 00:00:00.000,2020,-3,True,4,"Q4",11,"November",47,"W47 2020",202047,-129,True,0,"Monday","M","Weekday","FY2021","FQ2 2021"
20201117,2020-11-17 00:00:00.000,2020,-3,True,4,"Q4",11,"November",47,"W47 2020",202047,-129,True,1,"Tuesday","T​","Weekday","FY2021","FQ2 2021"
20201118,2020-11-18 00:00:00.000,2020,-3,True,4,"Q4",11,"November",47,"W47 2020",202047,-129,True,2,"Wednesday","W​​","Weekday","FY2021","FQ2 2021"
20201119,2020-11-19 00:00:00.000,2020,-3,True,4,"Q4",11,"November",47,"W47 2020",202047,-129,True,3,"Thursday","T​​​","Weekday","FY2021","FQ2 2021"
20201120,2020-11-20 00:00:00.000,2020,-3,True,4,"Q4",11,"November",47,"W47 2020",202047,-129,True,4,"Friday","F​​​​","Weekday","FY2021","FQ2 2021"
20201123,2020-11-23 00:00:00.000,2020,-3,True,4,"Q4",11,"November",48,"W48 2020",202048,-128,True,0,"Monday","M","Weekday","FY2021","FQ2 2021"
20201124,2020-11-24 00:00:00.000,2020,-3,True,4,"Q4",11,"November",48,"W48 2020",202048,-128,True,1,"Tuesday","T​","Weekday","FY2021","FQ2 2021"
20201125,2020-11-25 00:00:00.000,2020,-3,True,4,"Q4",11,"November",48,"W48 2020",202048,-128,True,2,"Wednesday","W​​","Weekday","FY2021","FQ2 2021"
20201126,2020-11-26 00:00:00.000,2020,-3,True,4,"Q4",11,"November",48,"W48 2020",202048,-128,True,3,"Thursday","T​​​","Weekday","FY2021","FQ2 2021"
20201127,2020-11-27 00:00:00.000,2020,-3,True,4,"Q4",11,"November",48,"W48 2020",202048,-128,True,4,"Friday","F​​​​","Weekday","FY2021","FQ2 2021"
20201130,2020-11-30 00:00:00.000,2020,-3,True,4,"Q4",11,"November",49,"W49 2020",202049,-127,True,0,"Monday","M","Weekday","FY2021","FQ2 2021"
20201201,2020-12-01 00:00:00.000,2020,-3,True,4,"Q4",12,"December",49,"W49 2020",202049,-127,True,1,"Tuesday","T​","Weekday","FY2021","FQ2 2021"
20201202,2020-12-02 00:00:00.000,2020,-3,True,4,"Q4",12,"December",49,"W49 2020",202049,-127,True,2,"Wednesday","W​​","Weekday","FY2021","FQ2 2021"
20201203,2020-12-03 00:00:00.000,2020,-3,True,4,"Q4",12,"December",49,"W49 2020",202049,-127,True,3,"Thursday","T​​​","Weekday","FY2021","FQ2 2021"
20201204,2020-12-04 00:00:00.000,2020,-3,True,4,"Q4",12,"December",49,"W49 2020",202049,-127,True,4,"Friday","F​​​​","Weekday","FY2021","FQ2 2021"
20201207,2020-12-07 00:00:00.000,2020,-3,True,4,"Q4",12,"December",50,"W50 2020",202050,-126,True,0,"Monday","M","Weekday","FY2021","FQ2 2021"
20201208,2020-12-08 00:00:00.000,2020,-3,True,4,"Q4",12,"December",50,"W50 2020",202050,-126,True,1,"Tuesday","T​","Weekday","FY2021","FQ2 2021"
20201209,2020-12-09 00:00:00.000,2020,-3,True,4,"Q4",12,"December",50,"W50 2020",202050,-126,True,2,"Wednesday","W​​","Weekday","FY2021","FQ2 2021"
20201210,2020-12-10 00:00:00.000,2020,-3,True,4,"Q4",12,"December",50,"W50 2020",202050,-126,True,3,"Thursday","T​​​","Weekday","FY2021","FQ2 2021"
20201211,2020-12-11 00:00:00.000,2020,-3,True,4,"Q4",12,"December",50,"W50 2020",202050,-126,True,4,"Friday","F​​​​","Weekday","FY2021","FQ2 2021"
20201214,2020-12-14 00:00:00.000,2020,-3,True,4,"Q4",12,"December",51,"W51 2020",202051,-125,True,0,"Monday","M","Weekday","FY2021","FQ2 2021"
20201215,2020-12-15 00:00:00.000,2020,-3,True,4,"Q4",12,"December",51,"W51 2020",202051,-125,True,1,"Tuesday","T​","Weekday","FY2021","FQ2 2021"
20201216,2020-12-16 00:00:00.000,2020,-3,True,4,"Q4",12,"December",51,"W51 2020",202051,-125,True,2,"Wednesday","W​​","Weekday","FY2021","FQ2 2021"
20201217,2020-12-17 00:00:00.000,2020,-3,True,4,"Q4",12,"December",51,"W51 2020",202051,-125,True,3,"Thursday","T​​​","Weekday","FY2021","FQ2 2021"
20201218,2020-12-18 00:00:00.000,2020,-3,True,4,"Q4",12,"December",51,"W51 2020",202051,-125,True,4,"Friday","F​​​​","Weekday","FY2021","FQ2 2021"
20201221,2020-12-21 00:00:00.000,2020,-3,True,4,"Q4",12,"December",52,"W52 2020",202052,-124,True,0,"Monday","M","Weekday","FY2021","FQ2 2021"
20201222,2020-12-22 00:00:00.000,2020,-3,True,4,"Q4",12,"December",52,"W52 2020",202052,-124,True,1,"Tuesday","T​","Weekday","FY2021","FQ2 2021"
20201223,2020-12-23 00:00:00.000,2020,-3,True,4,"Q4",12,"December",52,"W52 2020",202052,-124,True,2,"Wednesday","W​​","Weekday","FY2021","FQ2 2021"
20201224,2020-12-24 00:00:00.000,2020,-3,True,4,"Q4",12,"December",52,"W52 2020",202052,-124,True,3,"Thursday","T​​​","Weekday","FY2021","FQ2 2021"
20201225,2020-12-25 00:00:00.000,2020,-3,True,4,"Q4",12,"December",52,"W52 2020",202052,-124,True,4,"Friday","F​​​​","Weekday","FY2021","FQ2 2021"
20201228,2020-12-28 00:00:00.000,2020,-3,True,4,"Q4",12,"December",53,"W53 2020",202053,-123,True,0,"Monday","M","Weekday","FY2021","FQ2 2021"
20201229,2020-12-29 00:00:00.000,2020,-3,True,4,"Q4",12,"December",53,"W53 2020",202053,-123,True,1,"Tuesday","T​","Weekday","FY2021","FQ2 2021"
20201230,2020-12-30 00:00:00.000,2020,-3,True,4,"Q4",12,"December",53,"W53 2020",202053,-123,True,2,"Wednesday","W​​","Weekday","FY2021","FQ2 2021"
20201231,2020-12-31 00:00:00.000,2020,-3,True,4,"Q4",12,"December",53,"W53 2020",202053,-123,True,3,"Thursday","T​​​","Weekday","FY2021","FQ2 2021"
20200701,2020-07-01 00:00:00.000,2020,-3,True,3,"Q3",7,"July",27,"W27 2020",202027,-149,True,2,"Wednesday","W​​","Weekday","FY2021","FQ1 2021"
20200702,2020-07-02 00:00:00.000,2020,-3,True,3,"Q3",7,"July",27,"W27 2020",202027,-149,True,3,"Thursday","T​​​","Weekday","FY2021","FQ1 2021"
20200703,2020-07-03 00:00:00.000,2020,-3,True,3,"Q3",7,"July",27,"W27 2020",202027,-149,True,4,"Friday","F​​​​","Weekday","FY2021","FQ1 2021"
20200706,2020-07-06 00:00:00.000,2020,-3,True,3,"Q3",7,"July",28,"W28 2020",202028,-148,True,0,"Monday","M","Weekday","FY2021","FQ1 2021"
20200707,2020-07-07 00:00:00.000,2020,-3,True,3,"Q3",7,"July",28,"W28 2020",202028,-148,True,1,"Tuesday","T​","Weekday","FY2021","FQ1 2021"
20200708,2020-07-08 00:00:00.000,2020,-3,True,3,"Q3",7,"July",28,"W28 2020",202028,-148,True,2,"Wednesday","W​​","Weekday","FY2021","FQ1 2021"
20200709,2020-07-09 00:00:00.000,2020,-3,True,3,"Q3",7,"July",28,"W28 2020",202028,-148,True,3,"Thursday","T​​​","Weekday","FY2021","FQ1 2021"
20200710,2020-07-10 00:00:00.000,2020,-3,True,3,"Q3",7,"July",28,"W28 2020",202028,-148,True,4,"Friday","F​​​​","Weekday","FY2021","FQ1 2021"
20200713,2020-07-13 00:00:00.000,2020,-3,True,3,"Q3",7,"July",29,"W29 2020",202029,-147,True,0,"Monday","M","Weekday","FY2021","FQ1 2021"
20200714,2020-07-14 00:00:00.000,2020,-3,True,3,"Q3",7,"July",29,"W29 2020",202029,-147,True,1,"Tuesday","T​","Weekday","FY2021","FQ1 2021"
20200715,2020-07-15 00:00:00.000,2020,-3,True,3,"Q3",7,"July",29,"W29 2020",202029,-147,True,2,"Wednesday","W​​","Weekday","FY2021","FQ1 2021"
20200716,2020-07-16 00:00:00.000,2020,-3,True,3,"Q3",7,"July",29,"W29 2020",202029,-147,True,3,"Thursday","T​​​","Weekday","FY2021","FQ1 2021"
20200717,2020-07-17 00:00:00.000,2020,-3,True,3,"Q3",7,"July",29,"W29 2020",202029,-147,True,4,"Friday","F​​​​","Weekday","FY2021","FQ1 2021"
20200720,2020-07-20 00:00:00.000,2020,-3,True,3,"Q3",7,"July",30,"W30 2020",202030,-146,True,0,"Monday","M","Weekday","FY2021","FQ1 2021"
20200721,2020-07-21 00:00:00.000,2020,-3,True,3,"Q3",7,"July",30,"W30 2020",202030,-146,True,1,"Tuesday","T​","Weekday","FY2021","FQ1 2021"
20200722,2020-07-22 00:00:00.000,2020,-3,True,3,"Q3",7,"July",30,"W30 2020",202030,-146,True,2,"Wednesday","W​​","Weekday","FY2021","FQ1 2021"
20200723,2020-07-23 00:00:00.000,2020,-3,True,3,"Q3",7,"July",30,"W30 2020",202030,-146,True,3,"Thursday","T​​​","Weekday","FY2021","FQ1 2021"
20200724,2020-07-24 00:00:00.000,2020,-3,True,3,"Q3",7,"July",30,"W30 2020",202030,-146,True,4,"Friday","F​​​​","Weekday","FY2021","FQ1 2021"
20200727,2020-07-27 00:00:00.000,2020,-3,True,3,"Q3",7,"July",31,"W31 2020",202031,-145,True,0,"Monday","M","Weekday","FY2021","FQ1 2021"
20200728,2020-07-28 00:00:00.000,2020,-3,True,3,"Q3",7,"July",31,"W31 2020",202031,-145,True,1,"Tuesday","T​","Weekday","FY2021","FQ1 2021"
20200729,2020-07-29 00:00:00.000,2020,-3,True,3,"Q3",7,"July",31,"W31 2020",202031,-145,True,2,"Wednesday","W​​","Weekday","FY2021","FQ1 2021"
20200730,2020-07-30 00:00:00.000,2020,-3,True,3,"Q3",7,"July",31,"W31 2020",202031,-145,True,3,"Thursday","T​​​","Weekday","FY2021","FQ1 2021"
20200731,2020-07-31 00:00:00.000,2020,-3,True,3,"Q3",7,"July",31,"W31 2020",202031,-145,True,4,"Friday","F​​​​","Weekday","FY2021","FQ1 2021"
20200803,2020-08-03 00:00:00.000,2020,-3,True,3,"Q3",8,"August",32,"W32 2020",202032,-144,True,0,"Monday","M","Weekday","FY2021","FQ1 2021"
20200804,2020-08-04 00:00:00.000,2020,-3,True,3,"Q3",8,"August",32,"W32 2020",202032,-144,True,1,"Tuesday","T​","Weekday","FY2021","FQ1 2021"
20200805,2020-08-05 00:00:00.000,2020,-3,True,3,"Q3",8,"August",32,"W32 2020",202032,-144,True,2,"Wednesday","W​​","Weekday","FY2021","FQ1 2021"
20200806,2020-08-06 00:00:00.000,2020,-3,True,3,"Q3",8,"August",32,"W32 2020",202032,-144,True,3,"Thursday","T​​​","Weekday","FY2021","FQ1 2021"
20200807,2020-08-07 00:00:00.000,2020,-3,True,3,"Q3",8,"August",32,"W32 2020",202032,-144,True,4,"Friday","F​​​​","Weekday","FY2021","FQ1 2021"
20200810,2020-08-10 00:00:00.000,2020,-3,True,3,"Q3",8,"August",33,"W33 2020",202033,-143,True,0,"Monday","M","Weekday","FY2021","FQ1 2021"
20200811,2020-08-11 00:00:00.000,2020,-3,True,3,"Q3",8,"August",33,"W33 2020",202033,-143,True,1,"Tuesday","T​","Weekday","FY2021","FQ1 2021"
20200812,2020-08-12 00:00:00.000,2020,-3,True,3,"Q3",8,"August",33,"W33 2020",202033,-143,True,2,"Wednesday","W​​","Weekday","FY2021","FQ1 2021"
20200813,2020-08-13 00:00:00.000,2020,-3,True,3,"Q3",8,"August",33,"W33 2020",202033,-143,True,3,"Thursday","T​​​","Weekday","FY2021","FQ1 2021"
20200814,2020-08-14 00:00:00.000,2020,-3,True,3,"Q3",8,"August",33,"W33 2020",202033,-143,True,4,"Friday","F​​​​","Weekday","FY2021","FQ1 2021"
20200817,2020-08-17 00:00:00.000,2020,-3,True,3,"Q3",8,"August",34,"W34 2020",202034,-142,True,0,"Monday","M","Weekday","FY2021","FQ1 2021"
20200818,2020-08-18 00:00:00.000,2020,-3,True,3,"Q3",8,"August",34,"W34 2020",202034,-142,True,1,"Tuesday","T​","Weekday","FY2021","FQ1 2021"
20200819,2020-08-19 00:00:00.000,2020,-3,True,3,"Q3",8,"August",34,"W34 2020",202034,-142,True,2,"Wednesday","W​​","Weekday","FY2021","FQ1 2021"
20200820,2020-08-20 00:00:00.000,2020,-3,True,3,"Q3",8,"August",34,"W34 2020",202034,-142,True,3,"Thursday","T​​​","Weekday","FY2021","FQ1 2021"
20200821,2020-08-21 00:00:00.000,2020,-3,True,3,"Q3",8,"August",34,"W34 2020",202034,-142,True,4,"Friday","F​​​​","Weekday","FY2021","FQ1 2021"
20200824,2020-08-24 00:00:00.000,2020,-3,True,3,"Q3",8,"August",35,"W35 2020",202035,-141,True,0,"Monday","M","Weekday","FY2021","FQ1 2021"
20200825,2020-08-25 00:00:00.000,2020,-3,True,3,"Q3",8,"August",35,"W35 2020",202035,-141,True,1,"Tuesday","T​","Weekday","FY2021","FQ1 2021"
20200826,2020-08-26 00:00:00.000,2020,-3,True,3,"Q3",8,"August",35,"W35 2020",202035,-141,True,2,"Wednesday","W​​","Weekday","FY2021","FQ1 2021"
20200827,2020-08-27 00:00:00.000,2020,-3,True,3,"Q3",8,"August",35,"W35 2020",202035,-141,True,3,"Thursday","T​​​","Weekday","FY2021","FQ1 2021"
20200828,2020-08-28 00:00:00.000,2020,-3,True,3,"Q3",8,"August",35,"W35 2020",202035,-141,True,4,"Friday","F​​​​","Weekday","FY2021","FQ1 2021"
20200831,2020-08-31 00:00:00.000,2020,-3,True,3,"Q3",8,"August",36,"W36 2020",202036,-140,True,0,"Monday","M","Weekday","FY2021","FQ1 2021"
20200901,2020-09-01 00:00:00.000,2020,-3,True,3,"Q3",9,"September",36,"W36 2020",202036,-140,True,1,"Tuesday","T​","Weekday","FY2021","FQ1 2021"
20200902,2020-09-02 00:00:00.000,2020,-3,True,3,"Q3",9,"September",36,"W36 2020",202036,-140,True,2,"Wednesday","W​​","Weekday","FY2021","FQ1 2021"
20200903,2020-09-03 00:00:00.000,2020,-3,True,3,"Q3",9,"September",36,"W36 2020",202036,-140,True,3,"Thursday","T​​​","Weekday","FY2021","FQ1 2021"
20200904,2020-09-04 00:00:00.000,2020,-3,True,3,"Q3",9,"September",36,"W36 2020",202036,-140,True,4,"Friday","F​​​​","Weekday","FY2021","FQ1 2021"
20200907,2020-09-07 00:00:00.000,2020,-3,True,3,"Q3",9,"September",37,"W37 2020",202037,-139,True,0,"Monday","M","Weekday","FY2021","FQ1 2021"
20200908,2020-09-08 00:00:00.000,2020,-3,True,3,"Q3",9,"September",37,"W37 2020",202037,-139,True,1,"Tuesday","T​","Weekday","FY2021","FQ1 2021"
20200909,2020-09-09 00:00:00.000,2020,-3,True,3,"Q3",9,"September",37,"W37 2020",202037,-139,True,2,"Wednesday","W​​","Weekday","FY2021","FQ1 2021"
20200910,2020-09-10 00:00:00.000,2020,-3,True,3,"Q3",9,"September",37,"W37 2020",202037,-139,True,3,"Thursday","T​​​","Weekday","FY2021","FQ1 2021"
20200911,2020-09-11 00:00:00.000,2020,-3,True,3,"Q3",9,"September",37,"W37 2020",202037,-139,True,4,"Friday","F​​​​","Weekday","FY2021","FQ1 2021"
20200914,2020-09-14 00:00:00.000,2020,-3,True,3,"Q3",9,"September",38,"W38 2020",202038,-138,True,0,"Monday","M","Weekday","FY2021","FQ1 2021"
20200915,2020-09-15 00:00:00.000,2020,-3,True,3,"Q3",9,"September",38,"W38 2020",202038,-138,True,1,"Tuesday","T​","Weekday","FY2021","FQ1 2021"
20200916,2020-09-16 00:00:00.000,2020,-3,True,3,"Q3",9,"September",38,"W38 2020",202038,-138,True,2,"Wednesday","W​​","Weekday","FY2021","FQ1 2021"
20200917,2020-09-17 00:00:00.000,2020,-3,True,3,"Q3",9,"September",38,"W38 2020",202038,-138,True,3,"Thursday","T​​​","Weekday","FY2021","FQ1 2021"
20200918,2020-09-18 00:00:00.000,2020,-3,True,3,"Q3",9,"September",38,"W38 2020",202038,-138,True,4,"Friday","F​​​​","Weekday","FY2021","FQ1 2021"
20200921,2020-09-21 00:00:00.000,2020,-3,True,3,"Q3",9,"September",39,"W39 2020",202039,-137,True,0,"Monday","M","Weekday","FY2021","FQ1 2021"
20200922,2020-09-22 00:00:00.000,2020,-3,True,3,"Q3",9,"September",39,"W39 2020",202039,-137,True,1,"Tuesday","T​","Weekday","FY2021","FQ1 2021"
20200923,2020-09-23 00:00:00.000,2020,-3,True,3,"Q3",9,"September",39,"W39 2020",202039,-137,True,2,"Wednesday","W​​","Weekday","FY2021","FQ1 2021"
20200924,2020-09-24 00:00:00.000,2020,-3,True,3,"Q3",9,"September",39,"W39 2020",202039,-137,True,3,"Thursday","T​​​","Weekday","FY2021","FQ1 2021"
20200925,2020-09-25 00:00:00.000,2020,-3,True,3,"Q3",9,"September",39,"W39 2020",202039,-137,True,4,"Friday","F​​​​","Weekday","FY2021","FQ1 2021"
20200928,2020-09-28 00:00:00.000,2020,-3,True,3,"Q3",9,"September",40,"W40 2020",202040,-136,True,0,"Monday","M","Weekday","FY2021","FQ1 2021"
20200929,2020-09-29 00:00:00.000,2020,-3,True,3,"Q3",9,"September",40,"W40 2020",202040,-136,True,1,"Tuesday","T​","Weekday","FY2021","FQ1 2021"
20200930,2020-09-30 00:00:00.000,2020,-3,True,3,"Q3",9,"September",40,"W40 2020",202040,-136,True,2,"Wednesday","W​​","Weekday","FY2021","FQ1 2021"
20210701,2021-07-01 00:00:00.000,2021,-2,True,3,"Q3",7,"July",26,"W26 2021",202126,-97,True,3,"Thursday","T​​​","Weekday","FY2022","FQ1 2022"
20210702,2021-07-02 00:00:00.000,2021,-2,True,3,"Q3",7,"July",26,"W26 2021",202126,-97,True,4,"Friday","F​​​​","Weekday","FY2022","FQ1 2022"
20210705,2021-07-05 00:00:00.000,2021,-2,True,3,"Q3",7,"July",27,"W27 2021",202127,-96,True,0,"Monday","M","Weekday","FY2022","FQ1 2022"
20210706,2021-07-06 00:00:00.000,2021,-2,True,3,"Q3",7,"July",27,"W27 2021",202127,-96,True,1,"Tuesday","T​","Weekday","FY2022","FQ1 2022"
20210707,2021-07-07 00:00:00.000,2021,-2,True,3,"Q3",7,"July",27,"W27 2021",202127,-96,True,2,"Wednesday","W​​","Weekday","FY2022","FQ1 2022"
20210708,2021-07-08 00:00:00.000,2021,-2,True,3,"Q3",7,"July",27,"W27 2021",202127,-96,True,3,"Thursday","T​​​","Weekday","FY2022","FQ1 2022"
20210709,2021-07-09 00:00:00.000,2021,-2,True,3,"Q3",7,"July",27,"W27 2021",202127,-96,True,4,"Friday","F​​​​","Weekday","FY2022","FQ1 2022"
20210712,2021-07-12 00:00:00.000,2021,-2,True,3,"Q3",7,"July",28,"W28 2021",202128,-95,True,0,"Monday","M","Weekday","FY2022","FQ1 2022"
20210713,2021-07-13 00:00:00.000,2021,-2,True,3,"Q3",7,"July",28,"W28 2021",202128,-95,True,1,"Tuesday","T​","Weekday","FY2022","FQ1 2022"
20210714,2021-07-14 00:00:00.000,2021,-2,True,3,"Q3",7,"July",28,"W28 2021",202128,-95,True,2,"Wednesday","W​​","Weekday","FY2022","FQ1 2022"
20210715,2021-07-15 00:00:00.000,2021,-2,True,3,"Q3",7,"July",28,"W28 2021",202128,-95,True,3,"Thursday","T​​​","Weekday","FY2022","FQ1 2022"
20210716,2021-07-16 00:00:00.000,2021,-2,True,3,"Q3",7,"July",28,"W28 2021",202128,-95,True,4,"Friday","F​​​​","Weekday","FY2022","FQ1 2022"
20210719,2021-07-19 00:00:00.000,2021,-2,True,3,"Q3",7,"July",29,"W29 2021",202129,-94,True,0,"Monday","M","Weekday","FY2022","FQ1 2022"
20210720,2021-07-20 00:00:00.000,2021,-2,True,3,"Q3",7,"July",29,"W29 2021",202129,-94,True,1,"Tuesday","T​","Weekday","FY2022","FQ1 2022"
20210721,2021-07-21 00:00:00.000,2021,-2,True,3,"Q3",7,"July",29,"W29 2021",202129,-94,True,2,"Wednesday","W​​","Weekday","FY2022","FQ1 2022"
20210722,2021-07-22 00:00:00.000,2021,-2,True,3,"Q3",7,"July",29,"W29 2021",202129,-94,True,3,"Thursday","T​​​","Weekday","FY2022","FQ1 2022"
20210723,2021-07-23 00:00:00.000,2021,-2,True,3,"Q3",7,"July",29,"W29 2021",202129,-94,True,4,"Friday","F​​​​","Weekday","FY2022","FQ1 2022"
20210726,2021-07-26 00:00:00.000,2021,-2,True,3,"Q3",7,"July",30,"W30 2021",202130,-93,True,0,"Monday","M","Weekday","FY2022","FQ1 2022"
20210727,2021-07-27 00:00:00.000,2021,-2,True,3,"Q3",7,"July",30,"W30 2021",202130,-93,True,1,"Tuesday","T​","Weekday","FY2022","FQ1 2022"
20210728,2021-07-28 00:00:00.000,2021,-2,True,3,"Q3",7,"July",30,"W30 2021",202130,-93,True,2,"Wednesday","W​​","Weekday","FY2022","FQ1 2022"
20210729,2021-07-29 00:00:00.000,2021,-2,True,3,"Q3",7,"July",30,"W30 2021",202130,-93,True,3,"Thursday","T​​​","Weekday","FY2022","FQ1 2022"
20210730,2021-07-30 00:00:00.000,2021,-2,True,3,"Q3",7,"July",30,"W30 2021",202130,-93,True,4,"Friday","F​​​​","Weekday","FY2022","FQ1 2022"
20210802,2021-08-02 00:00:00.000,2021,-2,True,3,"Q3",8,"August",31,"W31 2021",202131,-92,True,0,"Monday","M","Weekday","FY2022","FQ1 2022"
20210803,2021-08-03 00:00:00.000,2021,-2,True,3,"Q3",8,"August",31,"W31 2021",202131,-92,True,1,"Tuesday","T​","Weekday","FY2022","FQ1 2022"
20210804,2021-08-04 00:00:00.000,2021,-2,True,3,"Q3",8,"August",31,"W31 2021",202131,-92,True,2,"Wednesday","W​​","Weekday","FY2022","FQ1 2022"
20210805,2021-08-05 00:00:00.000,2021,-2,True,3,"Q3",8,"August",31,"W31 2021",202131,-92,True,3,"Thursday","T​​​","Weekday","FY2022","FQ1 2022"
20210806,2021-08-06 00:00:00.000,2021,-2,True,3,"Q3",8,"August",31,"W31 2021",202131,-92,True,4,"Friday","F​​​​","Weekday","FY2022","FQ1 2022"
20210809,2021-08-09 00:00:00.000,2021,-2,True,3,"Q3",8,"August",32,"W32 2021",202132,-91,True,0,"Monday","M","Weekday","FY2022","FQ1 2022"
20210810,2021-08-10 00:00:00.000,2021,-2,True,3,"Q3",8,"August",32,"W32 2021",202132,-91,True,1,"Tuesday","T​","Weekday","FY2022","FQ1 2022"
20210811,2021-08-11 00:00:00.000,2021,-2,True,3,"Q3",8,"August",32,"W32 2021",202132,-91,True,2,"Wednesday","W​​","Weekday","FY2022","FQ1 2022"
20210812,2021-08-12 00:00:00.000,2021,-2,True,3,"Q3",8,"August",32,"W32 2021",202132,-91,True,3,"Thursday","T​​​","Weekday","FY2022","FQ1 2022"
20210813,2021-08-13 00:00:00.000,2021,-2,True,3,"Q3",8,"August",32,"W32 2021",202132,-91,True,4,"Friday","F​​​​","Weekday","FY2022","FQ1 2022"
20210816,2021-08-16 00:00:00.000,2021,-2,True,3,"Q3",8,"August",33,"W33 2021",202133,-90,True,0,"Monday","M","Weekday","FY2022","FQ1 2022"
20210817,2021-08-17 00:00:00.000,2021,-2,True,3,"Q3",8,"August",33,"W33 2021",202133,-90,True,1,"Tuesday","T​","Weekday","FY2022","FQ1 2022"
20210818,2021-08-18 00:00:00.000,2021,-2,True,3,"Q3",8,"August",33,"W33 2021",202133,-90,True,2,"Wednesday","W​​","Weekday","FY2022","FQ1 2022"
20210819,2021-08-19 00:00:00.000,2021,-2,True,3,"Q3",8,"August",33,"W33 2021",202133,-90,True,3,"Thursday","T​​​","Weekday","FY2022","FQ1 2022"
20210820,2021-08-20 00:00:00.000,2021,-2,True,3,"Q3",8,"August",33,"W33 2021",202133,-90,True,4,"Friday","F​​​​","Weekday","FY2022","FQ1 2022"
20210823,2021-08-23 00:00:00.000,2021,-2,True,3,"Q3",8,"August",34,"W34 2021",202134,-89,True,0,"Monday","M","Weekday","FY2022","FQ1 2022"
20210824,2021-08-24 00:00:00.000,2021,-2,True,3,"Q3",8,"August",34,"W34 2021",202134,-89,True,1,"Tuesday","T​","Weekday","FY2022","FQ1 2022"
20210825,2021-08-25 00:00:00.000,2021,-2,True,3,"Q3",8,"August",34,"W34 2021",202134,-89,True,2,"Wednesday","W​​","Weekday","FY2022","FQ1 2022"
20210826,2021-08-26 00:00:00.000,2021,-2,True,3,"Q3",8,"August",34,"W34 2021",202134,-89,True,3,"Thursday","T​​​","Weekday","FY2022","FQ1 2022"
20210827,2021-08-27 00:00:00.000,2021,-2,True,3,"Q3",8,"August",34,"W34 2021",202134,-89,True,4,"Friday","F​​​​","Weekday","FY2022","FQ1 2022"
20210830,2021-08-30 00:00:00.000,2021,-2,True,3,"Q3",8,"August",35,"W35 2021",202135,-88,True,0,"Monday","M","Weekday","FY2022","FQ1 2022"
20210831,2021-08-31 00:00:00.000,2021,-2,True,3,"Q3",8,"August",35,"W35 2021",202135,-88,True,1,"Tuesday","T​","Weekday","FY2022","FQ1 2022"
20210901,2021-09-01 00:00:00.000,2021,-2,True,3,"Q3",9,"September",35,"W35 2021",202135,-88,True,2,"Wednesday","W​​","Weekday","FY2022","FQ1 2022"
20210902,2021-09-02 00:00:00.000,2021,-2,True,3,"Q3",9,"September",35,"W35 2021",202135,-88,True,3,"Thursday","T​​​","Weekday","FY2022","FQ1 2022"
20210903,2021-09-03 00:00:00.000,2021,-2,True,3,"Q3",9,"September",35,"W35 2021",202135,-88,True,4,"Friday","F​​​​","Weekday","FY2022","FQ1 2022"
20210906,2021-09-06 00:00:00.000,2021,-2,True,3,"Q3",9,"September",36,"W36 2021",202136,-87,True,0,"Monday","M","Weekday","FY2022","FQ1 2022"
20210907,2021-09-07 00:00:00.000,2021,-2,True,3,"Q3",9,"September",36,"W36 2021",202136,-87,True,1,"Tuesday","T​","Weekday","FY2022","FQ1 2022"
20210908,2021-09-08 00:00:00.000,2021,-2,True,3,"Q3",9,"September",36,"W36 2021",202136,-87,True,2,"Wednesday","W​​","Weekday","FY2022","FQ1 2022"
20210909,2021-09-09 00:00:00.000,2021,-2,True,3,"Q3",9,"September",36,"W36 2021",202136,-87,True,3,"Thursday","T​​​","Weekday","FY2022","FQ1 2022"
20210910,2021-09-10 00:00:00.000,2021,-2,True,3,"Q3",9,"September",36,"W36 2021",202136,-87,True,4,"Friday","F​​​​","Weekday","FY2022","FQ1 2022"
20210913,2021-09-13 00:00:00.000,2021,-2,True,3,"Q3",9,"September",37,"W37 2021",202137,-86,True,0,"Monday","M","Weekday","FY2022","FQ1 2022"
20210914,2021-09-14 00:00:00.000,2021,-2,True,3,"Q3",9,"September",37,"W37 2021",202137,-86,True,1,"Tuesday","T​","Weekday","FY2022","FQ1 2022"
20210915,2021-09-15 00:00:00.000,2021,-2,True,3,"Q3",9,"September",37,"W37 2021",202137,-86,True,2,"Wednesday","W​​","Weekday","FY2022","FQ1 2022"
20210916,2021-09-16 00:00:00.000,2021,-2,True,3,"Q3",9,"September",37,"W37 2021",202137,-86,True,3,"Thursday","T​​​","Weekday","FY2022","FQ1 2022"
20210917,2021-09-17 00:00:00.000,2021,-2,True,3,"Q3",9,"September",37,"W37 2021",202137,-86,True,4,"Friday","F​​​​","Weekday","FY2022","FQ1 2022"
20210920,2021-09-20 00:00:00.000,2021,-2,True,3,"Q3",9,"September",38,"W38 2021",202138,-85,True,0,"Monday","M","Weekday","FY2022","FQ1 2022"
20210921,2021-09-21 00:00:00.000,2021,-2,True,3,"Q3",9,"September",38,"W38 2021",202138,-85,True,1,"Tuesday","T​","Weekday","FY2022","FQ1 2022"
20210922,2021-09-22 00:00:00.000,2021,-2,True,3,"Q3",9,"September",38,"W38 2021",202138,-85,True,2,"Wednesday","W​​","Weekday","FY2022","FQ1 2022"
20210923,2021-09-23 00:00:00.000,2021,-2,True,3,"Q3",9,"September",38,"W38 2021",202138,-85,True,3,"Thursday","T​​​","Weekday","FY2022","FQ1 2022"
20210924,2021-09-24 00:00:00.000,2021,-2,True,3,"Q3",9,"September",38,"W38 2021",202138,-85,True,4,"Friday","F​​​​","Weekday","FY2022","FQ1 2022"
20210927,2021-09-27 00:00:00.000,2021,-2,True,3,"Q3",9,"September",39,"W39 2021",202139,-84,True,0,"Monday","M","Weekday","FY2022","FQ1 2022"
20210928,2021-09-28 00:00:00.000,2021,-2,True,3,"Q3",9,"September",39,"W39 2021",202139,-84,True,1,"Tuesday","T​","Weekday","FY2022","FQ1 2022"
20210929,2021-09-29 00:00:00.000,2021,-2,True,3,"Q3",9,"September",39,"W39 2021",202139,-84,True,2,"Wednesday","W​​","Weekday","FY2022","FQ1 2022"
20210930,2021-09-30 00:00:00.000,2021,-2,True,3,"Q3",9,"September",39,"W39 2021",202139,-84,True,3,"Thursday","T​​​","Weekday","FY2022","FQ1 2022"
20211001,2021-10-01 00:00:00.000,2021,-2,True,4,"Q4",10,"October",39,"W39 2021",202139,-84,True,4,"Friday","F​​​​","Weekday","FY2022","FQ2 2022"
20211004,2021-10-04 00:00:00.000,2021,-2,True,4,"Q4",10,"October",40,"W40 2021",202140,-83,True,0,"Monday","M","Weekday","FY2022","FQ2 2022"
20211005,2021-10-05 00:00:00.000,2021,-2,True,4,"Q4",10,"October",40,"W40 2021",202140,-83,True,1,"Tuesday","T​","Weekday","FY2022","FQ2 2022"
20211006,2021-10-06 00:00:00.000,2021,-2,True,4,"Q4",10,"October",40,"W40 2021",202140,-83,True,2,"Wednesday","W​​","Weekday","FY2022","FQ2 2022"
20211007,2021-10-07 00:00:00.000,2021,-2,True,4,"Q4",10,"October",40,"W40 2021",202140,-83,True,3,"Thursday","T​​​","Weekday","FY2022","FQ2 2022"
20211008,2021-10-08 00:00:00.000,2021,-2,True,4,"Q4",10,"October",40,"W40 2021",202140,-83,True,4,"Friday","F​​​​","Weekday","FY2022","FQ2 2022"
20211011,2021-10-11 00:00:00.000,2021,-2,True,4,"Q4",10,"October",41,"W41 2021",202141,-82,True,0,"Monday","M","Weekday","FY2022","FQ2 2022"
20211012,2021-10-12 00:00:00.000,2021,-2,True,4,"Q4",10,"October",41,"W41 2021",202141,-82,True,1,"Tuesday","T​","Weekday","FY2022","FQ2 2022"
20211013,2021-10-13 00:00:00.000,2021,-2,True,4,"Q4",10,"October",41,"W41 2021",202141,-82,True,2,"Wednesday","W​​","Weekday","FY2022","FQ2 2022"
20211014,2021-10-14 00:00:00.000,2021,-2,True,4,"Q4",10,"October",41,"W41 2021",202141,-82,True,3,"Thursday","T​​​","Weekday","FY2022","FQ2 2022"
20211015,2021-10-15 00:00:00.000,2021,-2,True,4,"Q4",10,"October",41,"W41 2021",202141,-82,True,4,"Friday","F​​​​","Weekday","FY2022","FQ2 2022"
20211018,2021-10-18 00:00:00.000,2021,-2,True,4,"Q4",10,"October",42,"W42 2021",202142,-81,True,0,"Monday","M","Weekday","FY2022","FQ2 2022"
20211019,2021-10-19 00:00:00.000,2021,-2,True,4,"Q4",10,"October",42,"W42 2021",202142,-81,True,1,"Tuesday","T​","Weekday","FY2022","FQ2 2022"
20211020,2021-10-20 00:00:00.000,2021,-2,True,4,"Q4",10,"October",42,"W42 2021",202142,-81,True,2,"Wednesday","W​​","Weekday","FY2022","FQ2 2022"
20211021,2021-10-21 00:00:00.000,2021,-2,True,4,"Q4",10,"October",42,"W42 2021",202142,-81,True,3,"Thursday","T​​​","Weekday","FY2022","FQ2 2022"
20211022,2021-10-22 00:00:00.000,2021,-2,True,4,"Q4",10,"October",42,"W42 2021",202142,-81,True,4,"Friday","F​​​​","Weekday","FY2022","FQ2 2022"
20211025,2021-10-25 00:00:00.000,2021,-2,True,4,"Q4",10,"October",43,"W43 2021",202143,-80,True,0,"Monday","M","Weekday","FY2022","FQ2 2022"
20211026,2021-10-26 00:00:00.000,2021,-2,True,4,"Q4",10,"October",43,"W43 2021",202143,-80,True,1,"Tuesday","T​","Weekday","FY2022","FQ2 2022"
20211027,2021-10-27 00:00:00.000,2021,-2,True,4,"Q4",10,"October",43,"W43 2021",202143,-80,True,2,"Wednesday","W​​","Weekday","FY2022","FQ2 2022"
20211028,2021-10-28 00:00:00.000,2021,-2,True,4,"Q4",10,"October",43,"W43 2021",202143,-80,True,3,"Thursday","T​​​","Weekday","FY2022","FQ2 2022"
20211029,2021-10-29 00:00:00.000,2021,-2,True,4,"Q4",10,"October",43,"W43 2021",202143,-80,True,4,"Friday","F​​​​","Weekday","FY2022","FQ2 2022"
20211101,2021-11-01 00:00:00.000,2021,-2,True,4,"Q4",11,"November",44,"W44 2021",202144,-79,True,0,"Monday","M","Weekday","FY2022","FQ2 2022"
20211102,2021-11-02 00:00:00.000,2021,-2,True,4,"Q4",11,"November",44,"W44 2021",202144,-79,True,1,"Tuesday","T​","Weekday","FY2022","FQ2 2022"
20211103,2021-11-03 00:00:00.000,2021,-2,True,4,"Q4",11,"November",44,"W44 2021",202144,-79,True,2,"Wednesday","W​​","Weekday","FY2022","FQ2 2022"
20211104,2021-11-04 00:00:00.000,2021,-2,True,4,"Q4",11,"November",44,"W44 2021",202144,-79,True,3,"Thursday","T​​​","Weekday","FY2022","FQ2 2022"
20211105,2021-11-05 00:00:00.000,2021,-2,True,4,"Q4",11,"November",44,"W44 2021",202144,-79,True,4,"Friday","F​​​​","Weekday","FY2022","FQ2 2022"
20211108,2021-11-08 00:00:00.000,2021,-2,True,4,"Q4",11,"November",45,"W45 2021",202145,-78,True,0,"Monday","M","Weekday","FY2022","FQ2 2022"
20211109,2021-11-09 00:00:00.000,2021,-2,True,4,"Q4",11,"November",45,"W45 2021",202145,-78,True,1,"Tuesday","T​","Weekday","FY2022","FQ2 2022"
20211110,2021-11-10 00:00:00.000,2021,-2,True,4,"Q4",11,"November",45,"W45 2021",202145,-78,True,2,"Wednesday","W​​","Weekday","FY2022","FQ2 2022"
20211111,2021-11-11 00:00:00.000,2021,-2,True,4,"Q4",11,"November",45,"W45 2021",202145,-78,True,3,"Thursday","T​​​","Weekday","FY2022","FQ2 2022"
20211112,2021-11-12 00:00:00.000,2021,-2,True,4,"Q4",11,"November",45,"W45 2021",202145,-78,True,4,"Friday","F​​​​","Weekday","FY2022","FQ2 2022"
20211115,2021-11-15 00:00:00.000,2021,-2,True,4,"Q4",11,"November",46,"W46 2021",202146,-77,True,0,"Monday","M","Weekday","FY2022","FQ2 2022"
20211116,2021-11-16 00:00:00.000,2021,-2,True,4,"Q4",11,"November",46,"W46 2021",202146,-77,True,1,"Tuesday","T​","Weekday","FY2022","FQ2 2022"
20211117,2021-11-17 00:00:00.000,2021,-2,True,4,"Q4",11,"November",46,"W46 2021",202146,-77,True,2,"Wednesday","W​​","Weekday","FY2022","FQ2 2022"
20211118,2021-11-18 00:00:00.000,2021,-2,True,4,"Q4",11,"November",46,"W46 2021",202146,-77,True,3,"Thursday","T​​​","Weekday","FY2022","FQ2 2022"
20211119,2021-11-19 00:00:00.000,2021,-2,True,4,"Q4",11,"November",46,"W46 2021",202146,-77,True,4,"Friday","F​​​​","Weekday","FY2022","FQ2 2022"
20211122,2021-11-22 00:00:00.000,2021,-2,True,4,"Q4",11,"November",47,"W47 2021",202147,-76,True,0,"Monday","M","Weekday","FY2022","FQ2 2022"
20211123,2021-11-23 00:00:00.000,2021,-2,True,4,"Q4",11,"November",47,"W47 2021",202147,-76,True,1,"Tuesday","T​","Weekday","FY2022","FQ2 2022"
20211124,2021-11-24 00:00:00.000,2021,-2,True,4,"Q4",11,"November",47,"W47 2021",202147,-76,True,2,"Wednesday","W​​","Weekday","FY2022","FQ2 2022"
20211125,2021-11-25 00:00:00.000,2021,-2,True,4,"Q4",11,"November",47,"W47 2021",202147,-76,True,3,"Thursday","T​​​","Weekday","FY2022","FQ2 2022"
20211126,2021-11-26 00:00:00.000,2021,-2,True,4,"Q4",11,"November",47,"W47 2021",202147,-76,True,4,"Friday","F​​​​","Weekday","FY2022","FQ2 2022"
20211129,2021-11-29 00:00:00.000,2021,-2,True,4,"Q4",11,"November",48,"W48 2021",202148,-75,True,0,"Monday","M","Weekday","FY2022","FQ2 2022"
20211130,2021-11-30 00:00:00.000,2021,-2,True,4,"Q4",11,"November",48,"W48 2021",202148,-75,True,1,"Tuesday","T​","Weekday","FY2022","FQ2 2022"
20211201,2021-12-01 00:00:00.000,2021,-2,True,4,"Q4",12,"December",48,"W48 2021",202148,-75,True,2,"Wednesday","W​​","Weekday","FY2022","FQ2 2022"
20211202,2021-12-02 00:00:00.000,2021,-2,True,4,"Q4",12,"December",48,"W48 2021",202148,-75,True,3,"Thursday","T​​​","Weekday","FY2022","FQ2 2022"
20211203,2021-12-03 00:00:00.000,2021,-2,True,4,"Q4",12,"December",48,"W48 2021",202148,-75,True,4,"Friday","F​​​​","Weekday","FY2022","FQ2 2022"
20211206,2021-12-06 00:00:00.000,2021,-2,True,4,"Q4",12,"December",49,"W49 2021",202149,-74,True,0,"Monday","M","Weekday","FY2022","FQ2 2022"
20211207,2021-12-07 00:00:00.000,2021,-2,True,4,"Q4",12,"December",49,"W49 2021",202149,-74,True,1,"Tuesday","T​","Weekday","FY2022","FQ2 2022"
20211208,2021-12-08 00:00:00.000,2021,-2,True,4,"Q4",12,"December",49,"W49 2021",202149,-74,True,2,"Wednesday","W​​","Weekday","FY2022","FQ2 2022"
20211209,2021-12-09 00:00:00.000,2021,-2,True,4,"Q4",12,"December",49,"W49 2021",202149,-74,True,3,"Thursday","T​​​","Weekday","FY2022","FQ2 2022"
20211210,2021-12-10 00:00:00.000,2021,-2,True,4,"Q4",12,"December",49,"W49 2021",202149,-74,True,4,"Friday","F​​​​","Weekday","FY2022","FQ2 2022"
20211213,2021-12-13 00:00:00.000,2021,-2,True,4,"Q4",12,"December",50,"W50 2021",202150,-73,True,0,"Monday","M","Weekday","FY2022","FQ2 2022"
20211214,2021-12-14 00:00:00.000,2021,-2,True,4,"Q4",12,"December",50,"W50 2021",202150,-73,True,1,"Tuesday","T​","Weekday","FY2022","FQ2 2022"
20211215,2021-12-15 00:00:00.000,2021,-2,True,4,"Q4",12,"December",50,"W50 2021",202150,-73,True,2,"Wednesday","W​​","Weekday","FY2022","FQ2 2022"
20211216,2021-12-16 00:00:00.000,2021,-2,True,4,"Q4",12,"December",50,"W50 2021",202150,-73,True,3,"Thursday","T​​​","Weekday","FY2022","FQ2 2022"
20211217,2021-12-17 00:00:00.000,2021,-2,True,4,"Q4",12,"December",50,"W50 2021",202150,-73,True,4,"Friday","F​​​​","Weekday","FY2022","FQ2 2022"
20211220,2021-12-20 00:00:00.000,2021,-2,True,4,"Q4",12,"December",51,"W51 2021",202151,-72,True,0,"Monday","M","Weekday","FY2022","FQ2 2022"
20211221,2021-12-21 00:00:00.000,2021,-2,True,4,"Q4",12,"December",51,"W51 2021",202151,-72,True,1,"Tuesday","T​","Weekday","FY2022","FQ2 2022"
20211222,2021-12-22 00:00:00.000,2021,-2,True,4,"Q4",12,"December",51,"W51 2021",202151,-72,True,2,"Wednesday","W​​","Weekday","FY2022","FQ2 2022"
20211223,2021-12-23 00:00:00.000,2021,-2,True,4,"Q4",12,"December",51,"W51 2021",202151,-72,True,3,"Thursday","T​​​","Weekday","FY2022","FQ2 2022"
20211224,2021-12-24 00:00:00.000,2021,-2,True,4,"Q4",12,"December",51,"W51 2021",202151,-72,True,4,"Friday","F​​​​","Weekday","FY2022","FQ2 2022"
20211227,2021-12-27 00:00:00.000,2021,-2,True,4,"Q4",12,"December",52,"W52 2021",202152,-71,True,0,"Monday","M","Weekday","FY2022","FQ2 2022"
20211228,2021-12-28 00:00:00.000,2021,-2,True,4,"Q4",12,"December",52,"W52 2021",202152,-71,True,1,"Tuesday","T​","Weekday","FY2022","FQ2 2022"
20211229,2021-12-29 00:00:00.000,2021,-2,True,4,"Q4",12,"December",52,"W52 2021",202152,-71,True,2,"Wednesday","W​​","Weekday","FY2022","FQ2 2022"
20211230,2021-12-30 00:00:00.000,2021,-2,True,4,"Q4",12,"December",52,"W52 2021",202152,-71,True,3,"Thursday","T​​​","Weekday","FY2022","FQ2 2022"
20211231,2021-12-31 00:00:00.000,2021,-2,True,4,"Q4",12,"December",52,"W52 2021",202152,-71,True,4,"Friday","F​​​​","Weekday","FY2022","FQ2 2022"
20220401,2022-04-01 00:00:00.000,2022,-1,True,2,"Q2",4,"April",13,"W13 2022",202213,-58,True,4,"Friday","F​​​​","Weekday","FY2022","FQ4 2022"
20220404,2022-04-04 00:00:00.000,2022,-1,True,2,"Q2",4,"April",14,"W14 2022",202214,-57,True,0,"Monday","M","Weekday","FY2022","FQ4 2022"
20220405,2022-04-05 00:00:00.000,2022,-1,True,2,"Q2",4,"April",14,"W14 2022",202214,-57,True,1,"Tuesday","T​","Weekday","FY2022","FQ4 2022"
20220406,2022-04-06 00:00:00.000,2022,-1,True,2,"Q2",4,"April",14,"W14 2022",202214,-57,True,2,"Wednesday","W​​","Weekday","FY2022","FQ4 2022"
20220407,2022-04-07 00:00:00.000,2022,-1,True,2,"Q2",4,"April",14,"W14 2022",202214,-57,True,3,"Thursday","T​​​","Weekday","FY2022","FQ4 2022"
20220408,2022-04-08 00:00:00.000,2022,-1,True,2,"Q2",4,"April",14,"W14 2022",202214,-57,True,4,"Friday","F​​​​","Weekday","FY2022","FQ4 2022"
20220411,2022-04-11 00:00:00.000,2022,-1,True,2,"Q2",4,"April",15,"W15 2022",202215,-56,True,0,"Monday","M","Weekday","FY2022","FQ4 2022"
20220412,2022-04-12 00:00:00.000,2022,-1,True,2,"Q2",4,"April",15,"W15 2022",202215,-56,True,1,"Tuesday","T​","Weekday","FY2022","FQ4 2022"
20220413,2022-04-13 00:00:00.000,2022,-1,True,2,"Q2",4,"April",15,"W15 2022",202215,-56,True,2,"Wednesday","W​​","Weekday","FY2022","FQ4 2022"
20220414,2022-04-14 00:00:00.000,2022,-1,True,2,"Q2",4,"April",15,"W15 2022",202215,-56,True,3,"Thursday","T​​​","Weekday","FY2022","FQ4 2022"
20220415,2022-04-15 00:00:00.000,2022,-1,True,2,"Q2",4,"April",15,"W15 2022",202215,-56,True,4,"Friday","F​​​​","Weekday","FY2022","FQ4 2022"
20220418,2022-04-18 00:00:00.000,2022,-1,True,2,"Q2",4,"April",16,"W16 2022",202216,-55,True,0,"Monday","M","Weekday","FY2022","FQ4 2022"
20220419,2022-04-19 00:00:00.000,2022,-1,True,2,"Q2",4,"April",16,"W16 2022",202216,-55,True,1,"Tuesday","T​","Weekday","FY2022","FQ4 2022"
20220420,2022-04-20 00:00:00.000,2022,-1,True,2,"Q2",4,"April",16,"W16 2022",202216,-55,True,2,"Wednesday","W​​","Weekday","FY2022","FQ4 2022"
20220421,2022-04-21 00:00:00.000,2022,-1,True,2,"Q2",4,"April",16,"W16 2022",202216,-55,True,3,"Thursday","T​​​","Weekday","FY2022","FQ4 2022"
20220422,2022-04-22 00:00:00.000,2022,-1,True,2,"Q2",4,"April",16,"W16 2022",202216,-55,True,4,"Friday","F​​​​","Weekday","FY2022","FQ4 2022"
20220425,2022-04-25 00:00:00.000,2022,-1,True,2,"Q2",4,"April",17,"W17 2022",202217,-54,True,0,"Monday","M","Weekday","FY2022","FQ4 2022"
20220426,2022-04-26 00:00:00.000,2022,-1,True,2,"Q2",4,"April",17,"W17 2022",202217,-54,True,1,"Tuesday","T​","Weekday","FY2022","FQ4 2022"
20220427,2022-04-27 00:00:00.000,2022,-1,True,2,"Q2",4,"April",17,"W17 2022",202217,-54,True,2,"Wednesday","W​​","Weekday","FY2022","FQ4 2022"
20220428,2022-04-28 00:00:00.000,2022,-1,True,2,"Q2",4,"April",17,"W17 2022",202217,-54,True,3,"Thursday","T​​​","Weekday","FY2022","FQ4 2022"
20220429,2022-04-29 00:00:00.000,2022,-1,True,2,"Q2",4,"April",17,"W17 2022",202217,-54,True,4,"Friday","F​​​​","Weekday","FY2022","FQ4 2022"
20220502,2022-05-02 00:00:00.000,2022,-1,True,2,"Q2",5,"May",18,"W18 2022",202218,-53,True,0,"Monday","M","Weekday","FY2022","FQ4 2022"
20220503,2022-05-03 00:00:00.000,2022,-1,True,2,"Q2",5,"May",18,"W18 2022",202218,-53,True,1,"Tuesday","T​","Weekday","FY2022","FQ4 2022"
20220504,2022-05-04 00:00:00.000,2022,-1,True,2,"Q2",5,"May",18,"W18 2022",202218,-53,True,2,"Wednesday","W​​","Weekday","FY2022","FQ4 2022"
20220505,2022-05-05 00:00:00.000,2022,-1,True,2,"Q2",5,"May",18,"W18 2022",202218,-53,True,3,"Thursday","T​​​","Weekday","FY2022","FQ4 2022"
20220506,2022-05-06 00:00:00.000,2022,-1,True,2,"Q2",5,"May",18,"W18 2022",202218,-53,True,4,"Friday","F​​​​","Weekday","FY2022","FQ4 2022"
20220509,2022-05-09 00:00:00.000,2022,-1,True,2,"Q2",5,"May",19,"W19 2022",202219,-52,True,0,"Monday","M","Weekday","FY2022","FQ4 2022"
20220510,2022-05-10 00:00:00.000,2022,-1,True,2,"Q2",5,"May",19,"W19 2022",202219,-52,True,1,"Tuesday","T​","Weekday","FY2022","FQ4 2022"
20220511,2022-05-11 00:00:00.000,2022,-1,True,2,"Q2",5,"May",19,"W19 2022",202219,-52,True,2,"Wednesday","W​​","Weekday","FY2022","FQ4 2022"
20220512,2022-05-12 00:00:00.000,2022,-1,True,2,"Q2",5,"May",19,"W19 2022",202219,-52,True,3,"Thursday","T​​​","Weekday","FY2022","FQ4 2022"
20220513,2022-05-13 00:00:00.000,2022,-1,True,2,"Q2",5,"May",19,"W19 2022",202219,-52,True,4,"Friday","F​​​​","Weekday","FY2022","FQ4 2022"
20220516,2022-05-16 00:00:00.000,2022,-1,True,2,"Q2",5,"May",20,"W20 2022",202220,-51,True,0,"Monday","M","Weekday","FY2022","FQ4 2022"
20220517,2022-05-17 00:00:00.000,2022,-1,True,2,"Q2",5,"May",20,"W20 2022",202220,-51,True,1,"Tuesday","T​","Weekday","FY2022","FQ4 2022"
20220518,2022-05-18 00:00:00.000,2022,-1,True,2,"Q2",5,"May",20,"W20 2022",202220,-51,True,2,"Wednesday","W​​","Weekday","FY2022","FQ4 2022"
20220519,2022-05-19 00:00:00.000,2022,-1,True,2,"Q2",5,"May",20,"W20 2022",202220,-51,True,3,"Thursday","T​​​","Weekday","FY2022","FQ4 2022"
20220520,2022-05-20 00:00:00.000,2022,-1,True,2,"Q2",5,"May",20,"W20 2022",202220,-51,True,4,"Friday","F​​​​","Weekday","FY2022","FQ4 2022"
20220523,2022-05-23 00:00:00.000,2022,-1,True,2,"Q2",5,"May",21,"W21 2022",202221,-50,True,0,"Monday","M","Weekday","FY2022","FQ4 2022"
20220524,2022-05-24 00:00:00.000,2022,-1,True,2,"Q2",5,"May",21,"W21 2022",202221,-50,True,1,"Tuesday","T​","Weekday","FY2022","FQ4 2022"
20220525,2022-05-25 00:00:00.000,2022,-1,True,2,"Q2",5,"May",21,"W21 2022",202221,-50,True,2,"Wednesday","W​​","Weekday","FY2022","FQ4 2022"
20220526,2022-05-26 00:00:00.000,2022,-1,True,2,"Q2",5,"May",21,"W21 2022",202221,-50,True,3,"Thursday","T​​​","Weekday","FY2022","FQ4 2022"
20220527,2022-05-27 00:00:00.000,2022,-1,True,2,"Q2",5,"May",21,"W21 2022",202221,-50,True,4,"Friday","F​​​​","Weekday","FY2022","FQ4 2022"
20220530,2022-05-30 00:00:00.000,2022,-1,True,2,"Q2",5,"May",22,"W22 2022",202222,-49,True,0,"Monday","M","Weekday","FY2022","FQ4 2022"
20220531,2022-05-31 00:00:00.000,2022,-1,True,2,"Q2",5,"May",22,"W22 2022",202222,-49,True,1,"Tuesday","T​","Weekday","FY2022","FQ4 2022"
20220601,2022-06-01 00:00:00.000,2022,-1,True,2,"Q2",6,"June",22,"W22 2022",202222,-49,True,2,"Wednesday","W​​","Weekday","FY2022","FQ4 2022"
20220602,2022-06-02 00:00:00.000,2022,-1,True,2,"Q2",6,"June",22,"W22 2022",202222,-49,True,3,"Thursday","T​​​","Weekday","FY2022","FQ4 2022"
20220603,2022-06-03 00:00:00.000,2022,-1,True,2,"Q2",6,"June",22,"W22 2022",202222,-49,True,4,"Friday","F​​​​","Weekday","FY2022","FQ4 2022"
20220606,2022-06-06 00:00:00.000,2022,-1,True,2,"Q2",6,"June",23,"W23 2022",202223,-48,True,0,"Monday","M","Weekday","FY2022","FQ4 2022"
20220607,2022-06-07 00:00:00.000,2022,-1,True,2,"Q2",6,"June",23,"W23 2022",202223,-48,True,1,"Tuesday","T​","Weekday","FY2022","FQ4 2022"
20220608,2022-06-08 00:00:00.000,2022,-1,True,2,"Q2",6,"June",23,"W23 2022",202223,-48,True,2,"Wednesday","W​​","Weekday","FY2022","FQ4 2022"
20220609,2022-06-09 00:00:00.000,2022,-1,True,2,"Q2",6,"June",23,"W23 2022",202223,-48,True,3,"Thursday","T​​​","Weekday","FY2022","FQ4 2022"
20220610,2022-06-10 00:00:00.000,2022,-1,True,2,"Q2",6,"June",23,"W23 2022",202223,-48,True,4,"Friday","F​​​​","Weekday","FY2022","FQ4 2022"
20220613,2022-06-13 00:00:00.000,2022,-1,True,2,"Q2",6,"June",24,"W24 2022",202224,-47,True,0,"Monday","M","Weekday","FY2022","FQ4 2022"
20220614,2022-06-14 00:00:00.000,2022,-1,True,2,"Q2",6,"June",24,"W24 2022",202224,-47,True,1,"Tuesday","T​","Weekday","FY2022","FQ4 2022"
20220615,2022-06-15 00:00:00.000,2022,-1,True,2,"Q2",6,"June",24,"W24 2022",202224,-47,True,2,"Wednesday","W​​","Weekday","FY2022","FQ4 2022"
20220616,2022-06-16 00:00:00.000,2022,-1,True,2,"Q2",6,"June",24,"W24 2022",202224,-47,True,3,"Thursday","T​​​","Weekday","FY2022","FQ4 2022"
20220617,2022-06-17 00:00:00.000,2022,-1,True,2,"Q2",6,"June",24,"W24 2022",202224,-47,True,4,"Friday","F​​​​","Weekday","FY2022","FQ4 2022"
20220620,2022-06-20 00:00:00.000,2022,-1,True,2,"Q2",6,"June",25,"W25 2022",202225,-46,True,0,"Monday","M","Weekday","FY2022","FQ4 2022"
20220621,2022-06-21 00:00:00.000,2022,-1,True,2,"Q2",6,"June",25,"W25 2022",202225,-46,True,1,"Tuesday","T​","Weekday","FY2022","FQ4 2022"
20220622,2022-06-22 00:00:00.000,2022,-1,True,2,"Q2",6,"June",25,"W25 2022",202225,-46,True,2,"Wednesday","W​​","Weekday","FY2022","FQ4 2022"
20220623,2022-06-23 00:00:00.000,2022,-1,True,2,"Q2",6,"June",25,"W25 2022",202225,-46,True,3,"Thursday","T​​​","Weekday","FY2022","FQ4 2022"
20220624,2022-06-24 00:00:00.000,2022,-1,True,2,"Q2",6,"June",25,"W25 2022",202225,-46,True,4,"Friday","F​​​​","Weekday","FY2022","FQ4 2022"
20220627,2022-06-27 00:00:00.000,2022,-1,True,2,"Q2",6,"June",26,"W26 2022",202226,-45,True,0,"Monday","M","Weekday","FY2022","FQ4 2022"
20220628,2022-06-28 00:00:00.000,2022,-1,True,2,"Q2",6,"June",26,"W26 2022",202226,-45,True,1,"Tuesday","T​","Weekday","FY2022","FQ4 2022"
20220629,2022-06-29 00:00:00.000,2022,-1,True,2,"Q2",6,"June",26,"W26 2022",202226,-45,True,2,"Wednesday","W​​","Weekday","FY2022","FQ4 2022"
20220630,2022-06-30 00:00:00.000,2022,-1,True,2,"Q2",6,"June",26,"W26 2022",202226,-45,True,3,"Thursday","T​​​","Weekday","FY2022","FQ4 2022"
20220103,2022-01-03 00:00:00.000,2022,-1,True,1,"Q1",1,"January",1,"W01 2022",202201,-70,True,0,"Monday","M","Weekday","FY2022","FQ3 2022"
20220104,2022-01-04 00:00:00.000,2022,-1,True,1,"Q1",1,"January",1,"W01 2022",202201,-70,True,1,"Tuesday","T​","Weekday","FY2022","FQ3 2022"
20220105,2022-01-05 00:00:00.000,2022,-1,True,1,"Q1",1,"January",1,"W01 2022",202201,-70,True,2,"Wednesday","W​​","Weekday","FY2022","FQ3 2022"
20220106,2022-01-06 00:00:00.000,2022,-1,True,1,"Q1",1,"January",1,"W01 2022",202201,-70,True,3,"Thursday","T​​​","Weekday","FY2022","FQ3 2022"
20220107,2022-01-07 00:00:00.000,2022,-1,True,1,"Q1",1,"January",1,"W01 2022",202201,-70,True,4,"Friday","F​​​​","Weekday","FY2022","FQ3 2022"
20220110,2022-01-10 00:00:00.000,2022,-1,True,1,"Q1",1,"January",2,"W02 2022",202202,-69,True,0,"Monday","M","Weekday","FY2022","FQ3 2022"
20220111,2022-01-11 00:00:00.000,2022,-1,True,1,"Q1",1,"January",2,"W02 2022",202202,-69,True,1,"Tuesday","T​","Weekday","FY2022","FQ3 2022"
20220112,2022-01-12 00:00:00.000,2022,-1,True,1,"Q1",1,"January",2,"W02 2022",202202,-69,True,2,"Wednesday","W​​","Weekday","FY2022","FQ3 2022"
20220113,2022-01-13 00:00:00.000,2022,-1,True,1,"Q1",1,"January",2,"W02 2022",202202,-69,True,3,"Thursday","T​​​","Weekday","FY2022","FQ3 2022"
20220114,2022-01-14 00:00:00.000,2022,-1,True,1,"Q1",1,"January",2,"W02 2022",202202,-69,True,4,"Friday","F​​​​","Weekday","FY2022","FQ3 2022"
20220117,2022-01-17 00:00:00.000,2022,-1,True,1,"Q1",1,"January",3,"W03 2022",202203,-68,True,0,"Monday","M","Weekday","FY2022","FQ3 2022"
20220118,2022-01-18 00:00:00.000,2022,-1,True,1,"Q1",1,"January",3,"W03 2022",202203,-68,True,1,"Tuesday","T​","Weekday","FY2022","FQ3 2022"
20220119,2022-01-19 00:00:00.000,2022,-1,True,1,"Q1",1,"January",3,"W03 2022",202203,-68,True,2,"Wednesday","W​​","Weekday","FY2022","FQ3 2022"
20220120,2022-01-20 00:00:00.000,2022,-1,True,1,"Q1",1,"January",3,"W03 2022",202203,-68,True,3,"Thursday","T​​​","Weekday","FY2022","FQ3 2022"
20220121,2022-01-21 00:00:00.000,2022,-1,True,1,"Q1",1,"January",3,"W03 2022",202203,-68,True,4,"Friday","F​​​​","Weekday","FY2022","FQ3 2022"
20220124,2022-01-24 00:00:00.000,2022,-1,True,1,"Q1",1,"January",4,"W04 2022",202204,-67,True,0,"Monday","M","Weekday","FY2022","FQ3 2022"
20220125,2022-01-25 00:00:00.000,2022,-1,True,1,"Q1",1,"January",4,"W04 2022",202204,-67,True,1,"Tuesday","T​","Weekday","FY2022","FQ3 2022"
20220126,2022-01-26 00:00:00.000,2022,-1,True,1,"Q1",1,"January",4,"W04 2022",202204,-67,True,2,"Wednesday","W​​","Weekday","FY2022","FQ3 2022"
20220127,2022-01-27 00:00:00.000,2022,-1,True,1,"Q1",1,"January",4,"W04 2022",202204,-67,True,3,"Thursday","T​​​","Weekday","FY2022","FQ3 2022"
20220128,2022-01-28 00:00:00.000,2022,-1,True,1,"Q1",1,"January",4,"W04 2022",202204,-67,True,4,"Friday","F​​​​","Weekday","FY2022","FQ3 2022"
20220131,2022-01-31 00:00:00.000,2022,-1,True,1,"Q1",1,"January",5,"W05 2022",202205,-66,True,0,"Monday","M","Weekday","FY2022","FQ3 2022"
20220201,2022-02-01 00:00:00.000,2022,-1,True,1,"Q1",2,"February",5,"W05 2022",202205,-66,True,1,"Tuesday","T​","Weekday","FY2022","FQ3 2022"
20220202,2022-02-02 00:00:00.000,2022,-1,True,1,"Q1",2,"February",5,"W05 2022",202205,-66,True,2,"Wednesday","W​​","Weekday","FY2022","FQ3 2022"
20220203,2022-02-03 00:00:00.000,2022,-1,True,1,"Q1",2,"February",5,"W05 2022",202205,-66,True,3,"Thursday","T​​​","Weekday","FY2022","FQ3 2022"
20220204,2022-02-04 00:00:00.000,2022,-1,True,1,"Q1",2,"February",5,"W05 2022",202205,-66,True,4,"Friday","F​​​​","Weekday","FY2022","FQ3 2022"
20220207,2022-02-07 00:00:00.000,2022,-1,True,1,"Q1",2,"February",6,"W06 2022",202206,-65,True,0,"Monday","M","Weekday","FY2022","FQ3 2022"
20220208,2022-02-08 00:00:00.000,2022,-1,True,1,"Q1",2,"February",6,"W06 2022",202206,-65,True,1,"Tuesday","T​","Weekday","FY2022","FQ3 2022"
20220209,2022-02-09 00:00:00.000,2022,-1,True,1,"Q1",2,"February",6,"W06 2022",202206,-65,True,2,"Wednesday","W​​","Weekday","FY2022","FQ3 2022"
20220210,2022-02-10 00:00:00.000,2022,-1,True,1,"Q1",2,"February",6,"W06 2022",202206,-65,True,3,"Thursday","T​​​","Weekday","FY2022","FQ3 2022"
20220211,2022-02-11 00:00:00.000,2022,-1,True,1,"Q1",2,"February",6,"W06 2022",202206,-65,True,4,"Friday","F​​​​","Weekday","FY2022","FQ3 2022"
20220214,2022-02-14 00:00:00.000,2022,-1,True,1,"Q1",2,"February",7,"W07 2022",202207,-64,True,0,"Monday","M","Weekday","FY2022","FQ3 2022"
20220215,2022-02-15 00:00:00.000,2022,-1,True,1,"Q1",2,"February",7,"W07 2022",202207,-64,True,1,"Tuesday","T​","Weekday","FY2022","FQ3 2022"
20220216,2022-02-16 00:00:00.000,2022,-1,True,1,"Q1",2,"February",7,"W07 2022",202207,-64,True,2,"Wednesday","W​​","Weekday","FY2022","FQ3 2022"
20220217,2022-02-17 00:00:00.000,2022,-1,True,1,"Q1",2,"February",7,"W07 2022",202207,-64,True,3,"Thursday","T​​​","Weekday","FY2022","FQ3 2022"
20220218,2022-02-18 00:00:00.000,2022,-1,True,1,"Q1",2,"February",7,"W07 2022",202207,-64,True,4,"Friday","F​​​​","Weekday","FY2022","FQ3 2022"
20220221,2022-02-21 00:00:00.000,2022,-1,True,1,"Q1",2,"February",8,"W08 2022",202208,-63,True,0,"Monday","M","Weekday","FY2022","FQ3 2022"
20220222,2022-02-22 00:00:00.000,2022,-1,True,1,"Q1",2,"February",8,"W08 2022",202208,-63,True,1,"Tuesday","T​","Weekday","FY2022","FQ3 2022"
20220223,2022-02-23 00:00:00.000,2022,-1,True,1,"Q1",2,"February",8,"W08 2022",202208,-63,True,2,"Wednesday","W​​","Weekday","FY2022","FQ3 2022"
20220224,2022-02-24 00:00:00.000,2022,-1,True,1,"Q1",2,"February",8,"W08 2022",202208,-63,True,3,"Thursday","T​​​","Weekday","FY2022","FQ3 2022"
20220225,2022-02-25 00:00:00.000,2022,-1,True,1,"Q1",2,"February",8,"W08 2022",202208,-63,True,4,"Friday","F​​​​","Weekday","FY2022","FQ3 2022"
20220228,2022-02-28 00:00:00.000,2022,-1,True,1,"Q1",2,"February",9,"W09 2022",202209,-62,True,0,"Monday","M","Weekday","FY2022","FQ3 2022"
20220301,2022-03-01 00:00:00.000,2022,-1,True,1,"Q1",3,"March",9,"W09 2022",202209,-62,True,1,"Tuesday","T​","Weekday","FY2022","FQ3 2022"
20220302,2022-03-02 00:00:00.000,2022,-1,True,1,"Q1",3,"March",9,"W09 2022",202209,-62,True,2,"Wednesday","W​​","Weekday","FY2022","FQ3 2022"
20220303,2022-03-03 00:00:00.000,2022,-1,True,1,"Q1",3,"March",9,"W09 2022",202209,-62,True,3,"Thursday","T​​​","Weekday","FY2022","FQ3 2022"
20220304,2022-03-04 00:00:00.000,2022,-1,True,1,"Q1",3,"March",9,"W09 2022",202209,-62,True,4,"Friday","F​​​​","Weekday","FY2022","FQ3 2022"
20220307,2022-03-07 00:00:00.000,2022,-1,True,1,"Q1",3,"March",10,"W10 2022",202210,-61,True,0,"Monday","M","Weekday","FY2022","FQ3 2022"
20220308,2022-03-08 00:00:00.000,2022,-1,True,1,"Q1",3,"March",10,"W10 2022",202210,-61,True,1,"Tuesday","T​","Weekday","FY2022","FQ3 2022"
20220309,2022-03-09 00:00:00.000,2022,-1,True,1,"Q1",3,"March",10,"W10 2022",202210,-61,True,2,"Wednesday","W​​","Weekday","FY2022","FQ3 2022"
20220310,2022-03-10 00:00:00.000,2022,-1,True,1,"Q1",3,"March",10,"W10 2022",202210,-61,True,3,"Thursday","T​​​","Weekday","FY2022","FQ3 2022"
20220311,2022-03-11 00:00:00.000,2022,-1,True,1,"Q1",3,"March",10,"W10 2022",202210,-61,True,4,"Friday","F​​​​","Weekday","FY2022","FQ3 2022"
20220314,2022-03-14 00:00:00.000,2022,-1,True,1,"Q1",3,"March",11,"W11 2022",202211,-60,True,0,"Monday","M","Weekday","FY2022","FQ3 2022"
20220315,2022-03-15 00:00:00.000,2022,-1,True,1,"Q1",3,"March",11,"W11 2022",202211,-60,True,1,"Tuesday","T​","Weekday","FY2022","FQ3 2022"
20220316,2022-03-16 00:00:00.000,2022,-1,True,1,"Q1",3,"March",11,"W11 2022",202211,-60,True,2,"Wednesday","W​​","Weekday","FY2022","FQ3 2022"
20220317,2022-03-17 00:00:00.000,2022,-1,True,1,"Q1",3,"March",11,"W11 2022",202211,-60,True,3,"Thursday","T​​​","Weekday","FY2022","FQ3 2022"
20220318,2022-03-18 00:00:00.000,2022,-1,True,1,"Q1",3,"March",11,"W11 2022",202211,-60,True,4,"Friday","F​​​​","Weekday","FY2022","FQ3 2022"
20220321,2022-03-21 00:00:00.000,2022,-1,True,1,"Q1",3,"March",12,"W12 2022",202212,-59,True,0,"Monday","M","Weekday","FY2022","FQ3 2022"
20220322,2022-03-22 00:00:00.000,2022,-1,True,1,"Q1",3,"March",12,"W12 2022",202212,-59,True,1,"Tuesday","T​","Weekday","FY2022","FQ3 2022"
20220323,2022-03-23 00:00:00.000,2022,-1,True,1,"Q1",3,"March",12,"W12 2022",202212,-59,True,2,"Wednesday","W​​","Weekday","FY2022","FQ3 2022"
20220324,2022-03-24 00:00:00.000,2022,-1,True,1,"Q1",3,"March",12,"W12 2022",202212,-59,True,3,"Thursday","T​​​","Weekday","FY2022","FQ3 2022"
20220325,2022-03-25 00:00:00.000,2022,-1,True,1,"Q1",3,"March",12,"W12 2022",202212,-59,True,4,"Friday","F​​​​","Weekday","FY2022","FQ3 2022"
20220328,2022-03-28 00:00:00.000,2022,-1,True,1,"Q1",3,"March",13,"W13 2022",202213,-58,True,0,"Monday","M","Weekday","FY2022","FQ3 2022"
20220329,2022-03-29 00:00:00.000,2022,-1,True,1,"Q1",3,"March",13,"W13 2022",202213,-58,True,1,"Tuesday","T​","Weekday","FY2022","FQ3 2022"
20220330,2022-03-30 00:00:00.000,2022,-1,True,1,"Q1",3,"March",13,"W13 2022",202213,-58,True,2,"Wednesday","W​​","Weekday","FY2022","FQ3 2022"
20220331,2022-03-31 00:00:00.000,2022,-1,True,1,"Q1",3,"March",13,"W13 2022",202213,-58,True,3,"Thursday","T​​​","Weekday","FY2022","FQ3 2022"
20190101,2019-01-01 00:00:00.000,2019,-4,True,1,"Q1",1,"January",1,"W01 2019",201901,-227,True,1,"Tuesday","T​","Weekday","FY2019","FQ3 2019"
20190102,2019-01-02 00:00:00.000,2019,-4,True,1,"Q1",1,"January",1,"W01 2019",201901,-227,True,2,"Wednesday","W​​","Weekday","FY2019","FQ3 2019"
20190103,2019-01-03 00:00:00.000,2019,-4,True,1,"Q1",1,"January",1,"W01 2019",201901,-227,True,3,"Thursday","T​​​","Weekday","FY2019","FQ3 2019"
20190104,2019-01-04 00:00:00.000,2019,-4,True,1,"Q1",1,"January",1,"W01 2019",201901,-227,True,4,"Friday","F​​​​","Weekday","FY2019","FQ3 2019"
20190107,2019-01-07 00:00:00.000,2019,-4,True,1,"Q1",1,"January",2,"W02 2019",201902,-226,True,0,"Monday","M","Weekday","FY2019","FQ3 2019"
20190108,2019-01-08 00:00:00.000,2019,-4,True,1,"Q1",1,"January",2,"W02 2019",201902,-226,True,1,"Tuesday","T​","Weekday","FY2019","FQ3 2019"
20190109,2019-01-09 00:00:00.000,2019,-4,True,1,"Q1",1,"January",2,"W02 2019",201902,-226,True,2,"Wednesday","W​​","Weekday","FY2019","FQ3 2019"
20190110,2019-01-10 00:00:00.000,2019,-4,True,1,"Q1",1,"January",2,"W02 2019",201902,-226,True,3,"Thursday","T​​​","Weekday","FY2019","FQ3 2019"
20190111,2019-01-11 00:00:00.000,2019,-4,True,1,"Q1",1,"January",2,"W02 2019",201902,-226,True,4,"Friday","F​​​​","Weekday","FY2019","FQ3 2019"
20190114,2019-01-14 00:00:00.000,2019,-4,True,1,"Q1",1,"January",3,"W03 2019",201903,-225,True,0,"Monday","M","Weekday","FY2019","FQ3 2019"
20190115,2019-01-15 00:00:00.000,2019,-4,True,1,"Q1",1,"January",3,"W03 2019",201903,-225,True,1,"Tuesday","T​","Weekday","FY2019","FQ3 2019"
20190116,2019-01-16 00:00:00.000,2019,-4,True,1,"Q1",1,"January",3,"W03 2019",201903,-225,True,2,"Wednesday","W​​","Weekday","FY2019","FQ3 2019"
20190117,2019-01-17 00:00:00.000,2019,-4,True,1,"Q1",1,"January",3,"W03 2019",201903,-225,True,3,"Thursday","T​​​","Weekday","FY2019","FQ3 2019"
20190118,2019-01-18 00:00:00.000,2019,-4,True,1,"Q1",1,"January",3,"W03 2019",201903,-225,True,4,"Friday","F​​​​","Weekday","FY2019","FQ3 2019"
20190121,2019-01-21 00:00:00.000,2019,-4,True,1,"Q1",1,"January",4,"W04 2019",201904,-224,True,0,"Monday","M","Weekday","FY2019","FQ3 2019"
20190122,2019-01-22 00:00:00.000,2019,-4,True,1,"Q1",1,"January",4,"W04 2019",201904,-224,True,1,"Tuesday","T​","Weekday","FY2019","FQ3 2019"
20190123,2019-01-23 00:00:00.000,2019,-4,True,1,"Q1",1,"January",4,"W04 2019",201904,-224,True,2,"Wednesday","W​​","Weekday","FY2019","FQ3 2019"
20190124,2019-01-24 00:00:00.000,2019,-4,True,1,"Q1",1,"January",4,"W04 2019",201904,-224,True,3,"Thursday","T​​​","Weekday","FY2019","FQ3 2019"
20190125,2019-01-25 00:00:00.000,2019,-4,True,1,"Q1",1,"January",4,"W04 2019",201904,-224,True,4,"Friday","F​​​​","Weekday","FY2019","FQ3 2019"
20190128,2019-01-28 00:00:00.000,2019,-4,True,1,"Q1",1,"January",5,"W05 2019",201905,-223,True,0,"Monday","M","Weekday","FY2019","FQ3 2019"
20190129,2019-01-29 00:00:00.000,2019,-4,True,1,"Q1",1,"January",5,"W05 2019",201905,-223,True,1,"Tuesday","T​","Weekday","FY2019","FQ3 2019"
20190130,2019-01-30 00:00:00.000,2019,-4,True,1,"Q1",1,"January",5,"W05 2019",201905,-223,True,2,"Wednesday","W​​","Weekday","FY2019","FQ3 2019"
20190131,2019-01-31 00:00:00.000,2019,-4,True,1,"Q1",1,"January",5,"W05 2019",201905,-223,True,3,"Thursday","T​​​","Weekday","FY2019","FQ3 2019"
20190201,2019-02-01 00:00:00.000,2019,-4,True,1,"Q1",2,"February",5,"W05 2019",201905,-223,True,4,"Friday","F​​​​","Weekday","FY2019","FQ3 2019"
20190204,2019-02-04 00:00:00.000,2019,-4,True,1,"Q1",2,"February",6,"W06 2019",201906,-222,True,0,"Monday","M","Weekday","FY2019","FQ3 2019"
20190205,2019-02-05 00:00:00.000,2019,-4,True,1,"Q1",2,"February",6,"W06 2019",201906,-222,True,1,"Tuesday","T​","Weekday","FY2019","FQ3 2019"
20190206,2019-02-06 00:00:00.000,2019,-4,True,1,"Q1",2,"February",6,"W06 2019",201906,-222,True,2,"Wednesday","W​​","Weekday","FY2019","FQ3 2019"
20190207,2019-02-07 00:00:00.000,2019,-4,True,1,"Q1",2,"February",6,"W06 2019",201906,-222,True,3,"Thursday","T​​​","Weekday","FY2019","FQ3 2019"
20190208,2019-02-08 00:00:00.000,2019,-4,True,1,"Q1",2,"February",6,"W06 2019",201906,-222,True,4,"Friday","F​​​​","Weekday","FY2019","FQ3 2019"
20190211,2019-02-11 00:00:00.000,2019,-4,True,1,"Q1",2,"February",7,"W07 2019",201907,-221,True,0,"Monday","M","Weekday","FY2019","FQ3 2019"
20190212,2019-02-12 00:00:00.000,2019,-4,True,1,"Q1",2,"February",7,"W07 2019",201907,-221,True,1,"Tuesday","T​","Weekday","FY2019","FQ3 2019"
20190213,2019-02-13 00:00:00.000,2019,-4,True,1,"Q1",2,"February",7,"W07 2019",201907,-221,True,2,"Wednesday","W​​","Weekday","FY2019","FQ3 2019"
20190214,2019-02-14 00:00:00.000,2019,-4,True,1,"Q1",2,"February",7,"W07 2019",201907,-221,True,3,"Thursday","T​​​","Weekday","FY2019","FQ3 2019"
20190215,2019-02-15 00:00:00.000,2019,-4,True,1,"Q1",2,"February",7,"W07 2019",201907,-221,True,4,"Friday","F​​​​","Weekday","FY2019","FQ3 2019"
20190218,2019-02-18 00:00:00.000,2019,-4,True,1,"Q1",2,"February",8,"W08 2019",201908,-220,True,0,"Monday","M","Weekday","FY2019","FQ3 2019"
20190219,2019-02-19 00:00:00.000,2019,-4,True,1,"Q1",2,"February",8,"W08 2019",201908,-220,True,1,"Tuesday","T​","Weekday","FY2019","FQ3 2019"
20190220,2019-02-20 00:00:00.000,2019,-4,True,1,"Q1",2,"February",8,"W08 2019",201908,-220,True,2,"Wednesday","W​​","Weekday","FY2019","FQ3 2019"
20190221,2019-02-21 00:00:00.000,2019,-4,True,1,"Q1",2,"February",8,"W08 2019",201908,-220,True,3,"Thursday","T​​​","Weekday","FY2019","FQ3 2019"
20190222,2019-02-22 00:00:00.000,2019,-4,True,1,"Q1",2,"February",8,"W08 2019",201908,-220,True,4,"Friday","F​​​​","Weekday","FY2019","FQ3 2019"
20190225,2019-02-25 00:00:00.000,2019,-4,True,1,"Q1",2,"February",9,"W09 2019",201909,-219,True,0,"Monday","M","Weekday","FY2019","FQ3 2019"
20190226,2019-02-26 00:00:00.000,2019,-4,True,1,"Q1",2,"February",9,"W09 2019",201909,-219,True,1,"Tuesday","T​","Weekday","FY2019","FQ3 2019"
20190227,2019-02-27 00:00:00.000,2019,-4,True,1,"Q1",2,"February",9,"W09 2019",201909,-219,True,2,"Wednesday","W​​","Weekday","FY2019","FQ3 2019"
20190228,2019-02-28 00:00:00.000,2019,-4,True,1,"Q1",2,"February",9,"W09 2019",201909,-219,True,3,"Thursday","T​​​","Weekday","FY2019","FQ3 2019"
20190301,2019-03-01 00:00:00.000,2019,-4,True,1,"Q1",3,"March",9,"W09 2019",201909,-219,True,4,"Friday","F​​​​","Weekday","FY2019","FQ3 2019"
20190304,2019-03-04 00:00:00.000,2019,-4,True,1,"Q1",3,"March",10,"W10 2019",201910,-218,True,0,"Monday","M","Weekday","FY2019","FQ3 2019"
20190305,2019-03-05 00:00:00.000,2019,-4,True,1,"Q1",3,"March",10,"W10 2019",201910,-218,True,1,"Tuesday","T​","Weekday","FY2019","FQ3 2019"
20190306,2019-03-06 00:00:00.000,2019,-4,True,1,"Q1",3,"March",10,"W10 2019",201910,-218,True,2,"Wednesday","W​​","Weekday","FY2019","FQ3 2019"
20190307,2019-03-07 00:00:00.000,2019,-4,True,1,"Q1",3,"March",10,"W10 2019",201910,-218,True,3,"Thursday","T​​​","Weekday","FY2019","FQ3 2019"
20190308,2019-03-08 00:00:00.000,2019,-4,True,1,"Q1",3,"March",10,"W10 2019",201910,-218,True,4,"Friday","F​​​​","Weekday","FY2019","FQ3 2019"
20190311,2019-03-11 00:00:00.000,2019,-4,True,1,"Q1",3,"March",11,"W11 2019",201911,-217,True,0,"Monday","M","Weekday","FY2019","FQ3 2019"
20190312,2019-03-12 00:00:00.000,2019,-4,True,1,"Q1",3,"March",11,"W11 2019",201911,-217,True,1,"Tuesday","T​","Weekday","FY2019","FQ3 2019"
20190313,2019-03-13 00:00:00.000,2019,-4,True,1,"Q1",3,"March",11,"W11 2019",201911,-217,True,2,"Wednesday","W​​","Weekday","FY2019","FQ3 2019"
20190314,2019-03-14 00:00:00.000,2019,-4,True,1,"Q1",3,"March",11,"W11 2019",201911,-217,True,3,"Thursday","T​​​","Weekday","FY2019","FQ3 2019"
20190315,2019-03-15 00:00:00.000,2019,-4,True,1,"Q1",3,"March",11,"W11 2019",201911,-217,True,4,"Friday","F​​​​","Weekday","FY2019","FQ3 2019"
20190318,2019-03-18 00:00:00.000,2019,-4,True,1,"Q1",3,"March",12,"W12 2019",201912,-216,True,0,"Monday","M","Weekday","FY2019","FQ3 2019"
20190319,2019-03-19 00:00:00.000,2019,-4,True,1,"Q1",3,"March",12,"W12 2019",201912,-216,True,1,"Tuesday","T​","Weekday","FY2019","FQ3 2019"
20190320,2019-03-20 00:00:00.000,2019,-4,True,1,"Q1",3,"March",12,"W12 2019",201912,-216,True,2,"Wednesday","W​​","Weekday","FY2019","FQ3 2019"
20190321,2019-03-21 00:00:00.000,2019,-4,True,1,"Q1",3,"March",12,"W12 2019",201912,-216,True,3,"Thursday","T​​​","Weekday","FY2019","FQ3 2019"
20190322,2019-03-22 00:00:00.000,2019,-4,True,1,"Q1",3,"March",12,"W12 2019",201912,-216,True,4,"Friday","F​​​​","Weekday","FY2019","FQ3 2019"
20190325,2019-03-25 00:00:00.000,2019,-4,True,1,"Q1",3,"March",13,"W13 2019",201913,-215,True,0,"Monday","M","Weekday","FY2019","FQ3 2019"
20190326,2019-03-26 00:00:00.000,2019,-4,True,1,"Q1",3,"March",13,"W13 2019",201913,-215,True,1,"Tuesday","T​","Weekday","FY2019","FQ3 2019"
20190327,2019-03-27 00:00:00.000,2019,-4,True,1,"Q1",3,"March",13,"W13 2019",201913,-215,True,2,"Wednesday","W​​","Weekday","FY2019","FQ3 2019"
20190328,2019-03-28 00:00:00.000,2019,-4,True,1,"Q1",3,"March",13,"W13 2019",201913,-215,True,3,"Thursday","T​​​","Weekday","FY2019","FQ3 2019"
20190329,2019-03-29 00:00:00.000,2019,-4,True,1,"Q1",3,"March",13,"W13 2019",201913,-215,True,4,"Friday","F​​​​","Weekday","FY2019","FQ3 2019"
20190401,2019-04-01 00:00:00.000,2019,-4,True,2,"Q2",4,"April",14,"W14 2019",201914,-214,True,0,"Monday","M","Weekday","FY2019","FQ4 2019"
20190402,2019-04-02 00:00:00.000,2019,-4,True,2,"Q2",4,"April",14,"W14 2019",201914,-214,True,1,"Tuesday","T​","Weekday","FY2019","FQ4 2019"
20190403,2019-04-03 00:00:00.000,2019,-4,True,2,"Q2",4,"April",14,"W14 2019",201914,-214,True,2,"Wednesday","W​​","Weekday","FY2019","FQ4 2019"
20190404,2019-04-04 00:00:00.000,2019,-4,True,2,"Q2",4,"April",14,"W14 2019",201914,-214,True,3,"Thursday","T​​​","Weekday","FY2019","FQ4 2019"
20190405,2019-04-05 00:00:00.000,2019,-4,True,2,"Q2",4,"April",14,"W14 2019",201914,-214,True,4,"Friday","F​​​​","Weekday","FY2019","FQ4 2019"
20190408,2019-04-08 00:00:00.000,2019,-4,True,2,"Q2",4,"April",15,"W15 2019",201915,-213,True,0,"Monday","M","Weekday","FY2019","FQ4 2019"
20190409,2019-04-09 00:00:00.000,2019,-4,True,2,"Q2",4,"April",15,"W15 2019",201915,-213,True,1,"Tuesday","T​","Weekday","FY2019","FQ4 2019"
20190410,2019-04-10 00:00:00.000,2019,-4,True,2,"Q2",4,"April",15,"W15 2019",201915,-213,True,2,"Wednesday","W​​","Weekday","FY2019","FQ4 2019"
20190411,2019-04-11 00:00:00.000,2019,-4,True,2,"Q2",4,"April",15,"W15 2019",201915,-213,True,3,"Thursday","T​​​","Weekday","FY2019","FQ4 2019"
20190412,2019-04-12 00:00:00.000,2019,-4,True,2,"Q2",4,"April",15,"W15 2019",201915,-213,True,4,"Friday","F​​​​","Weekday","FY2019","FQ4 2019"
20190415,2019-04-15 00:00:00.000,2019,-4,True,2,"Q2",4,"April",16,"W16 2019",201916,-212,True,0,"Monday","M","Weekday","FY2019","FQ4 2019"
20190416,2019-04-16 00:00:00.000,2019,-4,True,2,"Q2",4,"April",16,"W16 2019",201916,-212,True,1,"Tuesday","T​","Weekday","FY2019","FQ4 2019"
20190417,2019-04-17 00:00:00.000,2019,-4,True,2,"Q2",4,"April",16,"W16 2019",201916,-212,True,2,"Wednesday","W​​","Weekday","FY2019","FQ4 2019"
20190418,2019-04-18 00:00:00.000,2019,-4,True,2,"Q2",4,"April",16,"W16 2019",201916,-212,True,3,"Thursday","T​​​","Weekday","FY2019","FQ4 2019"
20190419,2019-04-19 00:00:00.000,2019,-4,True,2,"Q2",4,"April",16,"W16 2019",201916,-212,True,4,"Friday","F​​​​","Weekday","FY2019","FQ4 2019"
20190422,2019-04-22 00:00:00.000,2019,-4,True,2,"Q2",4,"April",17,"W17 2019",201917,-211,True,0,"Monday","M","Weekday","FY2019","FQ4 2019"
20190423,2019-04-23 00:00:00.000,2019,-4,True,2,"Q2",4,"April",17,"W17 2019",201917,-211,True,1,"Tuesday","T​","Weekday","FY2019","FQ4 2019"
20190424,2019-04-24 00:00:00.000,2019,-4,True,2,"Q2",4,"April",17,"W17 2019",201917,-211,True,2,"Wednesday","W​​","Weekday","FY2019","FQ4 2019"
20190425,2019-04-25 00:00:00.000,2019,-4,True,2,"Q2",4,"April",17,"W17 2019",201917,-211,True,3,"Thursday","T​​​","Weekday","FY2019","FQ4 2019"
20190426,2019-04-26 00:00:00.000,2019,-4,True,2,"Q2",4,"April",17,"W17 2019",201917,-211,True,4,"Friday","F​​​​","Weekday","FY2019","FQ4 2019"
20190429,2019-04-29 00:00:00.000,2019,-4,True,2,"Q2",4,"April",18,"W18 2019",201918,-210,True,0,"Monday","M","Weekday","FY2019","FQ4 2019"
20190430,2019-04-30 00:00:00.000,2019,-4,True,2,"Q2",4,"April",18,"W18 2019",201918,-210,True,1,"Tuesday","T​","Weekday","FY2019","FQ4 2019"
20190501,2019-05-01 00:00:00.000,2019,-4,True,2,"Q2",5,"May",18,"W18 2019",201918,-210,True,2,"Wednesday","W​​","Weekday","FY2019","FQ4 2019"
20190502,2019-05-02 00:00:00.000,2019,-4,True,2,"Q2",5,"May",18,"W18 2019",201918,-210,True,3,"Thursday","T​​​","Weekday","FY2019","FQ4 2019"
20190503,2019-05-03 00:00:00.000,2019,-4,True,2,"Q2",5,"May",18,"W18 2019",201918,-210,True,4,"Friday","F​​​​","Weekday","FY2019","FQ4 2019"
20190506,2019-05-06 00:00:00.000,2019,-4,True,2,"Q2",5,"May",19,"W19 2019",201919,-209,True,0,"Monday","M","Weekday","FY2019","FQ4 2019"
20190507,2019-05-07 00:00:00.000,2019,-4,True,2,"Q2",5,"May",19,"W19 2019",201919,-209,True,1,"Tuesday","T​","Weekday","FY2019","FQ4 2019"
20190508,2019-05-08 00:00:00.000,2019,-4,True,2,"Q2",5,"May",19,"W19 2019",201919,-209,True,2,"Wednesday","W​​","Weekday","FY2019","FQ4 2019"
20190509,2019-05-09 00:00:00.000,2019,-4,True,2,"Q2",5,"May",19,"W19 2019",201919,-209,True,3,"Thursday","T​​​","Weekday","FY2019","FQ4 2019"
20190510,2019-05-10 00:00:00.000,2019,-4,True,2,"Q2",5,"May",19,"W19 2019",201919,-209,True,4,"Friday","F​​​​","Weekday","FY2019","FQ4 2019"
20190513,2019-05-13 00:00:00.000,2019,-4,True,2,"Q2",5,"May",20,"W20 2019",201920,-208,True,0,"Monday","M","Weekday","FY2019","FQ4 2019"
20190514,2019-05-14 00:00:00.000,2019,-4,True,2,"Q2",5,"May",20,"W20 2019",201920,-208,True,1,"Tuesday","T​","Weekday","FY2019","FQ4 2019"
20190515,2019-05-15 00:00:00.000,2019,-4,True,2,"Q2",5,"May",20,"W20 2019",201920,-208,True,2,"Wednesday","W​​","Weekday","FY2019","FQ4 2019"
20190516,2019-05-16 00:00:00.000,2019,-4,True,2,"Q2",5,"May",20,"W20 2019",201920,-208,True,3,"Thursday","T​​​","Weekday","FY2019","FQ4 2019"
20190517,2019-05-17 00:00:00.000,2019,-4,True,2,"Q2",5,"May",20,"W20 2019",201920,-208,True,4,"Friday","F​​​​","Weekday","FY2019","FQ4 2019"
20190520,2019-05-20 00:00:00.000,2019,-4,True,2,"Q2",5,"May",21,"W21 2019",201921,-207,True,0,"Monday","M","Weekday","FY2019","FQ4 2019"
20190521,2019-05-21 00:00:00.000,2019,-4,True,2,"Q2",5,"May",21,"W21 2019",201921,-207,True,1,"Tuesday","T​","Weekday","FY2019","FQ4 2019"
20190522,2019-05-22 00:00:00.000,2019,-4,True,2,"Q2",5,"May",21,"W21 2019",201921,-207,True,2,"Wednesday","W​​","Weekday","FY2019","FQ4 2019"
20190523,2019-05-23 00:00:00.000,2019,-4,True,2,"Q2",5,"May",21,"W21 2019",201921,-207,True,3,"Thursday","T​​​","Weekday","FY2019","FQ4 2019"
20190524,2019-05-24 00:00:00.000,2019,-4,True,2,"Q2",5,"May",21,"W21 2019",201921,-207,True,4,"Friday","F​​​​","Weekday","FY2019","FQ4 2019"
20190527,2019-05-27 00:00:00.000,2019,-4,True,2,"Q2",5,"May",22,"W22 2019",201922,-206,True,0,"Monday","M","Weekday","FY2019","FQ4 2019"
20190528,2019-05-28 00:00:00.000,2019,-4,True,2,"Q2",5,"May",22,"W22 2019",201922,-206,True,1,"Tuesday","T​","Weekday","FY2019","FQ4 2019"
20190529,2019-05-29 00:00:00.000,2019,-4,True,2,"Q2",5,"May",22,"W22 2019",201922,-206,True,2,"Wednesday","W​​","Weekday","FY2019","FQ4 2019"
20190530,2019-05-30 00:00:00.000,2019,-4,True,2,"Q2",5,"May",22,"W22 2019",201922,-206,True,3,"Thursday","T​​​","Weekday","FY2019","FQ4 2019"
20190531,2019-05-31 00:00:00.000,2019,-4,True,2,"Q2",5,"May",22,"W22 2019",201922,-206,True,4,"Friday","F​​​​","Weekday","FY2019","FQ4 2019"
20190603,2019-06-03 00:00:00.000,2019,-4,True,2,"Q2",6,"June",23,"W23 2019",201923,-205,True,0,"Monday","M","Weekday","FY2019","FQ4 2019"
20190604,2019-06-04 00:00:00.000,2019,-4,True,2,"Q2",6,"June",23,"W23 2019",201923,-205,True,1,"Tuesday","T​","Weekday","FY2019","FQ4 2019"
20190605,2019-06-05 00:00:00.000,2019,-4,True,2,"Q2",6,"June",23,"W23 2019",201923,-205,True,2,"Wednesday","W​​","Weekday","FY2019","FQ4 2019"
20190606,2019-06-06 00:00:00.000,2019,-4,True,2,"Q2",6,"June",23,"W23 2019",201923,-205,True,3,"Thursday","T​​​","Weekday","FY2019","FQ4 2019"
20190607,2019-06-07 00:00:00.000,2019,-4,True,2,"Q2",6,"June",23,"W23 2019",201923,-205,True,4,"Friday","F​​​​","Weekday","FY2019","FQ4 2019"
20190610,2019-06-10 00:00:00.000,2019,-4,True,2,"Q2",6,"June",24,"W24 2019",201924,-204,True,0,"Monday","M","Weekday","FY2019","FQ4 2019"
20190611,2019-06-11 00:00:00.000,2019,-4,True,2,"Q2",6,"June",24,"W24 2019",201924,-204,True,1,"Tuesday","T​","Weekday","FY2019","FQ4 2019"
20190612,2019-06-12 00:00:00.000,2019,-4,True,2,"Q2",6,"June",24,"W24 2019",201924,-204,True,2,"Wednesday","W​​","Weekday","FY2019","FQ4 2019"
20190613,2019-06-13 00:00:00.000,2019,-4,True,2,"Q2",6,"June",24,"W24 2019",201924,-204,True,3,"Thursday","T​​​","Weekday","FY2019","FQ4 2019"
20190614,2019-06-14 00:00:00.000,2019,-4,True,2,"Q2",6,"June",24,"W24 2019",201924,-204,True,4,"Friday","F​​​​","Weekday","FY2019","FQ4 2019"
20190617,2019-06-17 00:00:00.000,2019,-4,True,2,"Q2",6,"June",25,"W25 2019",201925,-203,True,0,"Monday","M","Weekday","FY2019","FQ4 2019"
20190618,2019-06-18 00:00:00.000,2019,-4,True,2,"Q2",6,"June",25,"W25 2019",201925,-203,True,1,"Tuesday","T​","Weekday","FY2019","FQ4 2019"
20190619,2019-06-19 00:00:00.000,2019,-4,True,2,"Q2",6,"June",25,"W25 2019",201925,-203,True,2,"Wednesday","W​​","Weekday","FY2019","FQ4 2019"
20190620,2019-06-20 00:00:00.000,2019,-4,True,2,"Q2",6,"June",25,"W25 2019",201925,-203,True,3,"Thursday","T​​​","Weekday","FY2019","FQ4 2019"
20190621,2019-06-21 00:00:00.000,2019,-4,True,2,"Q2",6,"June",25,"W25 2019",201925,-203,True,4,"Friday","F​​​​","Weekday","FY2019","FQ4 2019"
20190624,2019-06-24 00:00:00.000,2019,-4,True,2,"Q2",6,"June",26,"W26 2019",201926,-202,True,0,"Monday","M","Weekday","FY2019","FQ4 2019"
20190625,2019-06-25 00:00:00.000,2019,-4,True,2,"Q2",6,"June",26,"W26 2019",201926,-202,True,1,"Tuesday","T​","Weekday","FY2019","FQ4 2019"
20190626,2019-06-26 00:00:00.000,2019,-4,True,2,"Q2",6,"June",26,"W26 2019",201926,-202,True,2,"Wednesday","W​​","Weekday","FY2019","FQ4 2019"
20190627,2019-06-27 00:00:00.000,2019,-4,True,2,"Q2",6,"June",26,"W26 2019",201926,-202,True,3,"Thursday","T​​​","Weekday","FY2019","FQ4 2019"
20190628,2019-06-28 00:00:00.000,2019,-4,True,2,"Q2",6,"June",26,"W26 2019",201926,-202,True,4,"Friday","F​​​​","Weekday","FY2019","FQ4 2019"
20181001,2018-10-01 00:00:00.000,2018,-5,True,4,"Q4",10,"October",40,"W40 2018",201840,-240,True,0,"Monday","M","Weekday","FY2019","FQ2 2019"
20181002,2018-10-02 00:00:00.000,2018,-5,True,4,"Q4",10,"October",40,"W40 2018",201840,-240,True,1,"Tuesday","T​","Weekday","FY2019","FQ2 2019"
20181003,2018-10-03 00:00:00.000,2018,-5,True,4,"Q4",10,"October",40,"W40 2018",201840,-240,True,2,"Wednesday","W​​","Weekday","FY2019","FQ2 2019"
20181004,2018-10-04 00:00:00.000,2018,-5,True,4,"Q4",10,"October",40,"W40 2018",201840,-240,True,3,"Thursday","T​​​","Weekday","FY2019","FQ2 2019"
20181005,2018-10-05 00:00:00.000,2018,-5,True,4,"Q4",10,"October",40,"W40 2018",201840,-240,True,4,"Friday","F​​​​","Weekday","FY2019","FQ2 2019"
20181008,2018-10-08 00:00:00.000,2018,-5,True,4,"Q4",10,"October",41,"W41 2018",201841,-239,True,0,"Monday","M","Weekday","FY2019","FQ2 2019"
20181009,2018-10-09 00:00:00.000,2018,-5,True,4,"Q4",10,"October",41,"W41 2018",201841,-239,True,1,"Tuesday","T​","Weekday","FY2019","FQ2 2019"
20181010,2018-10-10 00:00:00.000,2018,-5,True,4,"Q4",10,"October",41,"W41 2018",201841,-239,True,2,"Wednesday","W​​","Weekday","FY2019","FQ2 2019"
20181011,2018-10-11 00:00:00.000,2018,-5,True,4,"Q4",10,"October",41,"W41 2018",201841,-239,True,3,"Thursday","T​​​","Weekday","FY2019","FQ2 2019"
20181012,2018-10-12 00:00:00.000,2018,-5,True,4,"Q4",10,"October",41,"W41 2018",201841,-239,True,4,"Friday","F​​​​","Weekday","FY2019","FQ2 2019"
20181015,2018-10-15 00:00:00.000,2018,-5,True,4,"Q4",10,"October",42,"W42 2018",201842,-238,True,0,"Monday","M","Weekday","FY2019","FQ2 2019"
20181016,2018-10-16 00:00:00.000,2018,-5,True,4,"Q4",10,"October",42,"W42 2018",201842,-238,True,1,"Tuesday","T​","Weekday","FY2019","FQ2 2019"
20181017,2018-10-17 00:00:00.000,2018,-5,True,4,"Q4",10,"October",42,"W42 2018",201842,-238,True,2,"Wednesday","W​​","Weekday","FY2019","FQ2 2019"
20181018,2018-10-18 00:00:00.000,2018,-5,True,4,"Q4",10,"October",42,"W42 2018",201842,-238,True,3,"Thursday","T​​​","Weekday","FY2019","FQ2 2019"
20181019,2018-10-19 00:00:00.000,2018,-5,True,4,"Q4",10,"October",42,"W42 2018",201842,-238,True,4,"Friday","F​​​​","Weekday","FY2019","FQ2 2019"
20181022,2018-10-22 00:00:00.000,2018,-5,True,4,"Q4",10,"October",43,"W43 2018",201843,-237,True,0,"Monday","M","Weekday","FY2019","FQ2 2019"
20181023,2018-10-23 00:00:00.000,2018,-5,True,4,"Q4",10,"October",43,"W43 2018",201843,-237,True,1,"Tuesday","T​","Weekday","FY2019","FQ2 2019"
20181024,2018-10-24 00:00:00.000,2018,-5,True,4,"Q4",10,"October",43,"W43 2018",201843,-237,True,2,"Wednesday","W​​","Weekday","FY2019","FQ2 2019"
20181025,2018-10-25 00:00:00.000,2018,-5,True,4,"Q4",10,"October",43,"W43 2018",201843,-237,True,3,"Thursday","T​​​","Weekday","FY2019","FQ2 2019"
20181026,2018-10-26 00:00:00.000,2018,-5,True,4,"Q4",10,"October",43,"W43 2018",201843,-237,True,4,"Friday","F​​​​","Weekday","FY2019","FQ2 2019"
20181029,2018-10-29 00:00:00.000,2018,-5,True,4,"Q4",10,"October",44,"W44 2018",201844,-236,True,0,"Monday","M","Weekday","FY2019","FQ2 2019"
20181030,2018-10-30 00:00:00.000,2018,-5,True,4,"Q4",10,"October",44,"W44 2018",201844,-236,True,1,"Tuesday","T​","Weekday","FY2019","FQ2 2019"
20181031,2018-10-31 00:00:00.000,2018,-5,True,4,"Q4",10,"October",44,"W44 2018",201844,-236,True,2,"Wednesday","W​​","Weekday","FY2019","FQ2 2019"
20181101,2018-11-01 00:00:00.000,2018,-5,True,4,"Q4",11,"November",44,"W44 2018",201844,-236,True,3,"Thursday","T​​​","Weekday","FY2019","FQ2 2019"
20181102,2018-11-02 00:00:00.000,2018,-5,True,4,"Q4",11,"November",44,"W44 2018",201844,-236,True,4,"Friday","F​​​​","Weekday","FY2019","FQ2 2019"
20181105,2018-11-05 00:00:00.000,2018,-5,True,4,"Q4",11,"November",45,"W45 2018",201845,-235,True,0,"Monday","M","Weekday","FY2019","FQ2 2019"
20181106,2018-11-06 00:00:00.000,2018,-5,True,4,"Q4",11,"November",45,"W45 2018",201845,-235,True,1,"Tuesday","T​","Weekday","FY2019","FQ2 2019"
20181107,2018-11-07 00:00:00.000,2018,-5,True,4,"Q4",11,"November",45,"W45 2018",201845,-235,True,2,"Wednesday","W​​","Weekday","FY2019","FQ2 2019"
20181108,2018-11-08 00:00:00.000,2018,-5,True,4,"Q4",11,"November",45,"W45 2018",201845,-235,True,3,"Thursday","T​​​","Weekday","FY2019","FQ2 2019"
20181109,2018-11-09 00:00:00.000,2018,-5,True,4,"Q4",11,"November",45,"W45 2018",201845,-235,True,4,"Friday","F​​​​","Weekday","FY2019","FQ2 2019"
20181112,2018-11-12 00:00:00.000,2018,-5,True,4,"Q4",11,"November",46,"W46 2018",201846,-234,True,0,"Monday","M","Weekday","FY2019","FQ2 2019"
20181113,2018-11-13 00:00:00.000,2018,-5,True,4,"Q4",11,"November",46,"W46 2018",201846,-234,True,1,"Tuesday","T​","Weekday","FY2019","FQ2 2019"
20181114,2018-11-14 00:00:00.000,2018,-5,True,4,"Q4",11,"November",46,"W46 2018",201846,-234,True,2,"Wednesday","W​​","Weekday","FY2019","FQ2 2019"
20181115,2018-11-15 00:00:00.000,2018,-5,True,4,"Q4",11,"November",46,"W46 2018",201846,-234,True,3,"Thursday","T​​​","Weekday","FY2019","FQ2 2019"
20181116,2018-11-16 00:00:00.000,2018,-5,True,4,"Q4",11,"November",46,"W46 2018",201846,-234,True,4,"Friday","F​​​​","Weekday","FY2019","FQ2 2019"
20181119,2018-11-19 00:00:00.000,2018,-5,True,4,"Q4",11,"November",47,"W47 2018",201847,-233,True,0,"Monday","M","Weekday","FY2019","FQ2 2019"
20181120,2018-11-20 00:00:00.000,2018,-5,True,4,"Q4",11,"November",47,"W47 2018",201847,-233,True,1,"Tuesday","T​","Weekday","FY2019","FQ2 2019"
20181121,2018-11-21 00:00:00.000,2018,-5,True,4,"Q4",11,"November",47,"W47 2018",201847,-233,True,2,"Wednesday","W​​","Weekday","FY2019","FQ2 2019"
20181122,2018-11-22 00:00:00.000,2018,-5,True,4,"Q4",11,"November",47,"W47 2018",201847,-233,True,3,"Thursday","T​​​","Weekday","FY2019","FQ2 2019"
20181123,2018-11-23 00:00:00.000,2018,-5,True,4,"Q4",11,"November",47,"W47 2018",201847,-233,True,4,"Friday","F​​​​","Weekday","FY2019","FQ2 2019"
20181126,2018-11-26 00:00:00.000,2018,-5,True,4,"Q4",11,"November",48,"W48 2018",201848,-232,True,0,"Monday","M","Weekday","FY2019","FQ2 2019"
20181127,2018-11-27 00:00:00.000,2018,-5,True,4,"Q4",11,"November",48,"W48 2018",201848,-232,True,1,"Tuesday","T​","Weekday","FY2019","FQ2 2019"
20181128,2018-11-28 00:00:00.000,2018,-5,True,4,"Q4",11,"November",48,"W48 2018",201848,-232,True,2,"Wednesday","W​​","Weekday","FY2019","FQ2 2019"
20181129,2018-11-29 00:00:00.000,2018,-5,True,4,"Q4",11,"November",48,"W48 2018",201848,-232,True,3,"Thursday","T​​​","Weekday","FY2019","FQ2 2019"
20181130,2018-11-30 00:00:00.000,2018,-5,True,4,"Q4",11,"November",48,"W48 2018",201848,-232,True,4,"Friday","F​​​​","Weekday","FY2019","FQ2 2019"
20181203,2018-12-03 00:00:00.000,2018,-5,True,4,"Q4",12,"December",49,"W49 2018",201849,-231,True,0,"Monday","M","Weekday","FY2019","FQ2 2019"
20181204,2018-12-04 00:00:00.000,2018,-5,True,4,"Q4",12,"December",49,"W49 2018",201849,-231,True,1,"Tuesday","T​","Weekday","FY2019","FQ2 2019"
20181205,2018-12-05 00:00:00.000,2018,-5,True,4,"Q4",12,"December",49,"W49 2018",201849,-231,True,2,"Wednesday","W​​","Weekday","FY2019","FQ2 2019"
20181206,2018-12-06 00:00:00.000,2018,-5,True,4,"Q4",12,"December",49,"W49 2018",201849,-231,True,3,"Thursday","T​​​","Weekday","FY2019","FQ2 2019"
20181207,2018-12-07 00:00:00.000,2018,-5,True,4,"Q4",12,"December",49,"W49 2018",201849,-231,True,4,"Friday","F​​​​","Weekday","FY2019","FQ2 2019"
20181210,2018-12-10 00:00:00.000,2018,-5,True,4,"Q4",12,"December",50,"W50 2018",201850,-230,True,0,"Monday","M","Weekday","FY2019","FQ2 2019"
20181211,2018-12-11 00:00:00.000,2018,-5,True,4,"Q4",12,"December",50,"W50 2018",201850,-230,True,1,"Tuesday","T​","Weekday","FY2019","FQ2 2019"
20181212,2018-12-12 00:00:00.000,2018,-5,True,4,"Q4",12,"December",50,"W50 2018",201850,-230,True,2,"Wednesday","W​​","Weekday","FY2019","FQ2 2019"
20181213,2018-12-13 00:00:00.000,2018,-5,True,4,"Q4",12,"December",50,"W50 2018",201850,-230,True,3,"Thursday","T​​​","Weekday","FY2019","FQ2 2019"
20181214,2018-12-14 00:00:00.000,2018,-5,True,4,"Q4",12,"December",50,"W50 2018",201850,-230,True,4,"Friday","F​​​​","Weekday","FY2019","FQ2 2019"
20181217,2018-12-17 00:00:00.000,2018,-5,True,4,"Q4",12,"December",51,"W51 2018",201851,-229,True,0,"Monday","M","Weekday","FY2019","FQ2 2019"
20181218,2018-12-18 00:00:00.000,2018,-5,True,4,"Q4",12,"December",51,"W51 2018",201851,-229,True,1,"Tuesday","T​","Weekday","FY2019","FQ2 2019"
20181219,2018-12-19 00:00:00.000,2018,-5,True,4,"Q4",12,"December",51,"W51 2018",201851,-229,True,2,"Wednesday","W​​","Weekday","FY2019","FQ2 2019"
20181220,2018-12-20 00:00:00.000,2018,-5,True,4,"Q4",12,"December",51,"W51 2018",201851,-229,True,3,"Thursday","T​​​","Weekday","FY2019","FQ2 2019"
20181221,2018-12-21 00:00:00.000,2018,-5,True,4,"Q4",12,"December",51,"W51 2018",201851,-229,True,4,"Friday","F​​​​","Weekday","FY2019","FQ2 2019"
20181224,2018-12-24 00:00:00.000,2018,-5,True,4,"Q4",12,"December",52,"W52 2018",201852,-228,True,0,"Monday","M","Weekday","FY2019","FQ2 2019"
20181225,2018-12-25 00:00:00.000,2018,-5,True,4,"Q4",12,"December",52,"W52 2018",201852,-228,True,1,"Tuesday","T​","Weekday","FY2019","FQ2 2019"
20181226,2018-12-26 00:00:00.000,2018,-5,True,4,"Q4",12,"December",52,"W52 2018",201852,-228,True,2,"Wednesday","W​​","Weekday","FY2019","FQ2 2019"
20181227,2018-12-27 00:00:00.000,2018,-5,True,4,"Q4",12,"December",52,"W52 2018",201852,-228,True,3,"Thursday","T​​​","Weekday","FY2019","FQ2 2019"
20181228,2018-12-28 00:00:00.000,2018,-5,True,4,"Q4",12,"December",52,"W52 2018",201852,-228,True,4,"Friday","F​​​​","Weekday","FY2019","FQ2 2019"
20181231,2018-12-31 00:00:00.000,2018,-5,True,4,"Q4",12,"December",1,"W01 2019",201901,-227,True,0,"Monday","M","Weekday","FY2019","FQ2 2019"
20180702,2018-07-02 00:00:00.000,2018,-5,True,3,"Q3",7,"July",27,"W27 2018",201827,-253,True,0,"Monday","M","Weekday","FY2019","FQ1 2019"
20180703,2018-07-03 00:00:00.000,2018,-5,True,3,"Q3",7,"July",27,"W27 2018",201827,-253,True,1,"Tuesday","T​","Weekday","FY2019","FQ1 2019"
20180704,2018-07-04 00:00:00.000,2018,-5,True,3,"Q3",7,"July",27,"W27 2018",201827,-253,True,2,"Wednesday","W​​","Weekday","FY2019","FQ1 2019"
20180705,2018-07-05 00:00:00.000,2018,-5,True,3,"Q3",7,"July",27,"W27 2018",201827,-253,True,3,"Thursday","T​​​","Weekday","FY2019","FQ1 2019"
20180706,2018-07-06 00:00:00.000,2018,-5,True,3,"Q3",7,"July",27,"W27 2018",201827,-253,True,4,"Friday","F​​​​","Weekday","FY2019","FQ1 2019"
20180709,2018-07-09 00:00:00.000,2018,-5,True,3,"Q3",7,"July",28,"W28 2018",201828,-252,True,0,"Monday","M","Weekday","FY2019","FQ1 2019"
20180710,2018-07-10 00:00:00.000,2018,-5,True,3,"Q3",7,"July",28,"W28 2018",201828,-252,True,1,"Tuesday","T​","Weekday","FY2019","FQ1 2019"
20180711,2018-07-11 00:00:00.000,2018,-5,True,3,"Q3",7,"July",28,"W28 2018",201828,-252,True,2,"Wednesday","W​​","Weekday","FY2019","FQ1 2019"
20180712,2018-07-12 00:00:00.000,2018,-5,True,3,"Q3",7,"July",28,"W28 2018",201828,-252,True,3,"Thursday","T​​​","Weekday","FY2019","FQ1 2019"
20180713,2018-07-13 00:00:00.000,2018,-5,True,3,"Q3",7,"July",28,"W28 2018",201828,-252,True,4,"Friday","F​​​​","Weekday","FY2019","FQ1 2019"
20180716,2018-07-16 00:00:00.000,2018,-5,True,3,"Q3",7,"July",29,"W29 2018",201829,-251,True,0,"Monday","M","Weekday","FY2019","FQ1 2019"
20180717,2018-07-17 00:00:00.000,2018,-5,True,3,"Q3",7,"July",29,"W29 2018",201829,-251,True,1,"Tuesday","T​","Weekday","FY2019","FQ1 2019"
20180718,2018-07-18 00:00:00.000,2018,-5,True,3,"Q3",7,"July",29,"W29 2018",201829,-251,True,2,"Wednesday","W​​","Weekday","FY2019","FQ1 2019"
20180719,2018-07-19 00:00:00.000,2018,-5,True,3,"Q3",7,"July",29,"W29 2018",201829,-251,True,3,"Thursday","T​​​","Weekday","FY2019","FQ1 2019"
20180720,2018-07-20 00:00:00.000,2018,-5,True,3,"Q3",7,"July",29,"W29 2018",201829,-251,True,4,"Friday","F​​​​","Weekday","FY2019","FQ1 2019"
20180723,2018-07-23 00:00:00.000,2018,-5,True,3,"Q3",7,"July",30,"W30 2018",201830,-250,True,0,"Monday","M","Weekday","FY2019","FQ1 2019"
20180724,2018-07-24 00:00:00.000,2018,-5,True,3,"Q3",7,"July",30,"W30 2018",201830,-250,True,1,"Tuesday","T​","Weekday","FY2019","FQ1 2019"
20180725,2018-07-25 00:00:00.000,2018,-5,True,3,"Q3",7,"July",30,"W30 2018",201830,-250,True,2,"Wednesday","W​​","Weekday","FY2019","FQ1 2019"
20180726,2018-07-26 00:00:00.000,2018,-5,True,3,"Q3",7,"July",30,"W30 2018",201830,-250,True,3,"Thursday","T​​​","Weekday","FY2019","FQ1 2019"
20180727,2018-07-27 00:00:00.000,2018,-5,True,3,"Q3",7,"July",30,"W30 2018",201830,-250,True,4,"Friday","F​​​​","Weekday","FY2019","FQ1 2019"
20180730,2018-07-30 00:00:00.000,2018,-5,True,3,"Q3",7,"July",31,"W31 2018",201831,-249,True,0,"Monday","M","Weekday","FY2019","FQ1 2019"
20180731,2018-07-31 00:00:00.000,2018,-5,True,3,"Q3",7,"July",31,"W31 2018",201831,-249,True,1,"Tuesday","T​","Weekday","FY2019","FQ1 2019"
20180801,2018-08-01 00:00:00.000,2018,-5,True,3,"Q3",8,"August",31,"W31 2018",201831,-249,True,2,"Wednesday","W​​","Weekday","FY2019","FQ1 2019"
20180802,2018-08-02 00:00:00.000,2018,-5,True,3,"Q3",8,"August",31,"W31 2018",201831,-249,True,3,"Thursday","T​​​","Weekday","FY2019","FQ1 2019"
20180803,2018-08-03 00:00:00.000,2018,-5,True,3,"Q3",8,"August",31,"W31 2018",201831,-249,True,4,"Friday","F​​​​","Weekday","FY2019","FQ1 2019"
20180806,2018-08-06 00:00:00.000,2018,-5,True,3,"Q3",8,"August",32,"W32 2018",201832,-248,True,0,"Monday","M","Weekday","FY2019","FQ1 2019"
20180807,2018-08-07 00:00:00.000,2018,-5,True,3,"Q3",8,"August",32,"W32 2018",201832,-248,True,1,"Tuesday","T​","Weekday","FY2019","FQ1 2019"
20180808,2018-08-08 00:00:00.000,2018,-5,True,3,"Q3",8,"August",32,"W32 2018",201832,-248,True,2,"Wednesday","W​​","Weekday","FY2019","FQ1 2019"
20180809,2018-08-09 00:00:00.000,2018,-5,True,3,"Q3",8,"August",32,"W32 2018",201832,-248,True,3,"Thursday","T​​​","Weekday","FY2019","FQ1 2019"
20180810,2018-08-10 00:00:00.000,2018,-5,True,3,"Q3",8,"August",32,"W32 2018",201832,-248,True,4,"Friday","F​​​​","Weekday","FY2019","FQ1 2019"
20180813,2018-08-13 00:00:00.000,2018,-5,True,3,"Q3",8,"August",33,"W33 2018",201833,-247,True,0,"Monday","M","Weekday","FY2019","FQ1 2019"
20180814,2018-08-14 00:00:00.000,2018,-5,True,3,"Q3",8,"August",33,"W33 2018",201833,-247,True,1,"Tuesday","T​","Weekday","FY2019","FQ1 2019"
20180815,2018-08-15 00:00:00.000,2018,-5,True,3,"Q3",8,"August",33,"W33 2018",201833,-247,True,2,"Wednesday","W​​","Weekday","FY2019","FQ1 2019"
20180816,2018-08-16 00:00:00.000,2018,-5,True,3,"Q3",8,"August",33,"W33 2018",201833,-247,True,3,"Thursday","T​​​","Weekday","FY2019","FQ1 2019"
20180817,2018-08-17 00:00:00.000,2018,-5,True,3,"Q3",8,"August",33,"W33 2018",201833,-247,True,4,"Friday","F​​​​","Weekday","FY2019","FQ1 2019"
20180820,2018-08-20 00:00:00.000,2018,-5,True,3,"Q3",8,"August",34,"W34 2018",201834,-246,True,0,"Monday","M","Weekday","FY2019","FQ1 2019"
20180821,2018-08-21 00:00:00.000,2018,-5,True,3,"Q3",8,"August",34,"W34 2018",201834,-246,True,1,"Tuesday","T​","Weekday","FY2019","FQ1 2019"
20180822,2018-08-22 00:00:00.000,2018,-5,True,3,"Q3",8,"August",34,"W34 2018",201834,-246,True,2,"Wednesday","W​​","Weekday","FY2019","FQ1 2019"
20180823,2018-08-23 00:00:00.000,2018,-5,True,3,"Q3",8,"August",34,"W34 2018",201834,-246,True,3,"Thursday","T​​​","Weekday","FY2019","FQ1 2019"
20180824,2018-08-24 00:00:00.000,2018,-5,True,3,"Q3",8,"August",34,"W34 2018",201834,-246,True,4,"Friday","F​​​​","Weekday","FY2019","FQ1 2019"
20180827,2018-08-27 00:00:00.000,2018,-5,True,3,"Q3",8,"August",35,"W35 2018",201835,-245,True,0,"Monday","M","Weekday","FY2019","FQ1 2019"
20180828,2018-08-28 00:00:00.000,2018,-5,True,3,"Q3",8,"August",35,"W35 2018",201835,-245,True,1,"Tuesday","T​","Weekday","FY2019","FQ1 2019"
20180829,2018-08-29 00:00:00.000,2018,-5,True,3,"Q3",8,"August",35,"W35 2018",201835,-245,True,2,"Wednesday","W​​","Weekday","FY2019","FQ1 2019"
20180830,2018-08-30 00:00:00.000,2018,-5,True,3,"Q3",8,"August",35,"W35 2018",201835,-245,True,3,"Thursday","T​​​","Weekday","FY2019","FQ1 2019"
20180831,2018-08-31 00:00:00.000,2018,-5,True,3,"Q3",8,"August",35,"W35 2018",201835,-245,True,4,"Friday","F​​​​","Weekday","FY2019","FQ1 2019"
20180903,2018-09-03 00:00:00.000,2018,-5,True,3,"Q3",9,"September",36,"W36 2018",201836,-244,True,0,"Monday","M","Weekday","FY2019","FQ1 2019"
20180904,2018-09-04 00:00:00.000,2018,-5,True,3,"Q3",9,"September",36,"W36 2018",201836,-244,True,1,"Tuesday","T​","Weekday","FY2019","FQ1 2019"
20180905,2018-09-05 00:00:00.000,2018,-5,True,3,"Q3",9,"September",36,"W36 2018",201836,-244,True,2,"Wednesday","W​​","Weekday","FY2019","FQ1 2019"
20180906,2018-09-06 00:00:00.000,2018,-5,True,3,"Q3",9,"September",36,"W36 2018",201836,-244,True,3,"Thursday","T​​​","Weekday","FY2019","FQ1 2019"
20180907,2018-09-07 00:00:00.000,2018,-5,True,3,"Q3",9,"September",36,"W36 2018",201836,-244,True,4,"Friday","F​​​​","Weekday","FY2019","FQ1 2019"
20180910,2018-09-10 00:00:00.000,2018,-5,True,3,"Q3",9,"September",37,"W37 2018",201837,-243,True,0,"Monday","M","Weekday","FY2019","FQ1 2019"
20180911,2018-09-11 00:00:00.000,2018,-5,True,3,"Q3",9,"September",37,"W37 2018",201837,-243,True,1,"Tuesday","T​","Weekday","FY2019","FQ1 2019"
20180912,2018-09-12 00:00:00.000,2018,-5,True,3,"Q3",9,"September",37,"W37 2018",201837,-243,True,2,"Wednesday","W​​","Weekday","FY2019","FQ1 2019"
20180913,2018-09-13 00:00:00.000,2018,-5,True,3,"Q3",9,"September",37,"W37 2018",201837,-243,True,3,"Thursday","T​​​","Weekday","FY2019","FQ1 2019"
20180914,2018-09-14 00:00:00.000,2018,-5,True,3,"Q3",9,"September",37,"W37 2018",201837,-243,True,4,"Friday","F​​​​","Weekday","FY2019","FQ1 2019"
20180917,2018-09-17 00:00:00.000,2018,-5,True,3,"Q3",9,"September",38,"W38 2018",201838,-242,True,0,"Monday","M","Weekday","FY2019","FQ1 2019"
20180918,2018-09-18 00:00:00.000,2018,-5,True,3,"Q3",9,"September",38,"W38 2018",201838,-242,True,1,"Tuesday","T​","Weekday","FY2019","FQ1 2019"
20180919,2018-09-19 00:00:00.000,2018,-5,True,3,"Q3",9,"September",38,"W38 2018",201838,-242,True,2,"Wednesday","W​​","Weekday","FY2019","FQ1 2019"
20180920,2018-09-20 00:00:00.000,2018,-5,True,3,"Q3",9,"September",38,"W38 2018",201838,-242,True,3,"Thursday","T​​​","Weekday","FY2019","FQ1 2019"
20180921,2018-09-21 00:00:00.000,2018,-5,True,3,"Q3",9,"September",38,"W38 2018",201838,-242,True,4,"Friday","F​​​​","Weekday","FY2019","FQ1 2019"
20180924,2018-09-24 00:00:00.000,2018,-5,True,3,"Q3",9,"September",39,"W39 2018",201839,-241,True,0,"Monday","M","Weekday","FY2019","FQ1 2019"
20180925,2018-09-25 00:00:00.000,2018,-5,True,3,"Q3",9,"September",39,"W39 2018",201839,-241,True,1,"Tuesday","T​","Weekday","FY2019","FQ1 2019"
20180926,2018-09-26 00:00:00.000,2018,-5,True,3,"Q3",9,"September",39,"W39 2018",201839,-241,True,2,"Wednesday","W​​","Weekday","FY2019","FQ1 2019"
20180927,2018-09-27 00:00:00.000,2018,-5,True,3,"Q3",9,"September",39,"W39 2018",201839,-241,True,3,"Thursday","T​​​","Weekday","FY2019","FQ1 2019"
20180928,2018-09-28 00:00:00.000,2018,-5,True,3,"Q3",9,"September",39,"W39 2018",201839,-241,True,4,"Friday","F​​​​","Weekday","FY2019","FQ1 2019"
20180101,2018-01-01 00:00:00.000,2018,-5,True,1,"Q1",1,"January",1,"W01 2018",201801,-279,True,0,"Monday","M","Weekday","FY2018","FQ3 2018"
20180102,2018-01-02 00:00:00.000,2018,-5,True,1,"Q1",1,"January",1,"W01 2018",201801,-279,True,1,"Tuesday","T​","Weekday","FY2018","FQ3 2018"
20180103,2018-01-03 00:00:00.000,2018,-5,True,1,"Q1",1,"January",1,"W01 2018",201801,-279,True,2,"Wednesday","W​​","Weekday","FY2018","FQ3 2018"
20180104,2018-01-04 00:00:00.000,2018,-5,True,1,"Q1",1,"January",1,"W01 2018",201801,-279,True,3,"Thursday","T​​​","Weekday","FY2018","FQ3 2018"
20180105,2018-01-05 00:00:00.000,2018,-5,True,1,"Q1",1,"January",1,"W01 2018",201801,-279,True,4,"Friday","F​​​​","Weekday","FY2018","FQ3 2018"
20180108,2018-01-08 00:00:00.000,2018,-5,True,1,"Q1",1,"January",2,"W02 2018",201802,-278,True,0,"Monday","M","Weekday","FY2018","FQ3 2018"
20180109,2018-01-09 00:00:00.000,2018,-5,True,1,"Q1",1,"January",2,"W02 2018",201802,-278,True,1,"Tuesday","T​","Weekday","FY2018","FQ3 2018"
20180110,2018-01-10 00:00:00.000,2018,-5,True,1,"Q1",1,"January",2,"W02 2018",201802,-278,True,2,"Wednesday","W​​","Weekday","FY2018","FQ3 2018"
20180111,2018-01-11 00:00:00.000,2018,-5,True,1,"Q1",1,"January",2,"W02 2018",201802,-278,True,3,"Thursday","T​​​","Weekday","FY2018","FQ3 2018"
20180112,2018-01-12 00:00:00.000,2018,-5,True,1,"Q1",1,"January",2,"W02 2018",201802,-278,True,4,"Friday","F​​​​","Weekday","FY2018","FQ3 2018"
20180115,2018-01-15 00:00:00.000,2018,-5,True,1,"Q1",1,"January",3,"W03 2018",201803,-277,True,0,"Monday","M","Weekday","FY2018","FQ3 2018"
20180116,2018-01-16 00:00:00.000,2018,-5,True,1,"Q1",1,"January",3,"W03 2018",201803,-277,True,1,"Tuesday","T​","Weekday","FY2018","FQ3 2018"
20180117,2018-01-17 00:00:00.000,2018,-5,True,1,"Q1",1,"January",3,"W03 2018",201803,-277,True,2,"Wednesday","W​​","Weekday","FY2018","FQ3 2018"
20180118,2018-01-18 00:00:00.000,2018,-5,True,1,"Q1",1,"January",3,"W03 2018",201803,-277,True,3,"Thursday","T​​​","Weekday","FY2018","FQ3 2018"
20180119,2018-01-19 00:00:00.000,2018,-5,True,1,"Q1",1,"January",3,"W03 2018",201803,-277,True,4,"Friday","F​​​​","Weekday","FY2018","FQ3 2018"
20180122,2018-01-22 00:00:00.000,2018,-5,True,1,"Q1",1,"January",4,"W04 2018",201804,-276,True,0,"Monday","M","Weekday","FY2018","FQ3 2018"
20180123,2018-01-23 00:00:00.000,2018,-5,True,1,"Q1",1,"January",4,"W04 2018",201804,-276,True,1,"Tuesday","T​","Weekday","FY2018","FQ3 2018"
20180124,2018-01-24 00:00:00.000,2018,-5,True,1,"Q1",1,"January",4,"W04 2018",201804,-276,True,2,"Wednesday","W​​","Weekday","FY2018","FQ3 2018"
20180125,2018-01-25 00:00:00.000,2018,-5,True,1,"Q1",1,"January",4,"W04 2018",201804,-276,True,3,"Thursday","T​​​","Weekday","FY2018","FQ3 2018"
20180126,2018-01-26 00:00:00.000,2018,-5,True,1,"Q1",1,"January",4,"W04 2018",201804,-276,True,4,"Friday","F​​​​","Weekday","FY2018","FQ3 2018"
20180129,2018-01-29 00:00:00.000,2018,-5,True,1,"Q1",1,"January",5,"W05 2018",201805,-275,True,0,"Monday","M","Weekday","FY2018","FQ3 2018"
20180130,2018-01-30 00:00:00.000,2018,-5,True,1,"Q1",1,"January",5,"W05 2018",201805,-275,True,1,"Tuesday","T​","Weekday","FY2018","FQ3 2018"
20180131,2018-01-31 00:00:00.000,2018,-5,True,1,"Q1",1,"January",5,"W05 2018",201805,-275,True,2,"Wednesday","W​​","Weekday","FY2018","FQ3 2018"
20180201,2018-02-01 00:00:00.000,2018,-5,True,1,"Q1",2,"February",5,"W05 2018",201805,-275,True,3,"Thursday","T​​​","Weekday","FY2018","FQ3 2018"
20180202,2018-02-02 00:00:00.000,2018,-5,True,1,"Q1",2,"February",5,"W05 2018",201805,-275,True,4,"Friday","F​​​​","Weekday","FY2018","FQ3 2018"
20180205,2018-02-05 00:00:00.000,2018,-5,True,1,"Q1",2,"February",6,"W06 2018",201806,-274,True,0,"Monday","M","Weekday","FY2018","FQ3 2018"
20180206,2018-02-06 00:00:00.000,2018,-5,True,1,"Q1",2,"February",6,"W06 2018",201806,-274,True,1,"Tuesday","T​","Weekday","FY2018","FQ3 2018"
20180207,2018-02-07 00:00:00.000,2018,-5,True,1,"Q1",2,"February",6,"W06 2018",201806,-274,True,2,"Wednesday","W​​","Weekday","FY2018","FQ3 2018"
20180208,2018-02-08 00:00:00.000,2018,-5,True,1,"Q1",2,"February",6,"W06 2018",201806,-274,True,3,"Thursday","T​​​","Weekday","FY2018","FQ3 2018"
20180209,2018-02-09 00:00:00.000,2018,-5,True,1,"Q1",2,"February",6,"W06 2018",201806,-274,True,4,"Friday","F​​​​","Weekday","FY2018","FQ3 2018"
20180212,2018-02-12 00:00:00.000,2018,-5,True,1,"Q1",2,"February",7,"W07 2018",201807,-273,True,0,"Monday","M","Weekday","FY2018","FQ3 2018"
20180213,2018-02-13 00:00:00.000,2018,-5,True,1,"Q1",2,"February",7,"W07 2018",201807,-273,True,1,"Tuesday","T​","Weekday","FY2018","FQ3 2018"
20180214,2018-02-14 00:00:00.000,2018,-5,True,1,"Q1",2,"February",7,"W07 2018",201807,-273,True,2,"Wednesday","W​​","Weekday","FY2018","FQ3 2018"
20180215,2018-02-15 00:00:00.000,2018,-5,True,1,"Q1",2,"February",7,"W07 2018",201807,-273,True,3,"Thursday","T​​​","Weekday","FY2018","FQ3 2018"
20180216,2018-02-16 00:00:00.000,2018,-5,True,1,"Q1",2,"February",7,"W07 2018",201807,-273,True,4,"Friday","F​​​​","Weekday","FY2018","FQ3 2018"
20180219,2018-02-19 00:00:00.000,2018,-5,True,1,"Q1",2,"February",8,"W08 2018",201808,-272,True,0,"Monday","M","Weekday","FY2018","FQ3 2018"
20180220,2018-02-20 00:00:00.000,2018,-5,True,1,"Q1",2,"February",8,"W08 2018",201808,-272,True,1,"Tuesday","T​","Weekday","FY2018","FQ3 2018"
20180221,2018-02-21 00:00:00.000,2018,-5,True,1,"Q1",2,"February",8,"W08 2018",201808,-272,True,2,"Wednesday","W​​","Weekday","FY2018","FQ3 2018"
20180222,2018-02-22 00:00:00.000,2018,-5,True,1,"Q1",2,"February",8,"W08 2018",201808,-272,True,3,"Thursday","T​​​","Weekday","FY2018","FQ3 2018"
20180223,2018-02-23 00:00:00.000,2018,-5,True,1,"Q1",2,"February",8,"W08 2018",201808,-272,True,4,"Friday","F​​​​","Weekday","FY2018","FQ3 2018"
20180226,2018-02-26 00:00:00.000,2018,-5,True,1,"Q1",2,"February",9,"W09 2018",201809,-271,True,0,"Monday","M","Weekday","FY2018","FQ3 2018"
20180227,2018-02-27 00:00:00.000,2018,-5,True,1,"Q1",2,"February",9,"W09 2018",201809,-271,True,1,"Tuesday","T​","Weekday","FY2018","FQ3 2018"
20180228,2018-02-28 00:00:00.000,2018,-5,True,1,"Q1",2,"February",9,"W09 2018",201809,-271,True,2,"Wednesday","W​​","Weekday","FY2018","FQ3 2018"
20180301,2018-03-01 00:00:00.000,2018,-5,True,1,"Q1",3,"March",9,"W09 2018",201809,-271,True,3,"Thursday","T​​​","Weekday","FY2018","FQ3 2018"
20180302,2018-03-02 00:00:00.000,2018,-5,True,1,"Q1",3,"March",9,"W09 2018",201809,-271,True,4,"Friday","F​​​​","Weekday","FY2018","FQ3 2018"
20180305,2018-03-05 00:00:00.000,2018,-5,True,1,"Q1",3,"March",10,"W10 2018",201810,-270,True,0,"Monday","M","Weekday","FY2018","FQ3 2018"
20180306,2018-03-06 00:00:00.000,2018,-5,True,1,"Q1",3,"March",10,"W10 2018",201810,-270,True,1,"Tuesday","T​","Weekday","FY2018","FQ3 2018"
20180307,2018-03-07 00:00:00.000,2018,-5,True,1,"Q1",3,"March",10,"W10 2018",201810,-270,True,2,"Wednesday","W​​","Weekday","FY2018","FQ3 2018"
20180308,2018-03-08 00:00:00.000,2018,-5,True,1,"Q1",3,"March",10,"W10 2018",201810,-270,True,3,"Thursday","T​​​","Weekday","FY2018","FQ3 2018"
20180309,2018-03-09 00:00:00.000,2018,-5,True,1,"Q1",3,"March",10,"W10 2018",201810,-270,True,4,"Friday","F​​​​","Weekday","FY2018","FQ3 2018"
20180312,2018-03-12 00:00:00.000,2018,-5,True,1,"Q1",3,"March",11,"W11 2018",201811,-269,True,0,"Monday","M","Weekday","FY2018","FQ3 2018"
20180313,2018-03-13 00:00:00.000,2018,-5,True,1,"Q1",3,"March",11,"W11 2018",201811,-269,True,1,"Tuesday","T​","Weekday","FY2018","FQ3 2018"
20180314,2018-03-14 00:00:00.000,2018,-5,True,1,"Q1",3,"March",11,"W11 2018",201811,-269,True,2,"Wednesday","W​​","Weekday","FY2018","FQ3 2018"
20180315,2018-03-15 00:00:00.000,2018,-5,True,1,"Q1",3,"March",11,"W11 2018",201811,-269,True,3,"Thursday","T​​​","Weekday","FY2018","FQ3 2018"
20180316,2018-03-16 00:00:00.000,2018,-5,True,1,"Q1",3,"March",11,"W11 2018",201811,-269,True,4,"Friday","F​​​​","Weekday","FY2018","FQ3 2018"
20180319,2018-03-19 00:00:00.000,2018,-5,True,1,"Q1",3,"March",12,"W12 2018",201812,-268,True,0,"Monday","M","Weekday","FY2018","FQ3 2018"
20180320,2018-03-20 00:00:00.000,2018,-5,True,1,"Q1",3,"March",12,"W12 2018",201812,-268,True,1,"Tuesday","T​","Weekday","FY2018","FQ3 2018"
20180321,2018-03-21 00:00:00.000,2018,-5,True,1,"Q1",3,"March",12,"W12 2018",201812,-268,True,2,"Wednesday","W​​","Weekday","FY2018","FQ3 2018"
20180322,2018-03-22 00:00:00.000,2018,-5,True,1,"Q1",3,"March",12,"W12 2018",201812,-268,True,3,"Thursday","T​​​","Weekday","FY2018","FQ3 2018"
20180323,2018-03-23 00:00:00.000,2018,-5,True,1,"Q1",3,"March",12,"W12 2018",201812,-268,True,4,"Friday","F​​​​","Weekday","FY2018","FQ3 2018"
20180326,2018-03-26 00:00:00.000,2018,-5,True,1,"Q1",3,"March",13,"W13 2018",201813,-267,True,0,"Monday","M","Weekday","FY2018","FQ3 2018"
20180327,2018-03-27 00:00:00.000,2018,-5,True,1,"Q1",3,"March",13,"W13 2018",201813,-267,True,1,"Tuesday","T​","Weekday","FY2018","FQ3 2018"
20180328,2018-03-28 00:00:00.000,2018,-5,True,1,"Q1",3,"March",13,"W13 2018",201813,-267,True,2,"Wednesday","W​​","Weekday","FY2018","FQ3 2018"
20180329,2018-03-29 00:00:00.000,2018,-5,True,1,"Q1",3,"March",13,"W13 2018",201813,-267,True,3,"Thursday","T​​​","Weekday","FY2018","FQ3 2018"
20180330,2018-03-30 00:00:00.000,2018,-5,True,1,"Q1",3,"March",13,"W13 2018",201813,-267,True,4,"Friday","F​​​​","Weekday","FY2018","FQ3 2018"
20180402,2018-04-02 00:00:00.000,2018,-5,True,2,"Q2",4,"April",14,"W14 2018",201814,-266,True,0,"Monday","M","Weekday","FY2018","FQ4 2018"
20180403,2018-04-03 00:00:00.000,2018,-5,True,2,"Q2",4,"April",14,"W14 2018",201814,-266,True,1,"Tuesday","T​","Weekday","FY2018","FQ4 2018"
20180404,2018-04-04 00:00:00.000,2018,-5,True,2,"Q2",4,"April",14,"W14 2018",201814,-266,True,2,"Wednesday","W​​","Weekday","FY2018","FQ4 2018"
20180405,2018-04-05 00:00:00.000,2018,-5,True,2,"Q2",4,"April",14,"W14 2018",201814,-266,True,3,"Thursday","T​​​","Weekday","FY2018","FQ4 2018"
20180406,2018-04-06 00:00:00.000,2018,-5,True,2,"Q2",4,"April",14,"W14 2018",201814,-266,True,4,"Friday","F​​​​","Weekday","FY2018","FQ4 2018"
20180409,2018-04-09 00:00:00.000,2018,-5,True,2,"Q2",4,"April",15,"W15 2018",201815,-265,True,0,"Monday","M","Weekday","FY2018","FQ4 2018"
20180410,2018-04-10 00:00:00.000,2018,-5,True,2,"Q2",4,"April",15,"W15 2018",201815,-265,True,1,"Tuesday","T​","Weekday","FY2018","FQ4 2018"
20180411,2018-04-11 00:00:00.000,2018,-5,True,2,"Q2",4,"April",15,"W15 2018",201815,-265,True,2,"Wednesday","W​​","Weekday","FY2018","FQ4 2018"
20180412,2018-04-12 00:00:00.000,2018,-5,True,2,"Q2",4,"April",15,"W15 2018",201815,-265,True,3,"Thursday","T​​​","Weekday","FY2018","FQ4 2018"
20180413,2018-04-13 00:00:00.000,2018,-5,True,2,"Q2",4,"April",15,"W15 2018",201815,-265,True,4,"Friday","F​​​​","Weekday","FY2018","FQ4 2018"
20180416,2018-04-16 00:00:00.000,2018,-5,True,2,"Q2",4,"April",16,"W16 2018",201816,-264,True,0,"Monday","M","Weekday","FY2018","FQ4 2018"
20180417,2018-04-17 00:00:00.000,2018,-5,True,2,"Q2",4,"April",16,"W16 2018",201816,-264,True,1,"Tuesday","T​","Weekday","FY2018","FQ4 2018"
20180418,2018-04-18 00:00:00.000,2018,-5,True,2,"Q2",4,"April",16,"W16 2018",201816,-264,True,2,"Wednesday","W​​","Weekday","FY2018","FQ4 2018"
20180419,2018-04-19 00:00:00.000,2018,-5,True,2,"Q2",4,"April",16,"W16 2018",201816,-264,True,3,"Thursday","T​​​","Weekday","FY2018","FQ4 2018"
20180420,2018-04-20 00:00:00.000,2018,-5,True,2,"Q2",4,"April",16,"W16 2018",201816,-264,True,4,"Friday","F​​​​","Weekday","FY2018","FQ4 2018"
20180423,2018-04-23 00:00:00.000,2018,-5,True,2,"Q2",4,"April",17,"W17 2018",201817,-263,True,0,"Monday","M","Weekday","FY2018","FQ4 2018"
20180424,2018-04-24 00:00:00.000,2018,-5,True,2,"Q2",4,"April",17,"W17 2018",201817,-263,True,1,"Tuesday","T​","Weekday","FY2018","FQ4 2018"
20180425,2018-04-25 00:00:00.000,2018,-5,True,2,"Q2",4,"April",17,"W17 2018",201817,-263,True,2,"Wednesday","W​​","Weekday","FY2018","FQ4 2018"
20180426,2018-04-26 00:00:00.000,2018,-5,True,2,"Q2",4,"April",17,"W17 2018",201817,-263,True,3,"Thursday","T​​​","Weekday","FY2018","FQ4 2018"
20180427,2018-04-27 00:00:00.000,2018,-5,True,2,"Q2",4,"April",17,"W17 2018",201817,-263,True,4,"Friday","F​​​​","Weekday","FY2018","FQ4 2018"
20180430,2018-04-30 00:00:00.000,2018,-5,True,2,"Q2",4,"April",18,"W18 2018",201818,-262,True,0,"Monday","M","Weekday","FY2018","FQ4 2018"
20180501,2018-05-01 00:00:00.000,2018,-5,True,2,"Q2",5,"May",18,"W18 2018",201818,-262,True,1,"Tuesday","T​","Weekday","FY2018","FQ4 2018"
20180502,2018-05-02 00:00:00.000,2018,-5,True,2,"Q2",5,"May",18,"W18 2018",201818,-262,True,2,"Wednesday","W​​","Weekday","FY2018","FQ4 2018"
20180503,2018-05-03 00:00:00.000,2018,-5,True,2,"Q2",5,"May",18,"W18 2018",201818,-262,True,3,"Thursday","T​​​","Weekday","FY2018","FQ4 2018"
20180504,2018-05-04 00:00:00.000,2018,-5,True,2,"Q2",5,"May",18,"W18 2018",201818,-262,True,4,"Friday","F​​​​","Weekday","FY2018","FQ4 2018"
20180507,2018-05-07 00:00:00.000,2018,-5,True,2,"Q2",5,"May",19,"W19 2018",201819,-261,True,0,"Monday","M","Weekday","FY2018","FQ4 2018"
20180508,2018-05-08 00:00:00.000,2018,-5,True,2,"Q2",5,"May",19,"W19 2018",201819,-261,True,1,"Tuesday","T​","Weekday","FY2018","FQ4 2018"
20180509,2018-05-09 00:00:00.000,2018,-5,True,2,"Q2",5,"May",19,"W19 2018",201819,-261,True,2,"Wednesday","W​​","Weekday","FY2018","FQ4 2018"
20180510,2018-05-10 00:00:00.000,2018,-5,True,2,"Q2",5,"May",19,"W19 2018",201819,-261,True,3,"Thursday","T​​​","Weekday","FY2018","FQ4 2018"
20180511,2018-05-11 00:00:00.000,2018,-5,True,2,"Q2",5,"May",19,"W19 2018",201819,-261,True,4,"Friday","F​​​​","Weekday","FY2018","FQ4 2018"
20180514,2018-05-14 00:00:00.000,2018,-5,True,2,"Q2",5,"May",20,"W20 2018",201820,-260,True,0,"Monday","M","Weekday","FY2018","FQ4 2018"
20180515,2018-05-15 00:00:00.000,2018,-5,True,2,"Q2",5,"May",20,"W20 2018",201820,-260,True,1,"Tuesday","T​","Weekday","FY2018","FQ4 2018"
20180516,2018-05-16 00:00:00.000,2018,-5,True,2,"Q2",5,"May",20,"W20 2018",201820,-260,True,2,"Wednesday","W​​","Weekday","FY2018","FQ4 2018"
20180517,2018-05-17 00:00:00.000,2018,-5,True,2,"Q2",5,"May",20,"W20 2018",201820,-260,True,3,"Thursday","T​​​","Weekday","FY2018","FQ4 2018"
20180518,2018-05-18 00:00:00.000,2018,-5,True,2,"Q2",5,"May",20,"W20 2018",201820,-260,True,4,"Friday","F​​​​","Weekday","FY2018","FQ4 2018"
20180521,2018-05-21 00:00:00.000,2018,-5,True,2,"Q2",5,"May",21,"W21 2018",201821,-259,True,0,"Monday","M","Weekday","FY2018","FQ4 2018"
20180522,2018-05-22 00:00:00.000,2018,-5,True,2,"Q2",5,"May",21,"W21 2018",201821,-259,True,1,"Tuesday","T​","Weekday","FY2018","FQ4 2018"
20180523,2018-05-23 00:00:00.000,2018,-5,True,2,"Q2",5,"May",21,"W21 2018",201821,-259,True,2,"Wednesday","W​​","Weekday","FY2018","FQ4 2018"
20180524,2018-05-24 00:00:00.000,2018,-5,True,2,"Q2",5,"May",21,"W21 2018",201821,-259,True,3,"Thursday","T​​​","Weekday","FY2018","FQ4 2018"
20180525,2018-05-25 00:00:00.000,2018,-5,True,2,"Q2",5,"May",21,"W21 2018",201821,-259,True,4,"Friday","F​​​​","Weekday","FY2018","FQ4 2018"
20180528,2018-05-28 00:00:00.000,2018,-5,True,2,"Q2",5,"May",22,"W22 2018",201822,-258,True,0,"Monday","M","Weekday","FY2018","FQ4 2018"
20180529,2018-05-29 00:00:00.000,2018,-5,True,2,"Q2",5,"May",22,"W22 2018",201822,-258,True,1,"Tuesday","T​","Weekday","FY2018","FQ4 2018"
20180530,2018-05-30 00:00:00.000,2018,-5,True,2,"Q2",5,"May",22,"W22 2018",201822,-258,True,2,"Wednesday","W​​","Weekday","FY2018","FQ4 2018"
20180531,2018-05-31 00:00:00.000,2018,-5,True,2,"Q2",5,"May",22,"W22 2018",201822,-258,True,3,"Thursday","T​​​","Weekday","FY2018","FQ4 2018"
20180601,2018-06-01 00:00:00.000,2018,-5,True,2,"Q2",6,"June",22,"W22 2018",201822,-258,True,4,"Friday","F​​​​","Weekday","FY2018","FQ4 2018"
20180604,2018-06-04 00:00:00.000,2018,-5,True,2,"Q2",6,"June",23,"W23 2018",201823,-257,True,0,"Monday","M","Weekday","FY2018","FQ4 2018"
20180605,2018-06-05 00:00:00.000,2018,-5,True,2,"Q2",6,"June",23,"W23 2018",201823,-257,True,1,"Tuesday","T​","Weekday","FY2018","FQ4 2018"
20180606,2018-06-06 00:00:00.000,2018,-5,True,2,"Q2",6,"June",23,"W23 2018",201823,-257,True,2,"Wednesday","W​​","Weekday","FY2018","FQ4 2018"
20180607,2018-06-07 00:00:00.000,2018,-5,True,2,"Q2",6,"June",23,"W23 2018",201823,-257,True,3,"Thursday","T​​​","Weekday","FY2018","FQ4 2018"
20180608,2018-06-08 00:00:00.000,2018,-5,True,2,"Q2",6,"June",23,"W23 2018",201823,-257,True,4,"Friday","F​​​​","Weekday","FY2018","FQ4 2018"
20180611,2018-06-11 00:00:00.000,2018,-5,True,2,"Q2",6,"June",24,"W24 2018",201824,-256,True,0,"Monday","M","Weekday","FY2018","FQ4 2018"
20180612,2018-06-12 00:00:00.000,2018,-5,True,2,"Q2",6,"June",24,"W24 2018",201824,-256,True,1,"Tuesday","T​","Weekday","FY2018","FQ4 2018"
20180613,2018-06-13 00:00:00.000,2018,-5,True,2,"Q2",6,"June",24,"W24 2018",201824,-256,True,2,"Wednesday","W​​","Weekday","FY2018","FQ4 2018"
20180614,2018-06-14 00:00:00.000,2018,-5,True,2,"Q2",6,"June",24,"W24 2018",201824,-256,True,3,"Thursday","T​​​","Weekday","FY2018","FQ4 2018"
20180615,2018-06-15 00:00:00.000,2018,-5,True,2,"Q2",6,"June",24,"W24 2018",201824,-256,True,4,"Friday","F​​​​","Weekday","FY2018","FQ4 2018"
20180618,2018-06-18 00:00:00.000,2018,-5,True,2,"Q2",6,"June",25,"W25 2018",201825,-255,True,0,"Monday","M","Weekday","FY2018","FQ4 2018"
20180619,2018-06-19 00:00:00.000,2018,-5,True,2,"Q2",6,"June",25,"W25 2018",201825,-255,True,1,"Tuesday","T​","Weekday","FY2018","FQ4 2018"
20180620,2018-06-20 00:00:00.000,2018,-5,True,2,"Q2",6,"June",25,"W25 2018",201825,-255,True,2,"Wednesday","W​​","Weekday","FY2018","FQ4 2018"
20180621,2018-06-21 00:00:00.000,2018,-5,True,2,"Q2",6,"June",25,"W25 2018",201825,-255,True,3,"Thursday","T​​​","Weekday","FY2018","FQ4 2018"
20180622,2018-06-22 00:00:00.000,2018,-5,True,2,"Q2",6,"June",25,"W25 2018",201825,-255,True,4,"Friday","F​​​​","Weekday","FY2018","FQ4 2018"
20180625,2018-06-25 00:00:00.000,2018,-5,True,2,"Q2",6,"June",26,"W26 2018",201826,-254,True,0,"Monday","M","Weekday","FY2018","FQ4 2018"
20180626,2018-06-26 00:00:00.000,2018,-5,True,2,"Q2",6,"June",26,"W26 2018",201826,-254,True,1,"Tuesday","T​","Weekday","FY2018","FQ4 2018"
20180627,2018-06-27 00:00:00.000,2018,-5,True,2,"Q2",6,"June",26,"W26 2018",201826,-254,True,2,"Wednesday","W​​","Weekday","FY2018","FQ4 2018"
20180628,2018-06-28 00:00:00.000,2018,-5,True,2,"Q2",6,"June",26,"W26 2018",201826,-254,True,3,"Thursday","T​​​","Weekday","FY2018","FQ4 2018"
20180629,2018-06-29 00:00:00.000,2018,-5,True,2,"Q2",6,"June",26,"W26 2018",201826,-254,True,4,"Friday","F​​​​","Weekday","FY2018","FQ4 2018"
20221003,2022-10-03 00:00:00.000,2022,-1,True,4,"Q4",10,"October",40,"W40 2022",202240,-31,True,0,"Monday","M","Weekday","FY2023","FQ2 2023"
20221004,2022-10-04 00:00:00.000,2022,-1,True,4,"Q4",10,"October",40,"W40 2022",202240,-31,True,1,"Tuesday","T​","Weekday","FY2023","FQ2 2023"
20221005,2022-10-05 00:00:00.000,2022,-1,True,4,"Q4",10,"October",40,"W40 2022",202240,-31,True,2,"Wednesday","W​​","Weekday","FY2023","FQ2 2023"
20221006,2022-10-06 00:00:00.000,2022,-1,True,4,"Q4",10,"October",40,"W40 2022",202240,-31,True,3,"Thursday","T​​​","Weekday","FY2023","FQ2 2023"
20221007,2022-10-07 00:00:00.000,2022,-1,True,4,"Q4",10,"October",40,"W40 2022",202240,-31,True,4,"Friday","F​​​​","Weekday","FY2023","FQ2 2023"
20221010,2022-10-10 00:00:00.000,2022,-1,True,4,"Q4",10,"October",41,"W41 2022",202241,-30,True,0,"Monday","M","Weekday","FY2023","FQ2 2023"
20221011,2022-10-11 00:00:00.000,2022,-1,True,4,"Q4",10,"October",41,"W41 2022",202241,-30,True,1,"Tuesday","T​","Weekday","FY2023","FQ2 2023"
20221012,2022-10-12 00:00:00.000,2022,-1,True,4,"Q4",10,"October",41,"W41 2022",202241,-30,True,2,"Wednesday","W​​","Weekday","FY2023","FQ2 2023"
20221013,2022-10-13 00:00:00.000,2022,-1,True,4,"Q4",10,"October",41,"W41 2022",202241,-30,True,3,"Thursday","T​​​","Weekday","FY2023","FQ2 2023"
20221014,2022-10-14 00:00:00.000,2022,-1,True,4,"Q4",10,"October",41,"W41 2022",202241,-30,True,4,"Friday","F​​​​","Weekday","FY2023","FQ2 2023"
20221017,2022-10-17 00:00:00.000,2022,-1,True,4,"Q4",10,"October",42,"W42 2022",202242,-29,True,0,"Monday","M","Weekday","FY2023","FQ2 2023"
20221018,2022-10-18 00:00:00.000,2022,-1,True,4,"Q4",10,"October",42,"W42 2022",202242,-29,True,1,"Tuesday","T​","Weekday","FY2023","FQ2 2023"
20221019,2022-10-19 00:00:00.000,2022,-1,True,4,"Q4",10,"October",42,"W42 2022",202242,-29,True,2,"Wednesday","W​​","Weekday","FY2023","FQ2 2023"
20221020,2022-10-20 00:00:00.000,2022,-1,True,4,"Q4",10,"October",42,"W42 2022",202242,-29,True,3,"Thursday","T​​​","Weekday","FY2023","FQ2 2023"
20221021,2022-10-21 00:00:00.000,2022,-1,True,4,"Q4",10,"October",42,"W42 2022",202242,-29,True,4,"Friday","F​​​​","Weekday","FY2023","FQ2 2023"
20221024,2022-10-24 00:00:00.000,2022,-1,True,4,"Q4",10,"October",43,"W43 2022",202243,-28,True,0,"Monday","M","Weekday","FY2023","FQ2 2023"
20221025,2022-10-25 00:00:00.000,2022,-1,True,4,"Q4",10,"October",43,"W43 2022",202243,-28,True,1,"Tuesday","T​","Weekday","FY2023","FQ2 2023"
20221026,2022-10-26 00:00:00.000,2022,-1,True,4,"Q4",10,"October",43,"W43 2022",202243,-28,True,2,"Wednesday","W​​","Weekday","FY2023","FQ2 2023"
20221027,2022-10-27 00:00:00.000,2022,-1,True,4,"Q4",10,"October",43,"W43 2022",202243,-28,True,3,"Thursday","T​​​","Weekday","FY2023","FQ2 2023"
20221028,2022-10-28 00:00:00.000,2022,-1,True,4,"Q4",10,"October",43,"W43 2022",202243,-28,True,4,"Friday","F​​​​","Weekday","FY2023","FQ2 2023"
20221031,2022-10-31 00:00:00.000,2022,-1,True,4,"Q4",10,"October",44,"W44 2022",202244,-27,True,0,"Monday","M","Weekday","FY2023","FQ2 2023"
20221101,2022-11-01 00:00:00.000,2022,-1,True,4,"Q4",11,"November",44,"W44 2022",202244,-27,True,1,"Tuesday","T​","Weekday","FY2023","FQ2 2023"
20221102,2022-11-02 00:00:00.000,2022,-1,True,4,"Q4",11,"November",44,"W44 2022",202244,-27,True,2,"Wednesday","W​​","Weekday","FY2023","FQ2 2023"
20221103,2022-11-03 00:00:00.000,2022,-1,True,4,"Q4",11,"November",44,"W44 2022",202244,-27,True,3,"Thursday","T​​​","Weekday","FY2023","FQ2 2023"
20221104,2022-11-04 00:00:00.000,2022,-1,True,4,"Q4",11,"November",44,"W44 2022",202244,-27,True,4,"Friday","F​​​​","Weekday","FY2023","FQ2 2023"
20221107,2022-11-07 00:00:00.000,2022,-1,True,4,"Q4",11,"November",45,"W45 2022",202245,-26,True,0,"Monday","M","Weekday","FY2023","FQ2 2023"
20221108,2022-11-08 00:00:00.000,2022,-1,True,4,"Q4",11,"November",45,"W45 2022",202245,-26,True,1,"Tuesday","T​","Weekday","FY2023","FQ2 2023"
20221109,2022-11-09 00:00:00.000,2022,-1,True,4,"Q4",11,"November",45,"W45 2022",202245,-26,True,2,"Wednesday","W​​","Weekday","FY2023","FQ2 2023"
20221110,2022-11-10 00:00:00.000,2022,-1,True,4,"Q4",11,"November",45,"W45 2022",202245,-26,True,3,"Thursday","T​​​","Weekday","FY2023","FQ2 2023"
20221111,2022-11-11 00:00:00.000,2022,-1,True,4,"Q4",11,"November",45,"W45 2022",202245,-26,True,4,"Friday","F​​​​","Weekday","FY2023","FQ2 2023"
20221114,2022-11-14 00:00:00.000,2022,-1,True,4,"Q4",11,"November",46,"W46 2022",202246,-25,True,0,"Monday","M","Weekday","FY2023","FQ2 2023"
20221115,2022-11-15 00:00:00.000,2022,-1,True,4,"Q4",11,"November",46,"W46 2022",202246,-25,True,1,"Tuesday","T​","Weekday","FY2023","FQ2 2023"
20221116,2022-11-16 00:00:00.000,2022,-1,True,4,"Q4",11,"November",46,"W46 2022",202246,-25,True,2,"Wednesday","W​​","Weekday","FY2023","FQ2 2023"
20221117,2022-11-17 00:00:00.000,2022,-1,True,4,"Q4",11,"November",46,"W46 2022",202246,-25,True,3,"Thursday","T​​​","Weekday","FY2023","FQ2 2023"
20221118,2022-11-18 00:00:00.000,2022,-1,True,4,"Q4",11,"November",46,"W46 2022",202246,-25,True,4,"Friday","F​​​​","Weekday","FY2023","FQ2 2023"
20221121,2022-11-21 00:00:00.000,2022,-1,True,4,"Q4",11,"November",47,"W47 2022",202247,-24,True,0,"Monday","M","Weekday","FY2023","FQ2 2023"
20221122,2022-11-22 00:00:00.000,2022,-1,True,4,"Q4",11,"November",47,"W47 2022",202247,-24,True,1,"Tuesday","T​","Weekday","FY2023","FQ2 2023"
20221123,2022-11-23 00:00:00.000,2022,-1,True,4,"Q4",11,"November",47,"W47 2022",202247,-24,True,2,"Wednesday","W​​","Weekday","FY2023","FQ2 2023"
20221124,2022-11-24 00:00:00.000,2022,-1,True,4,"Q4",11,"November",47,"W47 2022",202247,-24,True,3,"Thursday","T​​​","Weekday","FY2023","FQ2 2023"
20221125,2022-11-25 00:00:00.000,2022,-1,True,4,"Q4",11,"November",47,"W47 2022",202247,-24,True,4,"Friday","F​​​​","Weekday","FY2023","FQ2 2023"
20221128,2022-11-28 00:00:00.000,2022,-1,True,4,"Q4",11,"November",48,"W48 2022",202248,-23,True,0,"Monday","M","Weekday","FY2023","FQ2 2023"
20221129,2022-11-29 00:00:00.000,2022,-1,True,4,"Q4",11,"November",48,"W48 2022",202248,-23,True,1,"Tuesday","T​","Weekday","FY2023","FQ2 2023"
20221130,2022-11-30 00:00:00.000,2022,-1,True,4,"Q4",11,"November",48,"W48 2022",202248,-23,True,2,"Wednesday","W​​","Weekday","FY2023","FQ2 2023"
20221201,2022-12-01 00:00:00.000,2022,-1,True,4,"Q4",12,"December",48,"W48 2022",202248,-23,True,3,"Thursday","T​​​","Weekday","FY2023","FQ2 2023"
20221202,2022-12-02 00:00:00.000,2022,-1,True,4,"Q4",12,"December",48,"W48 2022",202248,-23,True,4,"Friday","F​​​​","Weekday","FY2023","FQ2 2023"
20221205,2022-12-05 00:00:00.000,2022,-1,True,4,"Q4",12,"December",49,"W49 2022",202249,-22,True,0,"Monday","M","Weekday","FY2023","FQ2 2023"
20221206,2022-12-06 00:00:00.000,2022,-1,True,4,"Q4",12,"December",49,"W49 2022",202249,-22,True,1,"Tuesday","T​","Weekday","FY2023","FQ2 2023"
20221207,2022-12-07 00:00:00.000,2022,-1,True,4,"Q4",12,"December",49,"W49 2022",202249,-22,True,2,"Wednesday","W​​","Weekday","FY2023","FQ2 2023"
20221208,2022-12-08 00:00:00.000,2022,-1,True,4,"Q4",12,"December",49,"W49 2022",202249,-22,True,3,"Thursday","T​​​","Weekday","FY2023","FQ2 2023"
20221209,2022-12-09 00:00:00.000,2022,-1,True,4,"Q4",12,"December",49,"W49 2022",202249,-22,True,4,"Friday","F​​​​","Weekday","FY2023","FQ2 2023"
20221212,2022-12-12 00:00:00.000,2022,-1,True,4,"Q4",12,"December",50,"W50 2022",202250,-21,True,0,"Monday","M","Weekday","FY2023","FQ2 2023"
20221213,2022-12-13 00:00:00.000,2022,-1,True,4,"Q4",12,"December",50,"W50 2022",202250,-21,True,1,"Tuesday","T​","Weekday","FY2023","FQ2 2023"
20221214,2022-12-14 00:00:00.000,2022,-1,True,4,"Q4",12,"December",50,"W50 2022",202250,-21,True,2,"Wednesday","W​​","Weekday","FY2023","FQ2 2023"
20221215,2022-12-15 00:00:00.000,2022,-1,True,4,"Q4",12,"December",50,"W50 2022",202250,-21,True,3,"Thursday","T​​​","Weekday","FY2023","FQ2 2023"
20221216,2022-12-16 00:00:00.000,2022,-1,True,4,"Q4",12,"December",50,"W50 2022",202250,-21,True,4,"Friday","F​​​​","Weekday","FY2023","FQ2 2023"
20221219,2022-12-19 00:00:00.000,2022,-1,True,4,"Q4",12,"December",51,"W51 2022",202251,-20,True,0,"Monday","M","Weekday","FY2023","FQ2 2023"
20221220,2022-12-20 00:00:00.000,2022,-1,True,4,"Q4",12,"December",51,"W51 2022",202251,-20,True,1,"Tuesday","T​","Weekday","FY2023","FQ2 2023"
20221221,2022-12-21 00:00:00.000,2022,-1,True,4,"Q4",12,"December",51,"W51 2022",202251,-20,True,2,"Wednesday","W​​","Weekday","FY2023","FQ2 2023"
20221222,2022-12-22 00:00:00.000,2022,-1,True,4,"Q4",12,"December",51,"W51 2022",202251,-20,True,3,"Thursday","T​​​","Weekday","FY2023","FQ2 2023"
20221223,2022-12-23 00:00:00.000,2022,-1,True,4,"Q4",12,"December",51,"W51 2022",202251,-20,True,4,"Friday","F​​​​","Weekday","FY2023","FQ2 2023"
20221226,2022-12-26 00:00:00.000,2022,-1,True,4,"Q4",12,"December",52,"W52 2022",202252,-19,True,0,"Monday","M","Weekday","FY2023","FQ2 2023"
20221227,2022-12-27 00:00:00.000,2022,-1,True,4,"Q4",12,"December",52,"W52 2022",202252,-19,True,1,"Tuesday","T​","Weekday","FY2023","FQ2 2023"
20221228,2022-12-28 00:00:00.000,2022,-1,True,4,"Q4",12,"December",52,"W52 2022",202252,-19,True,2,"Wednesday","W​​","Weekday","FY2023","FQ2 2023"
20221229,2022-12-29 00:00:00.000,2022,-1,True,4,"Q4",12,"December",52,"W52 2022",202252,-19,True,3,"Thursday","T​​​","Weekday","FY2023","FQ2 2023"
20221230,2022-12-30 00:00:00.000,2022,-1,True,4,"Q4",12,"December",52,"W52 2022",202252,-19,True,4,"Friday","F​​​​","Weekday","FY2023","FQ2 2023"
20220701,2022-07-01 00:00:00.000,2022,-1,True,3,"Q3",7,"July",26,"W26 2022",202226,-45,True,4,"Friday","F​​​​","Weekday","FY2023","FQ1 2023"
20220704,2022-07-04 00:00:00.000,2022,-1,True,3,"Q3",7,"July",27,"W27 2022",202227,-44,True,0,"Monday","M","Weekday","FY2023","FQ1 2023"
20220705,2022-07-05 00:00:00.000,2022,-1,True,3,"Q3",7,"July",27,"W27 2022",202227,-44,True,1,"Tuesday","T​","Weekday","FY2023","FQ1 2023"
20220706,2022-07-06 00:00:00.000,2022,-1,True,3,"Q3",7,"July",27,"W27 2022",202227,-44,True,2,"Wednesday","W​​","Weekday","FY2023","FQ1 2023"
20220707,2022-07-07 00:00:00.000,2022,-1,True,3,"Q3",7,"July",27,"W27 2022",202227,-44,True,3,"Thursday","T​​​","Weekday","FY2023","FQ1 2023"
20220708,2022-07-08 00:00:00.000,2022,-1,True,3,"Q3",7,"July",27,"W27 2022",202227,-44,True,4,"Friday","F​​​​","Weekday","FY2023","FQ1 2023"
20220711,2022-07-11 00:00:00.000,2022,-1,True,3,"Q3",7,"July",28,"W28 2022",202228,-43,True,0,"Monday","M","Weekday","FY2023","FQ1 2023"
20220712,2022-07-12 00:00:00.000,2022,-1,True,3,"Q3",7,"July",28,"W28 2022",202228,-43,True,1,"Tuesday","T​","Weekday","FY2023","FQ1 2023"
20220713,2022-07-13 00:00:00.000,2022,-1,True,3,"Q3",7,"July",28,"W28 2022",202228,-43,True,2,"Wednesday","W​​","Weekday","FY2023","FQ1 2023"
20220714,2022-07-14 00:00:00.000,2022,-1,True,3,"Q3",7,"July",28,"W28 2022",202228,-43,True,3,"Thursday","T​​​","Weekday","FY2023","FQ1 2023"
20220715,2022-07-15 00:00:00.000,2022,-1,True,3,"Q3",7,"July",28,"W28 2022",202228,-43,True,4,"Friday","F​​​​","Weekday","FY2023","FQ1 2023"
20220718,2022-07-18 00:00:00.000,2022,-1,True,3,"Q3",7,"July",29,"W29 2022",202229,-42,True,0,"Monday","M","Weekday","FY2023","FQ1 2023"
20220719,2022-07-19 00:00:00.000,2022,-1,True,3,"Q3",7,"July",29,"W29 2022",202229,-42,True,1,"Tuesday","T​","Weekday","FY2023","FQ1 2023"
20220720,2022-07-20 00:00:00.000,2022,-1,True,3,"Q3",7,"July",29,"W29 2022",202229,-42,True,2,"Wednesday","W​​","Weekday","FY2023","FQ1 2023"
20220721,2022-07-21 00:00:00.000,2022,-1,True,3,"Q3",7,"July",29,"W29 2022",202229,-42,True,3,"Thursday","T​​​","Weekday","FY2023","FQ1 2023"
20220722,2022-07-22 00:00:00.000,2022,-1,True,3,"Q3",7,"July",29,"W29 2022",202229,-42,True,4,"Friday","F​​​​","Weekday","FY2023","FQ1 2023"
20220725,2022-07-25 00:00:00.000,2022,-1,True,3,"Q3",7,"July",30,"W30 2022",202230,-41,True,0,"Monday","M","Weekday","FY2023","FQ1 2023"
20220726,2022-07-26 00:00:00.000,2022,-1,True,3,"Q3",7,"July",30,"W30 2022",202230,-41,True,1,"Tuesday","T​","Weekday","FY2023","FQ1 2023"
20220727,2022-07-27 00:00:00.000,2022,-1,True,3,"Q3",7,"July",30,"W30 2022",202230,-41,True,2,"Wednesday","W​​","Weekday","FY2023","FQ1 2023"
20220728,2022-07-28 00:00:00.000,2022,-1,True,3,"Q3",7,"July",30,"W30 2022",202230,-41,True,3,"Thursday","T​​​","Weekday","FY2023","FQ1 2023"
20220729,2022-07-29 00:00:00.000,2022,-1,True,3,"Q3",7,"July",30,"W30 2022",202230,-41,True,4,"Friday","F​​​​","Weekday","FY2023","FQ1 2023"
20220801,2022-08-01 00:00:00.000,2022,-1,True,3,"Q3",8,"August",31,"W31 2022",202231,-40,True,0,"Monday","M","Weekday","FY2023","FQ1 2023"
20220802,2022-08-02 00:00:00.000,2022,-1,True,3,"Q3",8,"August",31,"W31 2022",202231,-40,True,1,"Tuesday","T​","Weekday","FY2023","FQ1 2023"
20220803,2022-08-03 00:00:00.000,2022,-1,True,3,"Q3",8,"August",31,"W31 2022",202231,-40,True,2,"Wednesday","W​​","Weekday","FY2023","FQ1 2023"
20220804,2022-08-04 00:00:00.000,2022,-1,True,3,"Q3",8,"August",31,"W31 2022",202231,-40,True,3,"Thursday","T​​​","Weekday","FY2023","FQ1 2023"
20220805,2022-08-05 00:00:00.000,2022,-1,True,3,"Q3",8,"August",31,"W31 2022",202231,-40,True,4,"Friday","F​​​​","Weekday","FY2023","FQ1 2023"
20220808,2022-08-08 00:00:00.000,2022,-1,True,3,"Q3",8,"August",32,"W32 2022",202232,-39,True,0,"Monday","M","Weekday","FY2023","FQ1 2023"
20220809,2022-08-09 00:00:00.000,2022,-1,True,3,"Q3",8,"August",32,"W32 2022",202232,-39,True,1,"Tuesday","T​","Weekday","FY2023","FQ1 2023"
20220810,2022-08-10 00:00:00.000,2022,-1,True,3,"Q3",8,"August",32,"W32 2022",202232,-39,True,2,"Wednesday","W​​","Weekday","FY2023","FQ1 2023"
20220811,2022-08-11 00:00:00.000,2022,-1,True,3,"Q3",8,"August",32,"W32 2022",202232,-39,True,3,"Thursday","T​​​","Weekday","FY2023","FQ1 2023"
20220812,2022-08-12 00:00:00.000,2022,-1,True,3,"Q3",8,"August",32,"W32 2022",202232,-39,True,4,"Friday","F​​​​","Weekday","FY2023","FQ1 2023"
20220815,2022-08-15 00:00:00.000,2022,-1,True,3,"Q3",8,"August",33,"W33 2022",202233,-38,True,0,"Monday","M","Weekday","FY2023","FQ1 2023"
20220816,2022-08-16 00:00:00.000,2022,-1,True,3,"Q3",8,"August",33,"W33 2022",202233,-38,True,1,"Tuesday","T​","Weekday","FY2023","FQ1 2023"
20220817,2022-08-17 00:00:00.000,2022,-1,True,3,"Q3",8,"August",33,"W33 2022",202233,-38,True,2,"Wednesday","W​​","Weekday","FY2023","FQ1 2023"
20220818,2022-08-18 00:00:00.000,2022,-1,True,3,"Q3",8,"August",33,"W33 2022",202233,-38,True,3,"Thursday","T​​​","Weekday","FY2023","FQ1 2023"
20220819,2022-08-19 00:00:00.000,2022,-1,True,3,"Q3",8,"August",33,"W33 2022",202233,-38,True,4,"Friday","F​​​​","Weekday","FY2023","FQ1 2023"
20220822,2022-08-22 00:00:00.000,2022,-1,True,3,"Q3",8,"August",34,"W34 2022",202234,-37,True,0,"Monday","M","Weekday","FY2023","FQ1 2023"
20220823,2022-08-23 00:00:00.000,2022,-1,True,3,"Q3",8,"August",34,"W34 2022",202234,-37,True,1,"Tuesday","T​","Weekday","FY2023","FQ1 2023"
20220824,2022-08-24 00:00:00.000,2022,-1,True,3,"Q3",8,"August",34,"W34 2022",202234,-37,True,2,"Wednesday","W​​","Weekday","FY2023","FQ1 2023"
20220825,2022-08-25 00:00:00.000,2022,-1,True,3,"Q3",8,"August",34,"W34 2022",202234,-37,True,3,"Thursday","T​​​","Weekday","FY2023","FQ1 2023"
20220826,2022-08-26 00:00:00.000,2022,-1,True,3,"Q3",8,"August",34,"W34 2022",202234,-37,True,4,"Friday","F​​​​","Weekday","FY2023","FQ1 2023"
20220829,2022-08-29 00:00:00.000,2022,-1,True,3,"Q3",8,"August",35,"W35 2022",202235,-36,True,0,"Monday","M","Weekday","FY2023","FQ1 2023"
20220830,2022-08-30 00:00:00.000,2022,-1,True,3,"Q3",8,"August",35,"W35 2022",202235,-36,True,1,"Tuesday","T​","Weekday","FY2023","FQ1 2023"
20220831,2022-08-31 00:00:00.000,2022,-1,True,3,"Q3",8,"August",35,"W35 2022",202235,-36,True,2,"Wednesday","W​​","Weekday","FY2023","FQ1 2023"
20220901,2022-09-01 00:00:00.000,2022,-1,True,3,"Q3",9,"September",35,"W35 2022",202235,-36,True,3,"Thursday","T​​​","Weekday","FY2023","FQ1 2023"
20220902,2022-09-02 00:00:00.000,2022,-1,True,3,"Q3",9,"September",35,"W35 2022",202235,-36,True,4,"Friday","F​​​​","Weekday","FY2023","FQ1 2023"
20220905,2022-09-05 00:00:00.000,2022,-1,True,3,"Q3",9,"September",36,"W36 2022",202236,-35,True,0,"Monday","M","Weekday","FY2023","FQ1 2023"
20220906,2022-09-06 00:00:00.000,2022,-1,True,3,"Q3",9,"September",36,"W36 2022",202236,-35,True,1,"Tuesday","T​","Weekday","FY2023","FQ1 2023"
20220907,2022-09-07 00:00:00.000,2022,-1,True,3,"Q3",9,"September",36,"W36 2022",202236,-35,True,2,"Wednesday","W​​","Weekday","FY2023","FQ1 2023"
20220908,2022-09-08 00:00:00.000,2022,-1,True,3,"Q3",9,"September",36,"W36 2022",202236,-35,True,3,"Thursday","T​​​","Weekday","FY2023","FQ1 2023"
20220909,2022-09-09 00:00:00.000,2022,-1,True,3,"Q3",9,"September",36,"W36 2022",202236,-35,True,4,"Friday","F​​​​","Weekday","FY2023","FQ1 2023"
20220912,2022-09-12 00:00:00.000,2022,-1,True,3,"Q3",9,"September",37,"W37 2022",202237,-34,True,0,"Monday","M","Weekday","FY2023","FQ1 2023"
20220913,2022-09-13 00:00:00.000,2022,-1,True,3,"Q3",9,"September",37,"W37 2022",202237,-34,True,1,"Tuesday","T​","Weekday","FY2023","FQ1 2023"
20220914,2022-09-14 00:00:00.000,2022,-1,True,3,"Q3",9,"September",37,"W37 2022",202237,-34,True,2,"Wednesday","W​​","Weekday","FY2023","FQ1 2023"
20220915,2022-09-15 00:00:00.000,2022,-1,True,3,"Q3",9,"September",37,"W37 2022",202237,-34,True,3,"Thursday","T​​​","Weekday","FY2023","FQ1 2023"
20220916,2022-09-16 00:00:00.000,2022,-1,True,3,"Q3",9,"September",37,"W37 2022",202237,-34,True,4,"Friday","F​​​​","Weekday","FY2023","FQ1 2023"
20220919,2022-09-19 00:00:00.000,2022,-1,True,3,"Q3",9,"September",38,"W38 2022",202238,-33,True,0,"Monday","M","Weekday","FY2023","FQ1 2023"
20220920,2022-09-20 00:00:00.000,2022,-1,True,3,"Q3",9,"September",38,"W38 2022",202238,-33,True,1,"Tuesday","T​","Weekday","FY2023","FQ1 2023"
20220921,2022-09-21 00:00:00.000,2022,-1,True,3,"Q3",9,"September",38,"W38 2022",202238,-33,True,2,"Wednesday","W​​","Weekday","FY2023","FQ1 2023"
20220922,2022-09-22 00:00:00.000,2022,-1,True,3,"Q3",9,"September",38,"W38 2022",202238,-33,True,3,"Thursday","T​​​","Weekday","FY2023","FQ1 2023"
20220923,2022-09-23 00:00:00.000,2022,-1,True,3,"Q3",9,"September",38,"W38 2022",202238,-33,True,4,"Friday","F​​​​","Weekday","FY2023","FQ1 2023"
20220926,2022-09-26 00:00:00.000,2022,-1,True,3,"Q3",9,"September",39,"W39 2022",202239,-32,True,0,"Monday","M","Weekday","FY2023","FQ1 2023"
20220927,2022-09-27 00:00:00.000,2022,-1,True,3,"Q3",9,"September",39,"W39 2022",202239,-32,True,1,"Tuesday","T​","Weekday","FY2023","FQ1 2023"
20220928,2022-09-28 00:00:00.000,2022,-1,True,3,"Q3",9,"September",39,"W39 2022",202239,-32,True,2,"Wednesday","W​​","Weekday","FY2023","FQ1 2023"
20220929,2022-09-29 00:00:00.000,2022,-1,True,3,"Q3",9,"September",39,"W39 2022",202239,-32,True,3,"Thursday","T​​​","Weekday","FY2023","FQ1 2023"
20220930,2022-09-30 00:00:00.000,2022,-1,True,3,"Q3",9,"September",39,"W39 2022",202239,-32,True,4,"Friday","F​​​​","Weekday","FY2023","FQ1 2023"
20230102,2023-01-02 00:00:00.000,2023,0,False,1,"Q1",1,"January",1,"W01 2023",202301,-18,True,0,"Monday","M","Weekday","FY2023","FQ3 2023"
20230103,2023-01-03 00:00:00.000,2023,0,False,1,"Q1",1,"January",1,"W01 2023",202301,-18,True,1,"Tuesday","T​","Weekday","FY2023","FQ3 2023"
20230104,2023-01-04 00:00:00.000,2023,0,False,1,"Q1",1,"January",1,"W01 2023",202301,-18,True,2,"Wednesday","W​​","Weekday","FY2023","FQ3 2023"
20230105,2023-01-05 00:00:00.000,2023,0,False,1,"Q1",1,"January",1,"W01 2023",202301,-18,True,3,"Thursday","T​​​","Weekday","FY2023","FQ3 2023"
20230106,2023-01-06 00:00:00.000,2023,0,False,1,"Q1",1,"January",1,"W01 2023",202301,-18,True,4,"Friday","F​​​​","Weekday","FY2023","FQ3 2023"
20230109,2023-01-09 00:00:00.000,2023,0,False,1,"Q1",1,"January",2,"W02 2023",202302,-17,True,0,"Monday","M","Weekday","FY2023","FQ3 2023"
20230110,2023-01-10 00:00:00.000,2023,0,False,1,"Q1",1,"January",2,"W02 2023",202302,-17,True,1,"Tuesday","T​","Weekday","FY2023","FQ3 2023"
20230111,2023-01-11 00:00:00.000,2023,0,False,1,"Q1",1,"January",2,"W02 2023",202302,-17,True,2,"Wednesday","W​​","Weekday","FY2023","FQ3 2023"
20230112,2023-01-12 00:00:00.000,2023,0,False,1,"Q1",1,"January",2,"W02 2023",202302,-17,True,3,"Thursday","T​​​","Weekday","FY2023","FQ3 2023"
20230113,2023-01-13 00:00:00.000,2023,0,False,1,"Q1",1,"January",2,"W02 2023",202302,-17,True,4,"Friday","F​​​​","Weekday","FY2023","FQ3 2023"
20230116,2023-01-16 00:00:00.000,2023,0,False,1,"Q1",1,"January",3,"W03 2023",202303,-16,True,0,"Monday","M","Weekday","FY2023","FQ3 2023"
20230117,2023-01-17 00:00:00.000,2023,0,False,1,"Q1",1,"January",3,"W03 2023",202303,-16,True,1,"Tuesday","T​","Weekday","FY2023","FQ3 2023"
20230118,2023-01-18 00:00:00.000,2023,0,False,1,"Q1",1,"January",3,"W03 2023",202303,-16,True,2,"Wednesday","W​​","Weekday","FY2023","FQ3 2023"
20230119,2023-01-19 00:00:00.000,2023,0,False,1,"Q1",1,"January",3,"W03 2023",202303,-16,True,3,"Thursday","T​​​","Weekday","FY2023","FQ3 2023"
20230120,2023-01-20 00:00:00.000,2023,0,False,1,"Q1",1,"January",3,"W03 2023",202303,-16,True,4,"Friday","F​​​​","Weekday","FY2023","FQ3 2023"
20230123,2023-01-23 00:00:00.000,2023,0,False,1,"Q1",1,"January",4,"W04 2023",202304,-15,True,0,"Monday","M","Weekday","FY2023","FQ3 2023"
20230124,2023-01-24 00:00:00.000,2023,0,False,1,"Q1",1,"January",4,"W04 2023",202304,-15,True,1,"Tuesday","T​","Weekday","FY2023","FQ3 2023"
20230125,2023-01-25 00:00:00.000,2023,0,False,1,"Q1",1,"January",4,"W04 2023",202304,-15,True,2,"Wednesday","W​​","Weekday","FY2023","FQ3 2023"
20230126,2023-01-26 00:00:00.000,2023,0,False,1,"Q1",1,"January",4,"W04 2023",202304,-15,True,3,"Thursday","T​​​","Weekday","FY2023","FQ3 2023"
20230127,2023-01-27 00:00:00.000,2023,0,False,1,"Q1",1,"January",4,"W04 2023",202304,-15,True,4,"Friday","F​​​​","Weekday","FY2023","FQ3 2023"
20230130,2023-01-30 00:00:00.000,2023,0,False,1,"Q1",1,"January",5,"W05 2023",202305,-14,True,0,"Monday","M","Weekday","FY2023","FQ3 2023"
20230131,2023-01-31 00:00:00.000,2023,0,False,1,"Q1",1,"January",5,"W05 2023",202305,-14,True,1,"Tuesday","T​","Weekday","FY2023","FQ3 2023"
20230201,2023-02-01 00:00:00.000,2023,0,False,1,"Q1",2,"February",5,"W05 2023",202305,-14,True,2,"Wednesday","W​​","Weekday","FY2023","FQ3 2023"
20230202,2023-02-02 00:00:00.000,2023,0,False,1,"Q1",2,"February",5,"W05 2023",202305,-14,True,3,"Thursday","T​​​","Weekday","FY2023","FQ3 2023"
20230203,2023-02-03 00:00:00.000,2023,0,False,1,"Q1",2,"February",5,"W05 2023",202305,-14,True,4,"Friday","F​​​​","Weekday","FY2023","FQ3 2023"
20230206,2023-02-06 00:00:00.000,2023,0,False,1,"Q1",2,"February",6,"W06 2023",202306,-13,True,0,"Monday","M","Weekday","FY2023","FQ3 2023"
20230207,2023-02-07 00:00:00.000,2023,0,False,1,"Q1",2,"February",6,"W06 2023",202306,-13,True,1,"Tuesday","T​","Weekday","FY2023","FQ3 2023"
20230208,2023-02-08 00:00:00.000,2023,0,False,1,"Q1",2,"February",6,"W06 2023",202306,-13,True,2,"Wednesday","W​​","Weekday","FY2023","FQ3 2023"
20230209,2023-02-09 00:00:00.000,2023,0,False,1,"Q1",2,"February",6,"W06 2023",202306,-13,True,3,"Thursday","T​​​","Weekday","FY2023","FQ3 2023"
20230210,2023-02-10 00:00:00.000,2023,0,False,1,"Q1",2,"February",6,"W06 2023",202306,-13,True,4,"Friday","F​​​​","Weekday","FY2023","FQ3 2023"
20230213,2023-02-13 00:00:00.000,2023,0,False,1,"Q1",2,"February",7,"W07 2023",202307,-12,True,0,"Monday","M","Weekday","FY2023","FQ3 2023"
20230214,2023-02-14 00:00:00.000,2023,0,False,1,"Q1",2,"February",7,"W07 2023",202307,-12,True,1,"Tuesday","T​","Weekday","FY2023","FQ3 2023"
20230215,2023-02-15 00:00:00.000,2023,0,False,1,"Q1",2,"February",7,"W07 2023",202307,-12,True,2,"Wednesday","W​​","Weekday","FY2023","FQ3 2023"
20230216,2023-02-16 00:00:00.000,2023,0,False,1,"Q1",2,"February",7,"W07 2023",202307,-12,True,3,"Thursday","T​​​","Weekday","FY2023","FQ3 2023"
20230217,2023-02-17 00:00:00.000,2023,0,False,1,"Q1",2,"February",7,"W07 2023",202307,-12,True,4,"Friday","F​​​​","Weekday","FY2023","FQ3 2023"
20230220,2023-02-20 00:00:00.000,2023,0,False,1,"Q1",2,"February",8,"W08 2023",202308,-11,True,0,"Monday","M","Weekday","FY2023","FQ3 2023"
20230221,2023-02-21 00:00:00.000,2023,0,False,1,"Q1",2,"February",8,"W08 2023",202308,-11,True,1,"Tuesday","T​","Weekday","FY2023","FQ3 2023"
20230222,2023-02-22 00:00:00.000,2023,0,False,1,"Q1",2,"February",8,"W08 2023",202308,-11,True,2,"Wednesday","W​​","Weekday","FY2023","FQ3 2023"
20230223,2023-02-23 00:00:00.000,2023,0,False,1,"Q1",2,"February",8,"W08 2023",202308,-11,True,3,"Thursday","T​​​","Weekday","FY2023","FQ3 2023"
20230224,2023-02-24 00:00:00.000,2023,0,False,1,"Q1",2,"February",8,"W08 2023",202308,-11,True,4,"Friday","F​​​​","Weekday","FY2023","FQ3 2023"
20230227,2023-02-27 00:00:00.000,2023,0,False,1,"Q1",2,"February",9,"W09 2023",202309,-10,True,0,"Monday","M","Weekday","FY2023","FQ3 2023"
20230228,2023-02-28 00:00:00.000,2023,0,False,1,"Q1",2,"February",9,"W09 2023",202309,-10,True,1,"Tuesday","T​","Weekday","FY2023","FQ3 2023"
20230301,2023-03-01 00:00:00.000,2023,0,False,1,"Q1",3,"March",9,"W09 2023",202309,-10,True,2,"Wednesday","W​​","Weekday","FY2023","FQ3 2023"
20230302,2023-03-02 00:00:00.000,2023,0,False,1,"Q1",3,"March",9,"W09 2023",202309,-10,True,3,"Thursday","T​​​","Weekday","FY2023","FQ3 2023"
20230303,2023-03-03 00:00:00.000,2023,0,False,1,"Q1",3,"March",9,"W09 2023",202309,-10,True,4,"Friday","F​​​​","Weekday","FY2023","FQ3 2023"
20230306,2023-03-06 00:00:00.000,2023,0,False,1,"Q1",3,"March",10,"W10 2023",202310,-9,True,0,"Monday","M","Weekday","FY2023","FQ3 2023"
20230307,2023-03-07 00:00:00.000,2023,0,False,1,"Q1",3,"March",10,"W10 2023",202310,-9,True,1,"Tuesday","T​","Weekday","FY2023","FQ3 2023"
20230308,2023-03-08 00:00:00.000,2023,0,False,1,"Q1",3,"March",10,"W10 2023",202310,-9,True,2,"Wednesday","W​​","Weekday","FY2023","FQ3 2023"
20230309,2023-03-09 00:00:00.000,2023,0,False,1,"Q1",3,"March",10,"W10 2023",202310,-9,True,3,"Thursday","T​​​","Weekday","FY2023","FQ3 2023"
20230310,2023-03-10 00:00:00.000,2023,0,False,1,"Q1",3,"March",10,"W10 2023",202310,-9,True,4,"Friday","F​​​​","Weekday","FY2023","FQ3 2023"
20230313,2023-03-13 00:00:00.000,2023,0,False,1,"Q1",3,"March",11,"W11 2023",202311,-8,True,0,"Monday","M","Weekday","FY2023","FQ3 2023"
20230314,2023-03-14 00:00:00.000,2023,0,False,1,"Q1",3,"March",11,"W11 2023",202311,-8,True,1,"Tuesday","T​","Weekday","FY2023","FQ3 2023"
20230315,2023-03-15 00:00:00.000,2023,0,False,1,"Q1",3,"March",11,"W11 2023",202311,-8,True,2,"Wednesday","W​​","Weekday","FY2023","FQ3 2023"
20230316,2023-03-16 00:00:00.000,2023,0,False,1,"Q1",3,"March",11,"W11 2023",202311,-8,True,3,"Thursday","T​​​","Weekday","FY2023","FQ3 2023"
20230317,2023-03-17 00:00:00.000,2023,0,False,1,"Q1",3,"March",11,"W11 2023",202311,-8,True,4,"Friday","F​​​​","Weekday","FY2023","FQ3 2023"
20230320,2023-03-20 00:00:00.000,2023,0,False,1,"Q1",3,"March",12,"W12 2023",202312,-7,True,0,"Monday","M","Weekday","FY2023","FQ3 2023"
20230321,2023-03-21 00:00:00.000,2023,0,False,1,"Q1",3,"March",12,"W12 2023",202312,-7,True,1,"Tuesday","T​","Weekday","FY2023","FQ3 2023"
20230322,2023-03-22 00:00:00.000,2023,0,False,1,"Q1",3,"March",12,"W12 2023",202312,-7,True,2,"Wednesday","W​​","Weekday","FY2023","FQ3 2023"
20230323,2023-03-23 00:00:00.000,2023,0,False,1,"Q1",3,"March",12,"W12 2023",202312,-7,True,3,"Thursday","T​​​","Weekday","FY2023","FQ3 2023"
20230324,2023-03-24 00:00:00.000,2023,0,False,1,"Q1",3,"March",12,"W12 2023",202312,-7,True,4,"Friday","F​​​​","Weekday","FY2023","FQ3 2023"
20230327,2023-03-27 00:00:00.000,2023,0,False,1,"Q1",3,"March",13,"W13 2023",202313,-6,True,0,"Monday","M","Weekday","FY2023","FQ3 2023"
20230328,2023-03-28 00:00:00.000,2023,0,False,1,"Q1",3,"March",13,"W13 2023",202313,-6,True,1,"Tuesday","T​","Weekday","FY2023","FQ3 2023"
20230329,2023-03-29 00:00:00.000,2023,0,False,1,"Q1",3,"March",13,"W13 2023",202313,-6,True,2,"Wednesday","W​​","Weekday","FY2023","FQ3 2023"
20230330,2023-03-30 00:00:00.000,2023,0,False,1,"Q1",3,"March",13,"W13 2023",202313,-6,True,3,"Thursday","T​​​","Weekday","FY2023","FQ3 2023"
20230331,2023-03-31 00:00:00.000,2023,0,False,1,"Q1",3,"March",13,"W13 2023",202313,-6,True,4,"Friday","F​​​​","Weekday","FY2023","FQ3 2023"
20230403,2023-04-03 00:00:00.000,2023,0,False,2,"Q2",4,"April",14,"W14 2023",202314,-5,True,0,"Monday","M","Weekday","FY2023","FQ4 2023"
20230404,2023-04-04 00:00:00.000,2023,0,False,2,"Q2",4,"April",14,"W14 2023",202314,-5,True,1,"Tuesday","T​","Weekday","FY2023","FQ4 2023"
20230405,2023-04-05 00:00:00.000,2023,0,False,2,"Q2",4,"April",14,"W14 2023",202314,-5,True,2,"Wednesday","W​​","Weekday","FY2023","FQ4 2023"
20230406,2023-04-06 00:00:00.000,2023,0,False,2,"Q2",4,"April",14,"W14 2023",202314,-5,True,3,"Thursday","T​​​","Weekday","FY2023","FQ4 2023"
20230407,2023-04-07 00:00:00.000,2023,0,False,2,"Q2",4,"April",14,"W14 2023",202314,-5,True,4,"Friday","F​​​​","Weekday","FY2023","FQ4 2023"
20230410,2023-04-10 00:00:00.000,2023,0,False,2,"Q2",4,"April",15,"W15 2023",202315,-4,True,0,"Monday","M","Weekday","FY2023","FQ4 2023"
20230411,2023-04-11 00:00:00.000,2023,0,False,2,"Q2",4,"April",15,"W15 2023",202315,-4,True,1,"Tuesday","T​","Weekday","FY2023","FQ4 2023"
20230412,2023-04-12 00:00:00.000,2023,0,False,2,"Q2",4,"April",15,"W15 2023",202315,-4,True,2,"Wednesday","W​​","Weekday","FY2023","FQ4 2023"
20230413,2023-04-13 00:00:00.000,2023,0,False,2,"Q2",4,"April",15,"W15 2023",202315,-4,True,3,"Thursday","T​​​","Weekday","FY2023","FQ4 2023"
20230414,2023-04-14 00:00:00.000,2023,0,False,2,"Q2",4,"April",15,"W15 2023",202315,-4,True,4,"Friday","F​​​​","Weekday","FY2023","FQ4 2023"
20230417,2023-04-17 00:00:00.000,2023,0,False,2,"Q2",4,"April",16,"W16 2023",202316,-3,True,0,"Monday","M","Weekday","FY2023","FQ4 2023"
20230418,2023-04-18 00:00:00.000,2023,0,False,2,"Q2",4,"April",16,"W16 2023",202316,-3,True,1,"Tuesday","T​","Weekday","FY2023","FQ4 2023"
20230419,2023-04-19 00:00:00.000,2023,0,False,2,"Q2",4,"April",16,"W16 2023",202316,-3,True,2,"Wednesday","W​​","Weekday","FY2023","FQ4 2023"
20230420,2023-04-20 00:00:00.000,2023,0,False,2,"Q2",4,"April",16,"W16 2023",202316,-3,True,3,"Thursday","T​​​","Weekday","FY2023","FQ4 2023"
20230421,2023-04-21 00:00:00.000,2023,0,False,2,"Q2",4,"April",16,"W16 2023",202316,-3,True,4,"Friday","F​​​​","Weekday","FY2023","FQ4 2023"
20230424,2023-04-24 00:00:00.000,2023,0,False,2,"Q2",4,"April",17,"W17 2023",202317,-2,True,0,"Monday","M","Weekday","FY2023","FQ4 2023"
20230425,2023-04-25 00:00:00.000,2023,0,False,2,"Q2",4,"April",17,"W17 2023",202317,-2,True,1,"Tuesday","T​","Weekday","FY2023","FQ4 2023"
20230426,2023-04-26 00:00:00.000,2023,0,False,2,"Q2",4,"April",17,"W17 2023",202317,-2,True,2,"Wednesday","W​​","Weekday","FY2023","FQ4 2023"
20230427,2023-04-27 00:00:00.000,2023,0,False,2,"Q2",4,"April",17,"W17 2023",202317,-2,True,3,"Thursday","T​​​","Weekday","FY2023","FQ4 2023"
20230428,2023-04-28 00:00:00.000,2023,0,False,2,"Q2",4,"April",17,"W17 2023",202317,-2,True,4,"Friday","F​​​​","Weekday","FY2023","FQ4 2023"
20230501,2023-05-01 00:00:00.000,2023,0,False,2,"Q2",5,"May",18,"W18 2023",202318,-1,True,0,"Monday","M","Weekday","FY2023","FQ4 2023"
20230502,2023-05-02 00:00:00.000,2023,0,False,2,"Q2",5,"May",18,"W18 2023",202318,-1,True,1,"Tuesday","T​","Weekday","FY2023","FQ4 2023"
20230503,2023-05-03 00:00:00.000,2023,0,False,2,"Q2",5,"May",18,"W18 2023",202318,-1,True,2,"Wednesday","W​​","Weekday","FY2023","FQ4 2023"
20230504,2023-05-04 00:00:00.000,2023,0,False,2,"Q2",5,"May",18,"W18 2023",202318,-1,True,3,"Thursday","T​​​","Weekday","FY2023","FQ4 2023"
20230505,2023-05-05 00:00:00.000,2023,0,False,2,"Q2",5,"May",18,"W18 2023",202318,-1,True,4,"Friday","F​​​​","Weekday","FY2023","FQ4 2023"
20230508,2023-05-08 00:00:00.000,2023,0,False,2,"Q2",5,"May",19,"W19 2023",202319,0,False,0,"Monday","M","Weekday","FY2023","FQ4 2023"
20230509,2023-05-09 00:00:00.000,2023,0,False,2,"Q2",5,"May",19,"W19 2023",202319,0,False,1,"Tuesday","T​","Weekday","FY2023","FQ4 2023"
20230510,2023-05-10 00:00:00.000,2023,0,False,2,"Q2",5,"May",19,"W19 2023",202319,0,False,2,"Wednesday","W​​","Weekday","FY2023","FQ4 2023"
20230511,2023-05-11 00:00:00.000,2023,0,False,2,"Q2",5,"May",19,"W19 2023",202319,0,False,3,"Thursday","T​​​","Weekday","FY2023","FQ4 2023"
20230512,2023-05-12 00:00:00.000,2023,0,False,2,"Q2",5,"May",19,"W19 2023",202319,0,False,4,"Friday","F​​​​","Weekday","FY2023","FQ4 2023"
20230515,2023-05-15 00:00:00.000,2023,0,False,2,"Q2",5,"May",20,"W20 2023",202320,1,False,0,"Monday","M","Weekday","FY2023","FQ4 2023"
20230516,2023-05-16 00:00:00.000,2023,0,False,2,"Q2",5,"May",20,"W20 2023",202320,1,False,1,"Tuesday","T​","Weekday","FY2023","FQ4 2023"
20230517,2023-05-17 00:00:00.000,2023,0,False,2,"Q2",5,"May",20,"W20 2023",202320,1,False,2,"Wednesday","W​​","Weekday","FY2023","FQ4 2023"
20230518,2023-05-18 00:00:00.000,2023,0,False,2,"Q2",5,"May",20,"W20 2023",202320,1,False,3,"Thursday","T​​​","Weekday","FY2023","FQ4 2023"
20230519,2023-05-19 00:00:00.000,2023,0,False,2,"Q2",5,"May",20,"W20 2023",202320,1,False,4,"Friday","F​​​​","Weekday","FY2023","FQ4 2023"
20230522,2023-05-22 00:00:00.000,2023,0,False,2,"Q2",5,"May",21,"W21 2023",202321,2,False,0,"Monday","M","Weekday","FY2023","FQ4 2023"
20230523,2023-05-23 00:00:00.000,2023,0,False,2,"Q2",5,"May",21,"W21 2023",202321,2,False,1,"Tuesday","T​","Weekday","FY2023","FQ4 2023"
20230524,2023-05-24 00:00:00.000,2023,0,False,2,"Q2",5,"May",21,"W21 2023",202321,2,False,2,"Wednesday","W​​","Weekday","FY2023","FQ4 2023"
20230525,2023-05-25 00:00:00.000,2023,0,False,2,"Q2",5,"May",21,"W21 2023",202321,2,False,3,"Thursday","T​​​","Weekday","FY2023","FQ4 2023"
20230526,2023-05-26 00:00:00.000,2023,0,False,2,"Q2",5,"May",21,"W21 2023",202321,2,False,4,"Friday","F​​​​","Weekday","FY2023","FQ4 2023"
20230529,2023-05-29 00:00:00.000,2023,0,False,2,"Q2",5,"May",22,"W22 2023",202322,3,False,0,"Monday","M","Weekday","FY2023","FQ4 2023"
20230530,2023-05-30 00:00:00.000,2023,0,False,2,"Q2",5,"May",22,"W22 2023",202322,3,False,1,"Tuesday","T​","Weekday","FY2023","FQ4 2023"
20230531,2023-05-31 00:00:00.000,2023,0,False,2,"Q2",5,"May",22,"W22 2023",202322,3,False,2,"Wednesday","W​​","Weekday","FY2023","FQ4 2023"
20230601,2023-06-01 00:00:00.000,2023,0,False,2,"Q2",6,"June",22,"W22 2023",202322,3,False,3,"Thursday","T​​​","Weekday","FY2023","FQ4 2023"
20230602,2023-06-02 00:00:00.000,2023,0,False,2,"Q2",6,"June",22,"W22 2023",202322,3,False,4,"Friday","F​​​​","Weekday","FY2023","FQ4 2023"
20230605,2023-06-05 00:00:00.000,2023,0,False,2,"Q2",6,"June",23,"W23 2023",202323,4,False,0,"Monday","M","Weekday","FY2023","FQ4 2023"
20230606,2023-06-06 00:00:00.000,2023,0,False,2,"Q2",6,"June",23,"W23 2023",202323,4,False,1,"Tuesday","T​","Weekday","FY2023","FQ4 2023"
20230607,2023-06-07 00:00:00.000,2023,0,False,2,"Q2",6,"June",23,"W23 2023",202323,4,False,2,"Wednesday","W​​","Weekday","FY2023","FQ4 2023"
20230608,2023-06-08 00:00:00.000,2023,0,False,2,"Q2",6,"June",23,"W23 2023",202323,4,False,3,"Thursday","T​​​","Weekday","FY2023","FQ4 2023"
20230609,2023-06-09 00:00:00.000,2023,0,False,2,"Q2",6,"June",23,"W23 2023",202323,4,False,4,"Friday","F​​​​","Weekday","FY2023","FQ4 2023"
20230612,2023-06-12 00:00:00.000,2023,0,False,2,"Q2",6,"June",24,"W24 2023",202324,5,False,0,"Monday","M","Weekday","FY2023","FQ4 2023"
20230613,2023-06-13 00:00:00.000,2023,0,False,2,"Q2",6,"June",24,"W24 2023",202324,5,False,1,"Tuesday","T​","Weekday","FY2023","FQ4 2023"
20230614,2023-06-14 00:00:00.000,2023,0,False,2,"Q2",6,"June",24,"W24 2023",202324,5,False,2,"Wednesday","W​​","Weekday","FY2023","FQ4 2023"
20230615,2023-06-15 00:00:00.000,2023,0,False,2,"Q2",6,"June",24,"W24 2023",202324,5,False,3,"Thursday","T​​​","Weekday","FY2023","FQ4 2023"
20230616,2023-06-16 00:00:00.000,2023,0,False,2,"Q2",6,"June",24,"W24 2023",202324,5,False,4,"Friday","F​​​​","Weekday","FY2023","FQ4 2023"
20230619,2023-06-19 00:00:00.000,2023,0,False,2,"Q2",6,"June",25,"W25 2023",202325,6,False,0,"Monday","M","Weekday","FY2023","FQ4 2023"
20230620,2023-06-20 00:00:00.000,2023,0,False,2,"Q2",6,"June",25,"W25 2023",202325,6,False,1,"Tuesday","T​","Weekday","FY2023","FQ4 2023"
20230621,2023-06-21 00:00:00.000,2023,0,False,2,"Q2",6,"June",25,"W25 2023",202325,6,False,2,"Wednesday","W​​","Weekday","FY2023","FQ4 2023"
20230622,2023-06-22 00:00:00.000,2023,0,False,2,"Q2",6,"June",25,"W25 2023",202325,6,False,3,"Thursday","T​​​","Weekday","FY2023","FQ4 2023"
20230623,2023-06-23 00:00:00.000,2023,0,False,2,"Q2",6,"June",25,"W25 2023",202325,6,False,4,"Friday","F​​​​","Weekday","FY2023","FQ4 2023"
20230626,2023-06-26 00:00:00.000,2023,0,False,2,"Q2",6,"June",26,"W26 2023",202326,7,False,0,"Monday","M","Weekday","FY2023","FQ4 2023"
20230627,2023-06-27 00:00:00.000,2023,0,False,2,"Q2",6,"June",26,"W26 2023",202326,7,False,1,"Tuesday","T​","Weekday","FY2023","FQ4 2023"
20230628,2023-06-28 00:00:00.000,2023,0,False,2,"Q2",6,"June",26,"W26 2023",202326,7,False,2,"Wednesday","W​​","Weekday","FY2023","FQ4 2023"
20230629,2023-06-29 00:00:00.000,2023,0,False,2,"Q2",6,"June",26,"W26 2023",202326,7,False,3,"Thursday","T​​​","Weekday","FY2023","FQ4 2023"
20230630,2023-06-30 00:00:00.000,2023,0,False,2,"Q2",6,"June",26,"W26 2023",202326,7,False,4,"Friday","F​​​​","Weekday","FY2023","FQ4 2023"
20251001,2025-10-01 00:00:00.000,2025,2,False,4,"Q4",10,"October",40,"W40 2025",202540,125,False,2,"Wednesday","W​​","Weekday","FY2026","FQ2 2026"
20251002,2025-10-02 00:00:00.000,2025,2,False,4,"Q4",10,"October",40,"W40 2025",202540,125,False,3,"Thursday","T​​​","Weekday","FY2026","FQ2 2026"
20251003,2025-10-03 00:00:00.000,2025,2,False,4,"Q4",10,"October",40,"W40 2025",202540,125,False,4,"Friday","F​​​​","Weekday","FY2026","FQ2 2026"
20251006,2025-10-06 00:00:00.000,2025,2,False,4,"Q4",10,"October",41,"W41 2025",202541,126,False,0,"Monday","M","Weekday","FY2026","FQ2 2026"
20251007,2025-10-07 00:00:00.000,2025,2,False,4,"Q4",10,"October",41,"W41 2025",202541,126,False,1,"Tuesday","T​","Weekday","FY2026","FQ2 2026"
20251008,2025-10-08 00:00:00.000,2025,2,False,4,"Q4",10,"October",41,"W41 2025",202541,126,False,2,"Wednesday","W​​","Weekday","FY2026","FQ2 2026"
20251009,2025-10-09 00:00:00.000,2025,2,False,4,"Q4",10,"October",41,"W41 2025",202541,126,False,3,"Thursday","T​​​","Weekday","FY2026","FQ2 2026"
20251010,2025-10-10 00:00:00.000,2025,2,False,4,"Q4",10,"October",41,"W41 2025",202541,126,False,4,"Friday","F​​​​","Weekday","FY2026","FQ2 2026"
20251013,2025-10-13 00:00:00.000,2025,2,False,4,"Q4",10,"October",42,"W42 2025",202542,127,False,0,"Monday","M","Weekday","FY2026","FQ2 2026"
20251014,2025-10-14 00:00:00.000,2025,2,False,4,"Q4",10,"October",42,"W42 2025",202542,127,False,1,"Tuesday","T​","Weekday","FY2026","FQ2 2026"
20251015,2025-10-15 00:00:00.000,2025,2,False,4,"Q4",10,"October",42,"W42 2025",202542,127,False,2,"Wednesday","W​​","Weekday","FY2026","FQ2 2026"
20251016,2025-10-16 00:00:00.000,2025,2,False,4,"Q4",10,"October",42,"W42 2025",202542,127,False,3,"Thursday","T​​​","Weekday","FY2026","FQ2 2026"
20251017,2025-10-17 00:00:00.000,2025,2,False,4,"Q4",10,"October",42,"W42 2025",202542,127,False,4,"Friday","F​​​​","Weekday","FY2026","FQ2 2026"
20251020,2025-10-20 00:00:00.000,2025,2,False,4,"Q4",10,"October",43,"W43 2025",202543,128,False,0,"Monday","M","Weekday","FY2026","FQ2 2026"
20251021,2025-10-21 00:00:00.000,2025,2,False,4,"Q4",10,"October",43,"W43 2025",202543,128,False,1,"Tuesday","T​","Weekday","FY2026","FQ2 2026"
20251022,2025-10-22 00:00:00.000,2025,2,False,4,"Q4",10,"October",43,"W43 2025",202543,128,False,2,"Wednesday","W​​","Weekday","FY2026","FQ2 2026"
20251023,2025-10-23 00:00:00.000,2025,2,False,4,"Q4",10,"October",43,"W43 2025",202543,128,False,3,"Thursday","T​​​","Weekday","FY2026","FQ2 2026"
20251024,2025-10-24 00:00:00.000,2025,2,False,4,"Q4",10,"October",43,"W43 2025",202543,128,False,4,"Friday","F​​​​","Weekday","FY2026","FQ2 2026"
20251027,2025-10-27 00:00:00.000,2025,2,False,4,"Q4",10,"October",44,"W44 2025",202544,129,False,0,"Monday","M","Weekday","FY2026","FQ2 2026"
20251028,2025-10-28 00:00:00.000,2025,2,False,4,"Q4",10,"October",44,"W44 2025",202544,129,False,1,"Tuesday","T​","Weekday","FY2026","FQ2 2026"
20251029,2025-10-29 00:00:00.000,2025,2,False,4,"Q4",10,"October",44,"W44 2025",202544,129,False,2,"Wednesday","W​​","Weekday","FY2026","FQ2 2026"
20251030,2025-10-30 00:00:00.000,2025,2,False,4,"Q4",10,"October",44,"W44 2025",202544,129,False,3,"Thursday","T​​​","Weekday","FY2026","FQ2 2026"
20251031,2025-10-31 00:00:00.000,2025,2,False,4,"Q4",10,"October",44,"W44 2025",202544,129,False,4,"Friday","F​​​​","Weekday","FY2026","FQ2 2026"
20251103,2025-11-03 00:00:00.000,2025,2,False,4,"Q4",11,"November",45,"W45 2025",202545,130,False,0,"Monday","M","Weekday","FY2026","FQ2 2026"
20251104,2025-11-04 00:00:00.000,2025,2,False,4,"Q4",11,"November",45,"W45 2025",202545,130,False,1,"Tuesday","T​","Weekday","FY2026","FQ2 2026"
20251105,2025-11-05 00:00:00.000,2025,2,False,4,"Q4",11,"November",45,"W45 2025",202545,130,False,2,"Wednesday","W​​","Weekday","FY2026","FQ2 2026"
20251106,2025-11-06 00:00:00.000,2025,2,False,4,"Q4",11,"November",45,"W45 2025",202545,130,False,3,"Thursday","T​​​","Weekday","FY2026","FQ2 2026"
20251107,2025-11-07 00:00:00.000,2025,2,False,4,"Q4",11,"November",45,"W45 2025",202545,130,False,4,"Friday","F​​​​","Weekday","FY2026","FQ2 2026"
20251110,2025-11-10 00:00:00.000,2025,2,False,4,"Q4",11,"November",46,"W46 2025",202546,131,False,0,"Monday","M","Weekday","FY2026","FQ2 2026"
20251111,2025-11-11 00:00:00.000,2025,2,False,4,"Q4",11,"November",46,"W46 2025",202546,131,False,1,"Tuesday","T​","Weekday","FY2026","FQ2 2026"
20251112,2025-11-12 00:00:00.000,2025,2,False,4,"Q4",11,"November",46,"W46 2025",202546,131,False,2,"Wednesday","W​​","Weekday","FY2026","FQ2 2026"
20251113,2025-11-13 00:00:00.000,2025,2,False,4,"Q4",11,"November",46,"W46 2025",202546,131,False,3,"Thursday","T​​​","Weekday","FY2026","FQ2 2026"
20251114,2025-11-14 00:00:00.000,2025,2,False,4,"Q4",11,"November",46,"W46 2025",202546,131,False,4,"Friday","F​​​​","Weekday","FY2026","FQ2 2026"
20251117,2025-11-17 00:00:00.000,2025,2,False,4,"Q4",11,"November",47,"W47 2025",202547,132,False,0,"Monday","M","Weekday","FY2026","FQ2 2026"
20251118,2025-11-18 00:00:00.000,2025,2,False,4,"Q4",11,"November",47,"W47 2025",202547,132,False,1,"Tuesday","T​","Weekday","FY2026","FQ2 2026"
20251119,2025-11-19 00:00:00.000,2025,2,False,4,"Q4",11,"November",47,"W47 2025",202547,132,False,2,"Wednesday","W​​","Weekday","FY2026","FQ2 2026"
20251120,2025-11-20 00:00:00.000,2025,2,False,4,"Q4",11,"November",47,"W47 2025",202547,132,False,3,"Thursday","T​​​","Weekday","FY2026","FQ2 2026"
20251121,2025-11-21 00:00:00.000,2025,2,False,4,"Q4",11,"November",47,"W47 2025",202547,132,False,4,"Friday","F​​​​","Weekday","FY2026","FQ2 2026"
20251124,2025-11-24 00:00:00.000,2025,2,False,4,"Q4",11,"November",48,"W48 2025",202548,133,False,0,"Monday","M","Weekday","FY2026","FQ2 2026"
20251125,2025-11-25 00:00:00.000,2025,2,False,4,"Q4",11,"November",48,"W48 2025",202548,133,False,1,"Tuesday","T​","Weekday","FY2026","FQ2 2026"
20251126,2025-11-26 00:00:00.000,2025,2,False,4,"Q4",11,"November",48,"W48 2025",202548,133,False,2,"Wednesday","W​​","Weekday","FY2026","FQ2 2026"
20251127,2025-11-27 00:00:00.000,2025,2,False,4,"Q4",11,"November",48,"W48 2025",202548,133,False,3,"Thursday","T​​​","Weekday","FY2026","FQ2 2026"
20251128,2025-11-28 00:00:00.000,2025,2,False,4,"Q4",11,"November",48,"W48 2025",202548,133,False,4,"Friday","F​​​​","Weekday","FY2026","FQ2 2026"
20251201,2025-12-01 00:00:00.000,2025,2,False,4,"Q4",12,"December",49,"W49 2025",202549,134,False,0,"Monday","M","Weekday","FY2026","FQ2 2026"
20251202,2025-12-02 00:00:00.000,2025,2,False,4,"Q4",12,"December",49,"W49 2025",202549,134,False,1,"Tuesday","T​","Weekday","FY2026","FQ2 2026"
20251203,2025-12-03 00:00:00.000,2025,2,False,4,"Q4",12,"December",49,"W49 2025",202549,134,False,2,"Wednesday","W​​","Weekday","FY2026","FQ2 2026"
20251204,2025-12-04 00:00:00.000,2025,2,False,4,"Q4",12,"December",49,"W49 2025",202549,134,False,3,"Thursday","T​​​","Weekday","FY2026","FQ2 2026"
20251205,2025-12-05 00:00:00.000,2025,2,False,4,"Q4",12,"December",49,"W49 2025",202549,134,False,4,"Friday","F​​​​","Weekday","FY2026","FQ2 2026"
20251208,2025-12-08 00:00:00.000,2025,2,False,4,"Q4",12,"December",50,"W50 2025",202550,135,False,0,"Monday","M","Weekday","FY2026","FQ2 2026"
20251209,2025-12-09 00:00:00.000,2025,2,False,4,"Q4",12,"December",50,"W50 2025",202550,135,False,1,"Tuesday","T​","Weekday","FY2026","FQ2 2026"
20251210,2025-12-10 00:00:00.000,2025,2,False,4,"Q4",12,"December",50,"W50 2025",202550,135,False,2,"Wednesday","W​​","Weekday","FY2026","FQ2 2026"
20251211,2025-12-11 00:00:00.000,2025,2,False,4,"Q4",12,"December",50,"W50 2025",202550,135,False,3,"Thursday","T​​​","Weekday","FY2026","FQ2 2026"
20251212,2025-12-12 00:00:00.000,2025,2,False,4,"Q4",12,"December",50,"W50 2025",202550,135,False,4,"Friday","F​​​​","Weekday","FY2026","FQ2 2026"
20251215,2025-12-15 00:00:00.000,2025,2,False,4,"Q4",12,"December",51,"W51 2025",202551,136,False,0,"Monday","M","Weekday","FY2026","FQ2 2026"
20251216,2025-12-16 00:00:00.000,2025,2,False,4,"Q4",12,"December",51,"W51 2025",202551,136,False,1,"Tuesday","T​","Weekday","FY2026","FQ2 2026"
20251217,2025-12-17 00:00:00.000,2025,2,False,4,"Q4",12,"December",51,"W51 2025",202551,136,False,2,"Wednesday","W​​","Weekday","FY2026","FQ2 2026"
20251218,2025-12-18 00:00:00.000,2025,2,False,4,"Q4",12,"December",51,"W51 2025",202551,136,False,3,"Thursday","T​​​","Weekday","FY2026","FQ2 2026"
20251219,2025-12-19 00:00:00.000,2025,2,False,4,"Q4",12,"December",51,"W51 2025",202551,136,False,4,"Friday","F​​​​","Weekday","FY2026","FQ2 2026"
20251222,2025-12-22 00:00:00.000,2025,2,False,4,"Q4",12,"December",52,"W52 2025",202552,137,False,0,"Monday","M","Weekday","FY2026","FQ2 2026"
20251223,2025-12-23 00:00:00.000,2025,2,False,4,"Q4",12,"December",52,"W52 2025",202552,137,False,1,"Tuesday","T​","Weekday","FY2026","FQ2 2026"
20251224,2025-12-24 00:00:00.000,2025,2,False,4,"Q4",12,"December",52,"W52 2025",202552,137,False,2,"Wednesday","W​​","Weekday","FY2026","FQ2 2026"
20251225,2025-12-25 00:00:00.000,2025,2,False,4,"Q4",12,"December",52,"W52 2025",202552,137,False,3,"Thursday","T​​​","Weekday","FY2026","FQ2 2026"
20251226,2025-12-26 00:00:00.000,2025,2,False,4,"Q4",12,"December",52,"W52 2025",202552,137,False,4,"Friday","F​​​​","Weekday","FY2026","FQ2 2026"
20251229,2025-12-29 00:00:00.000,2025,2,False,4,"Q4",12,"December",1,"W01 2026",202601,138,False,0,"Monday","M","Weekday","FY2026","FQ2 2026"
20251230,2025-12-30 00:00:00.000,2025,2,False,4,"Q4",12,"December",1,"W01 2026",202601,138,False,1,"Tuesday","T​","Weekday","FY2026","FQ2 2026"
20251231,2025-12-31 00:00:00.000,2025,2,False,4,"Q4",12,"December",1,"W01 2026",202601,138,False,2,"Wednesday","W​​","Weekday","FY2026","FQ2 2026"
20250701,2025-07-01 00:00:00.000,2025,2,False,3,"Q3",7,"July",27,"W27 2025",202527,112,False,1,"Tuesday","T​","Weekday","FY2026","FQ1 2026"
20250702,2025-07-02 00:00:00.000,2025,2,False,3,"Q3",7,"July",27,"W27 2025",202527,112,False,2,"Wednesday","W​​","Weekday","FY2026","FQ1 2026"
20250703,2025-07-03 00:00:00.000,2025,2,False,3,"Q3",7,"July",27,"W27 2025",202527,112,False,3,"Thursday","T​​​","Weekday","FY2026","FQ1 2026"
20250704,2025-07-04 00:00:00.000,2025,2,False,3,"Q3",7,"July",27,"W27 2025",202527,112,False,4,"Friday","F​​​​","Weekday","FY2026","FQ1 2026"
20250707,2025-07-07 00:00:00.000,2025,2,False,3,"Q3",7,"July",28,"W28 2025",202528,113,False,0,"Monday","M","Weekday","FY2026","FQ1 2026"
20250708,2025-07-08 00:00:00.000,2025,2,False,3,"Q3",7,"July",28,"W28 2025",202528,113,False,1,"Tuesday","T​","Weekday","FY2026","FQ1 2026"
20250709,2025-07-09 00:00:00.000,2025,2,False,3,"Q3",7,"July",28,"W28 2025",202528,113,False,2,"Wednesday","W​​","Weekday","FY2026","FQ1 2026"
20250710,2025-07-10 00:00:00.000,2025,2,False,3,"Q3",7,"July",28,"W28 2025",202528,113,False,3,"Thursday","T​​​","Weekday","FY2026","FQ1 2026"
20250711,2025-07-11 00:00:00.000,2025,2,False,3,"Q3",7,"July",28,"W28 2025",202528,113,False,4,"Friday","F​​​​","Weekday","FY2026","FQ1 2026"
20250714,2025-07-14 00:00:00.000,2025,2,False,3,"Q3",7,"July",29,"W29 2025",202529,114,False,0,"Monday","M","Weekday","FY2026","FQ1 2026"
20250715,2025-07-15 00:00:00.000,2025,2,False,3,"Q3",7,"July",29,"W29 2025",202529,114,False,1,"Tuesday","T​","Weekday","FY2026","FQ1 2026"
20250716,2025-07-16 00:00:00.000,2025,2,False,3,"Q3",7,"July",29,"W29 2025",202529,114,False,2,"Wednesday","W​​","Weekday","FY2026","FQ1 2026"
20250717,2025-07-17 00:00:00.000,2025,2,False,3,"Q3",7,"July",29,"W29 2025",202529,114,False,3,"Thursday","T​​​","Weekday","FY2026","FQ1 2026"
20250718,2025-07-18 00:00:00.000,2025,2,False,3,"Q3",7,"July",29,"W29 2025",202529,114,False,4,"Friday","F​​​​","Weekday","FY2026","FQ1 2026"
20250721,2025-07-21 00:00:00.000,2025,2,False,3,"Q3",7,"July",30,"W30 2025",202530,115,False,0,"Monday","M","Weekday","FY2026","FQ1 2026"
20250722,2025-07-22 00:00:00.000,2025,2,False,3,"Q3",7,"July",30,"W30 2025",202530,115,False,1,"Tuesday","T​","Weekday","FY2026","FQ1 2026"
20250723,2025-07-23 00:00:00.000,2025,2,False,3,"Q3",7,"July",30,"W30 2025",202530,115,False,2,"Wednesday","W​​","Weekday","FY2026","FQ1 2026"
20250724,2025-07-24 00:00:00.000,2025,2,False,3,"Q3",7,"July",30,"W30 2025",202530,115,False,3,"Thursday","T​​​","Weekday","FY2026","FQ1 2026"
20250725,2025-07-25 00:00:00.000,2025,2,False,3,"Q3",7,"July",30,"W30 2025",202530,115,False,4,"Friday","F​​​​","Weekday","FY2026","FQ1 2026"
20250728,2025-07-28 00:00:00.000,2025,2,False,3,"Q3",7,"July",31,"W31 2025",202531,116,False,0,"Monday","M","Weekday","FY2026","FQ1 2026"
20250729,2025-07-29 00:00:00.000,2025,2,False,3,"Q3",7,"July",31,"W31 2025",202531,116,False,1,"Tuesday","T​","Weekday","FY2026","FQ1 2026"
20250730,2025-07-30 00:00:00.000,2025,2,False,3,"Q3",7,"July",31,"W31 2025",202531,116,False,2,"Wednesday","W​​","Weekday","FY2026","FQ1 2026"
20250731,2025-07-31 00:00:00.000,2025,2,False,3,"Q3",7,"July",31,"W31 2025",202531,116,False,3,"Thursday","T​​​","Weekday","FY2026","FQ1 2026"
20250801,2025-08-01 00:00:00.000,2025,2,False,3,"Q3",8,"August",31,"W31 2025",202531,116,False,4,"Friday","F​​​​","Weekday","FY2026","FQ1 2026"
20250804,2025-08-04 00:00:00.000,2025,2,False,3,"Q3",8,"August",32,"W32 2025",202532,117,False,0,"Monday","M","Weekday","FY2026","FQ1 2026"
20250805,2025-08-05 00:00:00.000,2025,2,False,3,"Q3",8,"August",32,"W32 2025",202532,117,False,1,"Tuesday","T​","Weekday","FY2026","FQ1 2026"
20250806,2025-08-06 00:00:00.000,2025,2,False,3,"Q3",8,"August",32,"W32 2025",202532,117,False,2,"Wednesday","W​​","Weekday","FY2026","FQ1 2026"
20250807,2025-08-07 00:00:00.000,2025,2,False,3,"Q3",8,"August",32,"W32 2025",202532,117,False,3,"Thursday","T​​​","Weekday","FY2026","FQ1 2026"
20250808,2025-08-08 00:00:00.000,2025,2,False,3,"Q3",8,"August",32,"W32 2025",202532,117,False,4,"Friday","F​​​​","Weekday","FY2026","FQ1 2026"
20250811,2025-08-11 00:00:00.000,2025,2,False,3,"Q3",8,"August",33,"W33 2025",202533,118,False,0,"Monday","M","Weekday","FY2026","FQ1 2026"
20250812,2025-08-12 00:00:00.000,2025,2,False,3,"Q3",8,"August",33,"W33 2025",202533,118,False,1,"Tuesday","T​","Weekday","FY2026","FQ1 2026"
20250813,2025-08-13 00:00:00.000,2025,2,False,3,"Q3",8,"August",33,"W33 2025",202533,118,False,2,"Wednesday","W​​","Weekday","FY2026","FQ1 2026"
20250814,2025-08-14 00:00:00.000,2025,2,False,3,"Q3",8,"August",33,"W33 2025",202533,118,False,3,"Thursday","T​​​","Weekday","FY2026","FQ1 2026"
20250815,2025-08-15 00:00:00.000,2025,2,False,3,"Q3",8,"August",33,"W33 2025",202533,118,False,4,"Friday","F​​​​","Weekday","FY2026","FQ1 2026"
20250818,2025-08-18 00:00:00.000,2025,2,False,3,"Q3",8,"August",34,"W34 2025",202534,119,False,0,"Monday","M","Weekday","FY2026","FQ1 2026"
20250819,2025-08-19 00:00:00.000,2025,2,False,3,"Q3",8,"August",34,"W34 2025",202534,119,False,1,"Tuesday","T​","Weekday","FY2026","FQ1 2026"
20250820,2025-08-20 00:00:00.000,2025,2,False,3,"Q3",8,"August",34,"W34 2025",202534,119,False,2,"Wednesday","W​​","Weekday","FY2026","FQ1 2026"
20250821,2025-08-21 00:00:00.000,2025,2,False,3,"Q3",8,"August",34,"W34 2025",202534,119,False,3,"Thursday","T​​​","Weekday","FY2026","FQ1 2026"
20250822,2025-08-22 00:00:00.000,2025,2,False,3,"Q3",8,"August",34,"W34 2025",202534,119,False,4,"Friday","F​​​​","Weekday","FY2026","FQ1 2026"
20250825,2025-08-25 00:00:00.000,2025,2,False,3,"Q3",8,"August",35,"W35 2025",202535,120,False,0,"Monday","M","Weekday","FY2026","FQ1 2026"
20250826,2025-08-26 00:00:00.000,2025,2,False,3,"Q3",8,"August",35,"W35 2025",202535,120,False,1,"Tuesday","T​","Weekday","FY2026","FQ1 2026"
20250827,2025-08-27 00:00:00.000,2025,2,False,3,"Q3",8,"August",35,"W35 2025",202535,120,False,2,"Wednesday","W​​","Weekday","FY2026","FQ1 2026"
20250828,2025-08-28 00:00:00.000,2025,2,False,3,"Q3",8,"August",35,"W35 2025",202535,120,False,3,"Thursday","T​​​","Weekday","FY2026","FQ1 2026"
20250829,2025-08-29 00:00:00.000,2025,2,False,3,"Q3",8,"August",35,"W35 2025",202535,120,False,4,"Friday","F​​​​","Weekday","FY2026","FQ1 2026"
20250901,2025-09-01 00:00:00.000,2025,2,False,3,"Q3",9,"September",36,"W36 2025",202536,121,False,0,"Monday","M","Weekday","FY2026","FQ1 2026"
20250902,2025-09-02 00:00:00.000,2025,2,False,3,"Q3",9,"September",36,"W36 2025",202536,121,False,1,"Tuesday","T​","Weekday","FY2026","FQ1 2026"
20250903,2025-09-03 00:00:00.000,2025,2,False,3,"Q3",9,"September",36,"W36 2025",202536,121,False,2,"Wednesday","W​​","Weekday","FY2026","FQ1 2026"
20250904,2025-09-04 00:00:00.000,2025,2,False,3,"Q3",9,"September",36,"W36 2025",202536,121,False,3,"Thursday","T​​​","Weekday","FY2026","FQ1 2026"
20250905,2025-09-05 00:00:00.000,2025,2,False,3,"Q3",9,"September",36,"W36 2025",202536,121,False,4,"Friday","F​​​​","Weekday","FY2026","FQ1 2026"
20250908,2025-09-08 00:00:00.000,2025,2,False,3,"Q3",9,"September",37,"W37 2025",202537,122,False,0,"Monday","M","Weekday","FY2026","FQ1 2026"
20250909,2025-09-09 00:00:00.000,2025,2,False,3,"Q3",9,"September",37,"W37 2025",202537,122,False,1,"Tuesday","T​","Weekday","FY2026","FQ1 2026"
20250910,2025-09-10 00:00:00.000,2025,2,False,3,"Q3",9,"September",37,"W37 2025",202537,122,False,2,"Wednesday","W​​","Weekday","FY2026","FQ1 2026"
20250911,2025-09-11 00:00:00.000,2025,2,False,3,"Q3",9,"September",37,"W37 2025",202537,122,False,3,"Thursday","T​​​","Weekday","FY2026","FQ1 2026"
20250912,2025-09-12 00:00:00.000,2025,2,False,3,"Q3",9,"September",37,"W37 2025",202537,122,False,4,"Friday","F​​​​","Weekday","FY2026","FQ1 2026"
20250915,2025-09-15 00:00:00.000,2025,2,False,3,"Q3",9,"September",38,"W38 2025",202538,123,False,0,"Monday","M","Weekday","FY2026","FQ1 2026"
20250916,2025-09-16 00:00:00.000,2025,2,False,3,"Q3",9,"September",38,"W38 2025",202538,123,False,1,"Tuesday","T​","Weekday","FY2026","FQ1 2026"
20250917,2025-09-17 00:00:00.000,2025,2,False,3,"Q3",9,"September",38,"W38 2025",202538,123,False,2,"Wednesday","W​​","Weekday","FY2026","FQ1 2026"
20250918,2025-09-18 00:00:00.000,2025,2,False,3,"Q3",9,"September",38,"W38 2025",202538,123,False,3,"Thursday","T​​​","Weekday","FY2026","FQ1 2026"
20250919,2025-09-19 00:00:00.000,2025,2,False,3,"Q3",9,"September",38,"W38 2025",202538,123,False,4,"Friday","F​​​​","Weekday","FY2026","FQ1 2026"
20250922,2025-09-22 00:00:00.000,2025,2,False,3,"Q3",9,"September",39,"W39 2025",202539,124,False,0,"Monday","M","Weekday","FY2026","FQ1 2026"
20250923,2025-09-23 00:00:00.000,2025,2,False,3,"Q3",9,"September",39,"W39 2025",202539,124,False,1,"Tuesday","T​","Weekday","FY2026","FQ1 2026"
20250924,2025-09-24 00:00:00.000,2025,2,False,3,"Q3",9,"September",39,"W39 2025",202539,124,False,2,"Wednesday","W​​","Weekday","FY2026","FQ1 2026"
20250925,2025-09-25 00:00:00.000,2025,2,False,3,"Q3",9,"September",39,"W39 2025",202539,124,False,3,"Thursday","T​​​","Weekday","FY2026","FQ1 2026"
20250926,2025-09-26 00:00:00.000,2025,2,False,3,"Q3",9,"September",39,"W39 2025",202539,124,False,4,"Friday","F​​​​","Weekday","FY2026","FQ1 2026"
20250929,2025-09-29 00:00:00.000,2025,2,False,3,"Q3",9,"September",40,"W40 2025",202540,125,False,0,"Monday","M","Weekday","FY2026","FQ1 2026"
20250930,2025-09-30 00:00:00.000,2025,2,False,3,"Q3",9,"September",40,"W40 2025",202540,125,False,1,"Tuesday","T​","Weekday","FY2026","FQ1 2026"
20240101,2024-01-01 00:00:00.000,2024,1,False,1,"Q1",1,"January",1,"W01 2024",202401,34,False,0,"Monday","M","Weekday","FY2024","FQ3 2024"
20240102,2024-01-02 00:00:00.000,2024,1,False,1,"Q1",1,"January",1,"W01 2024",202401,34,False,1,"Tuesday","T​","Weekday","FY2024","FQ3 2024"
20240103,2024-01-03 00:00:00.000,2024,1,False,1,"Q1",1,"January",1,"W01 2024",202401,34,False,2,"Wednesday","W​​","Weekday","FY2024","FQ3 2024"
20240104,2024-01-04 00:00:00.000,2024,1,False,1,"Q1",1,"January",1,"W01 2024",202401,34,False,3,"Thursday","T​​​","Weekday","FY2024","FQ3 2024"
20240105,2024-01-05 00:00:00.000,2024,1,False,1,"Q1",1,"January",1,"W01 2024",202401,34,False,4,"Friday","F​​​​","Weekday","FY2024","FQ3 2024"
20240108,2024-01-08 00:00:00.000,2024,1,False,1,"Q1",1,"January",2,"W02 2024",202402,35,False,0,"Monday","M","Weekday","FY2024","FQ3 2024"
20240109,2024-01-09 00:00:00.000,2024,1,False,1,"Q1",1,"January",2,"W02 2024",202402,35,False,1,"Tuesday","T​","Weekday","FY2024","FQ3 2024"
20240110,2024-01-10 00:00:00.000,2024,1,False,1,"Q1",1,"January",2,"W02 2024",202402,35,False,2,"Wednesday","W​​","Weekday","FY2024","FQ3 2024"
20240111,2024-01-11 00:00:00.000,2024,1,False,1,"Q1",1,"January",2,"W02 2024",202402,35,False,3,"Thursday","T​​​","Weekday","FY2024","FQ3 2024"
20240112,2024-01-12 00:00:00.000,2024,1,False,1,"Q1",1,"January",2,"W02 2024",202402,35,False,4,"Friday","F​​​​","Weekday","FY2024","FQ3 2024"
20240115,2024-01-15 00:00:00.000,2024,1,False,1,"Q1",1,"January",3,"W03 2024",202403,36,False,0,"Monday","M","Weekday","FY2024","FQ3 2024"
20240116,2024-01-16 00:00:00.000,2024,1,False,1,"Q1",1,"January",3,"W03 2024",202403,36,False,1,"Tuesday","T​","Weekday","FY2024","FQ3 2024"
20240117,2024-01-17 00:00:00.000,2024,1,False,1,"Q1",1,"January",3,"W03 2024",202403,36,False,2,"Wednesday","W​​","Weekday","FY2024","FQ3 2024"
20240118,2024-01-18 00:00:00.000,2024,1,False,1,"Q1",1,"January",3,"W03 2024",202403,36,False,3,"Thursday","T​​​","Weekday","FY2024","FQ3 2024"
20240119,2024-01-19 00:00:00.000,2024,1,False,1,"Q1",1,"January",3,"W03 2024",202403,36,False,4,"Friday","F​​​​","Weekday","FY2024","FQ3 2024"
20240122,2024-01-22 00:00:00.000,2024,1,False,1,"Q1",1,"January",4,"W04 2024",202404,37,False,0,"Monday","M","Weekday","FY2024","FQ3 2024"
20240123,2024-01-23 00:00:00.000,2024,1,False,1,"Q1",1,"January",4,"W04 2024",202404,37,False,1,"Tuesday","T​","Weekday","FY2024","FQ3 2024"
20240124,2024-01-24 00:00:00.000,2024,1,False,1,"Q1",1,"January",4,"W04 2024",202404,37,False,2,"Wednesday","W​​","Weekday","FY2024","FQ3 2024"
20240125,2024-01-25 00:00:00.000,2024,1,False,1,"Q1",1,"January",4,"W04 2024",202404,37,False,3,"Thursday","T​​​","Weekday","FY2024","FQ3 2024"
20240126,2024-01-26 00:00:00.000,2024,1,False,1,"Q1",1,"January",4,"W04 2024",202404,37,False,4,"Friday","F​​​​","Weekday","FY2024","FQ3 2024"
20240129,2024-01-29 00:00:00.000,2024,1,False,1,"Q1",1,"January",5,"W05 2024",202405,38,False,0,"Monday","M","Weekday","FY2024","FQ3 2024"
20240130,2024-01-30 00:00:00.000,2024,1,False,1,"Q1",1,"January",5,"W05 2024",202405,38,False,1,"Tuesday","T​","Weekday","FY2024","FQ3 2024"
20240131,2024-01-31 00:00:00.000,2024,1,False,1,"Q1",1,"January",5,"W05 2024",202405,38,False,2,"Wednesday","W​​","Weekday","FY2024","FQ3 2024"
20240201,2024-02-01 00:00:00.000,2024,1,False,1,"Q1",2,"February",5,"W05 2024",202405,38,False,3,"Thursday","T​​​","Weekday","FY2024","FQ3 2024"
20240202,2024-02-02 00:00:00.000,2024,1,False,1,"Q1",2,"February",5,"W05 2024",202405,38,False,4,"Friday","F​​​​","Weekday","FY2024","FQ3 2024"
20240205,2024-02-05 00:00:00.000,2024,1,False,1,"Q1",2,"February",6,"W06 2024",202406,39,False,0,"Monday","M","Weekday","FY2024","FQ3 2024"
20240206,2024-02-06 00:00:00.000,2024,1,False,1,"Q1",2,"February",6,"W06 2024",202406,39,False,1,"Tuesday","T​","Weekday","FY2024","FQ3 2024"
20240207,2024-02-07 00:00:00.000,2024,1,False,1,"Q1",2,"February",6,"W06 2024",202406,39,False,2,"Wednesday","W​​","Weekday","FY2024","FQ3 2024"
20240208,2024-02-08 00:00:00.000,2024,1,False,1,"Q1",2,"February",6,"W06 2024",202406,39,False,3,"Thursday","T​​​","Weekday","FY2024","FQ3 2024"
20240209,2024-02-09 00:00:00.000,2024,1,False,1,"Q1",2,"February",6,"W06 2024",202406,39,False,4,"Friday","F​​​​","Weekday","FY2024","FQ3 2024"
20240212,2024-02-12 00:00:00.000,2024,1,False,1,"Q1",2,"February",7,"W07 2024",202407,40,False,0,"Monday","M","Weekday","FY2024","FQ3 2024"
20240213,2024-02-13 00:00:00.000,2024,1,False,1,"Q1",2,"February",7,"W07 2024",202407,40,False,1,"Tuesday","T​","Weekday","FY2024","FQ3 2024"
20240214,2024-02-14 00:00:00.000,2024,1,False,1,"Q1",2,"February",7,"W07 2024",202407,40,False,2,"Wednesday","W​​","Weekday","FY2024","FQ3 2024"
20240215,2024-02-15 00:00:00.000,2024,1,False,1,"Q1",2,"February",7,"W07 2024",202407,40,False,3,"Thursday","T​​​","Weekday","FY2024","FQ3 2024"
20240216,2024-02-16 00:00:00.000,2024,1,False,1,"Q1",2,"February",7,"W07 2024",202407,40,False,4,"Friday","F​​​​","Weekday","FY2024","FQ3 2024"
20240219,2024-02-19 00:00:00.000,2024,1,False,1,"Q1",2,"February",8,"W08 2024",202408,41,False,0,"Monday","M","Weekday","FY2024","FQ3 2024"
20240220,2024-02-20 00:00:00.000,2024,1,False,1,"Q1",2,"February",8,"W08 2024",202408,41,False,1,"Tuesday","T​","Weekday","FY2024","FQ3 2024"
20240221,2024-02-21 00:00:00.000,2024,1,False,1,"Q1",2,"February",8,"W08 2024",202408,41,False,2,"Wednesday","W​​","Weekday","FY2024","FQ3 2024"
20240222,2024-02-22 00:00:00.000,2024,1,False,1,"Q1",2,"February",8,"W08 2024",202408,41,False,3,"Thursday","T​​​","Weekday","FY2024","FQ3 2024"
20240223,2024-02-23 00:00:00.000,2024,1,False,1,"Q1",2,"February",8,"W08 2024",202408,41,False,4,"Friday","F​​​​","Weekday","FY2024","FQ3 2024"
20240226,2024-02-26 00:00:00.000,2024,1,False,1,"Q1",2,"February",9,"W09 2024",202409,42,False,0,"Monday","M","Weekday","FY2024","FQ3 2024"
20240227,2024-02-27 00:00:00.000,2024,1,False,1,"Q1",2,"February",9,"W09 2024",202409,42,False,1,"Tuesday","T​","Weekday","FY2024","FQ3 2024"
20240228,2024-02-28 00:00:00.000,2024,1,False,1,"Q1",2,"February",9,"W09 2024",202409,42,False,2,"Wednesday","W​​","Weekday","FY2024","FQ3 2024"
20240229,2024-02-29 00:00:00.000,2024,1,False,1,"Q1",2,"February",9,"W09 2024",202409,42,False,3,"Thursday","T​​​","Weekday","FY2024","FQ3 2024"
20240301,2024-03-01 00:00:00.000,2024,1,False,1,"Q1",3,"March",9,"W09 2024",202409,42,False,4,"Friday","F​​​​","Weekday","FY2024","FQ3 2024"
20240304,2024-03-04 00:00:00.000,2024,1,False,1,"Q1",3,"March",10,"W10 2024",202410,43,False,0,"Monday","M","Weekday","FY2024","FQ3 2024"
20240305,2024-03-05 00:00:00.000,2024,1,False,1,"Q1",3,"March",10,"W10 2024",202410,43,False,1,"Tuesday","T​","Weekday","FY2024","FQ3 2024"
20240306,2024-03-06 00:00:00.000,2024,1,False,1,"Q1",3,"March",10,"W10 2024",202410,43,False,2,"Wednesday","W​​","Weekday","FY2024","FQ3 2024"
20240307,2024-03-07 00:00:00.000,2024,1,False,1,"Q1",3,"March",10,"W10 2024",202410,43,False,3,"Thursday","T​​​","Weekday","FY2024","FQ3 2024"
20240308,2024-03-08 00:00:00.000,2024,1,False,1,"Q1",3,"March",10,"W10 2024",202410,43,False,4,"Friday","F​​​​","Weekday","FY2024","FQ3 2024"
20240311,2024-03-11 00:00:00.000,2024,1,False,1,"Q1",3,"March",11,"W11 2024",202411,44,False,0,"Monday","M","Weekday","FY2024","FQ3 2024"
20240312,2024-03-12 00:00:00.000,2024,1,False,1,"Q1",3,"March",11,"W11 2024",202411,44,False,1,"Tuesday","T​","Weekday","FY2024","FQ3 2024"
20240313,2024-03-13 00:00:00.000,2024,1,False,1,"Q1",3,"March",11,"W11 2024",202411,44,False,2,"Wednesday","W​​","Weekday","FY2024","FQ3 2024"
20240314,2024-03-14 00:00:00.000,2024,1,False,1,"Q1",3,"March",11,"W11 2024",202411,44,False,3,"Thursday","T​​​","Weekday","FY2024","FQ3 2024"
20240315,2024-03-15 00:00:00.000,2024,1,False,1,"Q1",3,"March",11,"W11 2024",202411,44,False,4,"Friday","F​​​​","Weekday","FY2024","FQ3 2024"
20240318,2024-03-18 00:00:00.000,2024,1,False,1,"Q1",3,"March",12,"W12 2024",202412,45,False,0,"Monday","M","Weekday","FY2024","FQ3 2024"
20240319,2024-03-19 00:00:00.000,2024,1,False,1,"Q1",3,"March",12,"W12 2024",202412,45,False,1,"Tuesday","T​","Weekday","FY2024","FQ3 2024"
20240320,2024-03-20 00:00:00.000,2024,1,False,1,"Q1",3,"March",12,"W12 2024",202412,45,False,2,"Wednesday","W​​","Weekday","FY2024","FQ3 2024"
20240321,2024-03-21 00:00:00.000,2024,1,False,1,"Q1",3,"March",12,"W12 2024",202412,45,False,3,"Thursday","T​​​","Weekday","FY2024","FQ3 2024"
20240322,2024-03-22 00:00:00.000,2024,1,False,1,"Q1",3,"March",12,"W12 2024",202412,45,False,4,"Friday","F​​​​","Weekday","FY2024","FQ3 2024"
20240325,2024-03-25 00:00:00.000,2024,1,False,1,"Q1",3,"March",13,"W13 2024",202413,46,False,0,"Monday","M","Weekday","FY2024","FQ3 2024"
20240326,2024-03-26 00:00:00.000,2024,1,False,1,"Q1",3,"March",13,"W13 2024",202413,46,False,1,"Tuesday","T​","Weekday","FY2024","FQ3 2024"
20240327,2024-03-27 00:00:00.000,2024,1,False,1,"Q1",3,"March",13,"W13 2024",202413,46,False,2,"Wednesday","W​​","Weekday","FY2024","FQ3 2024"
20240328,2024-03-28 00:00:00.000,2024,1,False,1,"Q1",3,"March",13,"W13 2024",202413,46,False,3,"Thursday","T​​​","Weekday","FY2024","FQ3 2024"
20240329,2024-03-29 00:00:00.000,2024,1,False,1,"Q1",3,"March",13,"W13 2024",202413,46,False,4,"Friday","F​​​​","Weekday","FY2024","FQ3 2024"
20240401,2024-04-01 00:00:00.000,2024,1,False,2,"Q2",4,"April",14,"W14 2024",202414,47,False,0,"Monday","M","Weekday","FY2024","FQ4 2024"
20240402,2024-04-02 00:00:00.000,2024,1,False,2,"Q2",4,"April",14,"W14 2024",202414,47,False,1,"Tuesday","T​","Weekday","FY2024","FQ4 2024"
20240403,2024-04-03 00:00:00.000,2024,1,False,2,"Q2",4,"April",14,"W14 2024",202414,47,False,2,"Wednesday","W​​","Weekday","FY2024","FQ4 2024"
20240404,2024-04-04 00:00:00.000,2024,1,False,2,"Q2",4,"April",14,"W14 2024",202414,47,False,3,"Thursday","T​​​","Weekday","FY2024","FQ4 2024"
20240405,2024-04-05 00:00:00.000,2024,1,False,2,"Q2",4,"April",14,"W14 2024",202414,47,False,4,"Friday","F​​​​","Weekday","FY2024","FQ4 2024"
20240408,2024-04-08 00:00:00.000,2024,1,False,2,"Q2",4,"April",15,"W15 2024",202415,48,False,0,"Monday","M","Weekday","FY2024","FQ4 2024"
20240409,2024-04-09 00:00:00.000,2024,1,False,2,"Q2",4,"April",15,"W15 2024",202415,48,False,1,"Tuesday","T​","Weekday","FY2024","FQ4 2024"
20240410,2024-04-10 00:00:00.000,2024,1,False,2,"Q2",4,"April",15,"W15 2024",202415,48,False,2,"Wednesday","W​​","Weekday","FY2024","FQ4 2024"
20240411,2024-04-11 00:00:00.000,2024,1,False,2,"Q2",4,"April",15,"W15 2024",202415,48,False,3,"Thursday","T​​​","Weekday","FY2024","FQ4 2024"
20240412,2024-04-12 00:00:00.000,2024,1,False,2,"Q2",4,"April",15,"W15 2024",202415,48,False,4,"Friday","F​​​​","Weekday","FY2024","FQ4 2024"
20240415,2024-04-15 00:00:00.000,2024,1,False,2,"Q2",4,"April",16,"W16 2024",202416,49,False,0,"Monday","M","Weekday","FY2024","FQ4 2024"
20240416,2024-04-16 00:00:00.000,2024,1,False,2,"Q2",4,"April",16,"W16 2024",202416,49,False,1,"Tuesday","T​","Weekday","FY2024","FQ4 2024"
20240417,2024-04-17 00:00:00.000,2024,1,False,2,"Q2",4,"April",16,"W16 2024",202416,49,False,2,"Wednesday","W​​","Weekday","FY2024","FQ4 2024"
20240418,2024-04-18 00:00:00.000,2024,1,False,2,"Q2",4,"April",16,"W16 2024",202416,49,False,3,"Thursday","T​​​","Weekday","FY2024","FQ4 2024"
20240419,2024-04-19 00:00:00.000,2024,1,False,2,"Q2",4,"April",16,"W16 2024",202416,49,False,4,"Friday","F​​​​","Weekday","FY2024","FQ4 2024"
20240422,2024-04-22 00:00:00.000,2024,1,False,2,"Q2",4,"April",17,"W17 2024",202417,50,False,0,"Monday","M","Weekday","FY2024","FQ4 2024"
20240423,2024-04-23 00:00:00.000,2024,1,False,2,"Q2",4,"April",17,"W17 2024",202417,50,False,1,"Tuesday","T​","Weekday","FY2024","FQ4 2024"
20240424,2024-04-24 00:00:00.000,2024,1,False,2,"Q2",4,"April",17,"W17 2024",202417,50,False,2,"Wednesday","W​​","Weekday","FY2024","FQ4 2024"
20240425,2024-04-25 00:00:00.000,2024,1,False,2,"Q2",4,"April",17,"W17 2024",202417,50,False,3,"Thursday","T​​​","Weekday","FY2024","FQ4 2024"
20240426,2024-04-26 00:00:00.000,2024,1,False,2,"Q2",4,"April",17,"W17 2024",202417,50,False,4,"Friday","F​​​​","Weekday","FY2024","FQ4 2024"
20240429,2024-04-29 00:00:00.000,2024,1,False,2,"Q2",4,"April",18,"W18 2024",202418,51,False,0,"Monday","M","Weekday","FY2024","FQ4 2024"
20240430,2024-04-30 00:00:00.000,2024,1,False,2,"Q2",4,"April",18,"W18 2024",202418,51,False,1,"Tuesday","T​","Weekday","FY2024","FQ4 2024"
20240501,2024-05-01 00:00:00.000,2024,1,False,2,"Q2",5,"May",18,"W18 2024",202418,51,False,2,"Wednesday","W​​","Weekday","FY2024","FQ4 2024"
20240502,2024-05-02 00:00:00.000,2024,1,False,2,"Q2",5,"May",18,"W18 2024",202418,51,False,3,"Thursday","T​​​","Weekday","FY2024","FQ4 2024"
20240503,2024-05-03 00:00:00.000,2024,1,False,2,"Q2",5,"May",18,"W18 2024",202418,51,False,4,"Friday","F​​​​","Weekday","FY2024","FQ4 2024"
20240506,2024-05-06 00:00:00.000,2024,1,False,2,"Q2",5,"May",19,"W19 2024",202419,52,False,0,"Monday","M","Weekday","FY2024","FQ4 2024"
20240507,2024-05-07 00:00:00.000,2024,1,False,2,"Q2",5,"May",19,"W19 2024",202419,52,False,1,"Tuesday","T​","Weekday","FY2024","FQ4 2024"
20240508,2024-05-08 00:00:00.000,2024,1,False,2,"Q2",5,"May",19,"W19 2024",202419,52,False,2,"Wednesday","W​​","Weekday","FY2024","FQ4 2024"
20240509,2024-05-09 00:00:00.000,2024,1,False,2,"Q2",5,"May",19,"W19 2024",202419,52,False,3,"Thursday","T​​​","Weekday","FY2024","FQ4 2024"
20240510,2024-05-10 00:00:00.000,2024,1,False,2,"Q2",5,"May",19,"W19 2024",202419,52,False,4,"Friday","F​​​​","Weekday","FY2024","FQ4 2024"
20240513,2024-05-13 00:00:00.000,2024,1,False,2,"Q2",5,"May",20,"W20 2024",202420,53,False,0,"Monday","M","Weekday","FY2024","FQ4 2024"
20240514,2024-05-14 00:00:00.000,2024,1,False,2,"Q2",5,"May",20,"W20 2024",202420,53,False,1,"Tuesday","T​","Weekday","FY2024","FQ4 2024"
20240515,2024-05-15 00:00:00.000,2024,1,False,2,"Q2",5,"May",20,"W20 2024",202420,53,False,2,"Wednesday","W​​","Weekday","FY2024","FQ4 2024"
20240516,2024-05-16 00:00:00.000,2024,1,False,2,"Q2",5,"May",20,"W20 2024",202420,53,False,3,"Thursday","T​​​","Weekday","FY2024","FQ4 2024"
20240517,2024-05-17 00:00:00.000,2024,1,False,2,"Q2",5,"May",20,"W20 2024",202420,53,False,4,"Friday","F​​​​","Weekday","FY2024","FQ4 2024"
20240520,2024-05-20 00:00:00.000,2024,1,False,2,"Q2",5,"May",21,"W21 2024",202421,54,False,0,"Monday","M","Weekday","FY2024","FQ4 2024"
20240521,2024-05-21 00:00:00.000,2024,1,False,2,"Q2",5,"May",21,"W21 2024",202421,54,False,1,"Tuesday","T​","Weekday","FY2024","FQ4 2024"
20240522,2024-05-22 00:00:00.000,2024,1,False,2,"Q2",5,"May",21,"W21 2024",202421,54,False,2,"Wednesday","W​​","Weekday","FY2024","FQ4 2024"
20240523,2024-05-23 00:00:00.000,2024,1,False,2,"Q2",5,"May",21,"W21 2024",202421,54,False,3,"Thursday","T​​​","Weekday","FY2024","FQ4 2024"
20240524,2024-05-24 00:00:00.000,2024,1,False,2,"Q2",5,"May",21,"W21 2024",202421,54,False,4,"Friday","F​​​​","Weekday","FY2024","FQ4 2024"
20240527,2024-05-27 00:00:00.000,2024,1,False,2,"Q2",5,"May",22,"W22 2024",202422,55,False,0,"Monday","M","Weekday","FY2024","FQ4 2024"
20240528,2024-05-28 00:00:00.000,2024,1,False,2,"Q2",5,"May",22,"W22 2024",202422,55,False,1,"Tuesday","T​","Weekday","FY2024","FQ4 2024"
20240529,2024-05-29 00:00:00.000,2024,1,False,2,"Q2",5,"May",22,"W22 2024",202422,55,False,2,"Wednesday","W​​","Weekday","FY2024","FQ4 2024"
20240530,2024-05-30 00:00:00.000,2024,1,False,2,"Q2",5,"May",22,"W22 2024",202422,55,False,3,"Thursday","T​​​","Weekday","FY2024","FQ4 2024"
20240531,2024-05-31 00:00:00.000,2024,1,False,2,"Q2",5,"May",22,"W22 2024",202422,55,False,4,"Friday","F​​​​","Weekday","FY2024","FQ4 2024"
20240603,2024-06-03 00:00:00.000,2024,1,False,2,"Q2",6,"June",23,"W23 2024",202423,56,False,0,"Monday","M","Weekday","FY2024","FQ4 2024"
20240604,2024-06-04 00:00:00.000,2024,1,False,2,"Q2",6,"June",23,"W23 2024",202423,56,False,1,"Tuesday","T​","Weekday","FY2024","FQ4 2024"
20240605,2024-06-05 00:00:00.000,2024,1,False,2,"Q2",6,"June",23,"W23 2024",202423,56,False,2,"Wednesday","W​​","Weekday","FY2024","FQ4 2024"
20240606,2024-06-06 00:00:00.000,2024,1,False,2,"Q2",6,"June",23,"W23 2024",202423,56,False,3,"Thursday","T​​​","Weekday","FY2024","FQ4 2024"
20240607,2024-06-07 00:00:00.000,2024,1,False,2,"Q2",6,"June",23,"W23 2024",202423,56,False,4,"Friday","F​​​​","Weekday","FY2024","FQ4 2024"
20240610,2024-06-10 00:00:00.000,2024,1,False,2,"Q2",6,"June",24,"W24 2024",202424,57,False,0,"Monday","M","Weekday","FY2024","FQ4 2024"
20240611,2024-06-11 00:00:00.000,2024,1,False,2,"Q2",6,"June",24,"W24 2024",202424,57,False,1,"Tuesday","T​","Weekday","FY2024","FQ4 2024"
20240612,2024-06-12 00:00:00.000,2024,1,False,2,"Q2",6,"June",24,"W24 2024",202424,57,False,2,"Wednesday","W​​","Weekday","FY2024","FQ4 2024"
20240613,2024-06-13 00:00:00.000,2024,1,False,2,"Q2",6,"June",24,"W24 2024",202424,57,False,3,"Thursday","T​​​","Weekday","FY2024","FQ4 2024"
20240614,2024-06-14 00:00:00.000,2024,1,False,2,"Q2",6,"June",24,"W24 2024",202424,57,False,4,"Friday","F​​​​","Weekday","FY2024","FQ4 2024"
20240617,2024-06-17 00:00:00.000,2024,1,False,2,"Q2",6,"June",25,"W25 2024",202425,58,False,0,"Monday","M","Weekday","FY2024","FQ4 2024"
20240618,2024-06-18 00:00:00.000,2024,1,False,2,"Q2",6,"June",25,"W25 2024",202425,58,False,1,"Tuesday","T​","Weekday","FY2024","FQ4 2024"
20240619,2024-06-19 00:00:00.000,2024,1,False,2,"Q2",6,"June",25,"W25 2024",202425,58,False,2,"Wednesday","W​​","Weekday","FY2024","FQ4 2024"
20240620,2024-06-20 00:00:00.000,2024,1,False,2,"Q2",6,"June",25,"W25 2024",202425,58,False,3,"Thursday","T​​​","Weekday","FY2024","FQ4 2024"
20240621,2024-06-21 00:00:00.000,2024,1,False,2,"Q2",6,"June",25,"W25 2024",202425,58,False,4,"Friday","F​​​​","Weekday","FY2024","FQ4 2024"
20240624,2024-06-24 00:00:00.000,2024,1,False,2,"Q2",6,"June",26,"W26 2024",202426,59,False,0,"Monday","M","Weekday","FY2024","FQ4 2024"
20240625,2024-06-25 00:00:00.000,2024,1,False,2,"Q2",6,"June",26,"W26 2024",202426,59,False,1,"Tuesday","T​","Weekday","FY2024","FQ4 2024"
20240626,2024-06-26 00:00:00.000,2024,1,False,2,"Q2",6,"June",26,"W26 2024",202426,59,False,2,"Wednesday","W​​","Weekday","FY2024","FQ4 2024"
20240627,2024-06-27 00:00:00.000,2024,1,False,2,"Q2",6,"June",26,"W26 2024",202426,59,False,3,"Thursday","T​​​","Weekday","FY2024","FQ4 2024"
20240628,2024-06-28 00:00:00.000,2024,1,False,2,"Q2",6,"June",26,"W26 2024",202426,59,False,4,"Friday","F​​​​","Weekday","FY2024","FQ4 2024"
20231002,2023-10-02 00:00:00.000,2023,0,False,4,"Q4",10,"October",40,"W40 2023",202340,21,False,0,"Monday","M","Weekday","FY2024","FQ2 2024"
20231003,2023-10-03 00:00:00.000,2023,0,False,4,"Q4",10,"October",40,"W40 2023",202340,21,False,1,"Tuesday","T​","Weekday","FY2024","FQ2 2024"
20231004,2023-10-04 00:00:00.000,2023,0,False,4,"Q4",10,"October",40,"W40 2023",202340,21,False,2,"Wednesday","W​​","Weekday","FY2024","FQ2 2024"
20231005,2023-10-05 00:00:00.000,2023,0,False,4,"Q4",10,"October",40,"W40 2023",202340,21,False,3,"Thursday","T​​​","Weekday","FY2024","FQ2 2024"
20231006,2023-10-06 00:00:00.000,2023,0,False,4,"Q4",10,"October",40,"W40 2023",202340,21,False,4,"Friday","F​​​​","Weekday","FY2024","FQ2 2024"
20231009,2023-10-09 00:00:00.000,2023,0,False,4,"Q4",10,"October",41,"W41 2023",202341,22,False,0,"Monday","M","Weekday","FY2024","FQ2 2024"
20231010,2023-10-10 00:00:00.000,2023,0,False,4,"Q4",10,"October",41,"W41 2023",202341,22,False,1,"Tuesday","T​","Weekday","FY2024","FQ2 2024"
20231011,2023-10-11 00:00:00.000,2023,0,False,4,"Q4",10,"October",41,"W41 2023",202341,22,False,2,"Wednesday","W​​","Weekday","FY2024","FQ2 2024"
20231012,2023-10-12 00:00:00.000,2023,0,False,4,"Q4",10,"October",41,"W41 2023",202341,22,False,3,"Thursday","T​​​","Weekday","FY2024","FQ2 2024"
20231013,2023-10-13 00:00:00.000,2023,0,False,4,"Q4",10,"October",41,"W41 2023",202341,22,False,4,"Friday","F​​​​","Weekday","FY2024","FQ2 2024"
20231016,2023-10-16 00:00:00.000,2023,0,False,4,"Q4",10,"October",42,"W42 2023",202342,23,False,0,"Monday","M","Weekday","FY2024","FQ2 2024"
20231017,2023-10-17 00:00:00.000,2023,0,False,4,"Q4",10,"October",42,"W42 2023",202342,23,False,1,"Tuesday","T​","Weekday","FY2024","FQ2 2024"
20231018,2023-10-18 00:00:00.000,2023,0,False,4,"Q4",10,"October",42,"W42 2023",202342,23,False,2,"Wednesday","W​​","Weekday","FY2024","FQ2 2024"
20231019,2023-10-19 00:00:00.000,2023,0,False,4,"Q4",10,"October",42,"W42 2023",202342,23,False,3,"Thursday","T​​​","Weekday","FY2024","FQ2 2024"
20231020,2023-10-20 00:00:00.000,2023,0,False,4,"Q4",10,"October",42,"W42 2023",202342,23,False,4,"Friday","F​​​​","Weekday","FY2024","FQ2 2024"
20231023,2023-10-23 00:00:00.000,2023,0,False,4,"Q4",10,"October",43,"W43 2023",202343,24,False,0,"Monday","M","Weekday","FY2024","FQ2 2024"
20231024,2023-10-24 00:00:00.000,2023,0,False,4,"Q4",10,"October",43,"W43 2023",202343,24,False,1,"Tuesday","T​","Weekday","FY2024","FQ2 2024"
20231025,2023-10-25 00:00:00.000,2023,0,False,4,"Q4",10,"October",43,"W43 2023",202343,24,False,2,"Wednesday","W​​","Weekday","FY2024","FQ2 2024"
20231026,2023-10-26 00:00:00.000,2023,0,False,4,"Q4",10,"October",43,"W43 2023",202343,24,False,3,"Thursday","T​​​","Weekday","FY2024","FQ2 2024"
20231027,2023-10-27 00:00:00.000,2023,0,False,4,"Q4",10,"October",43,"W43 2023",202343,24,False,4,"Friday","F​​​​","Weekday","FY2024","FQ2 2024"
20231030,2023-10-30 00:00:00.000,2023,0,False,4,"Q4",10,"October",44,"W44 2023",202344,25,False,0,"Monday","M","Weekday","FY2024","FQ2 2024"
20231031,2023-10-31 00:00:00.000,2023,0,False,4,"Q4",10,"October",44,"W44 2023",202344,25,False,1,"Tuesday","T​","Weekday","FY2024","FQ2 2024"
20231101,2023-11-01 00:00:00.000,2023,0,False,4,"Q4",11,"November",44,"W44 2023",202344,25,False,2,"Wednesday","W​​","Weekday","FY2024","FQ2 2024"
20231102,2023-11-02 00:00:00.000,2023,0,False,4,"Q4",11,"November",44,"W44 2023",202344,25,False,3,"Thursday","T​​​","Weekday","FY2024","FQ2 2024"
20231103,2023-11-03 00:00:00.000,2023,0,False,4,"Q4",11,"November",44,"W44 2023",202344,25,False,4,"Friday","F​​​​","Weekday","FY2024","FQ2 2024"
20231106,2023-11-06 00:00:00.000,2023,0,False,4,"Q4",11,"November",45,"W45 2023",202345,26,False,0,"Monday","M","Weekday","FY2024","FQ2 2024"
20231107,2023-11-07 00:00:00.000,2023,0,False,4,"Q4",11,"November",45,"W45 2023",202345,26,False,1,"Tuesday","T​","Weekday","FY2024","FQ2 2024"
20231108,2023-11-08 00:00:00.000,2023,0,False,4,"Q4",11,"November",45,"W45 2023",202345,26,False,2,"Wednesday","W​​","Weekday","FY2024","FQ2 2024"
20231109,2023-11-09 00:00:00.000,2023,0,False,4,"Q4",11,"November",45,"W45 2023",202345,26,False,3,"Thursday","T​​​","Weekday","FY2024","FQ2 2024"
20231110,2023-11-10 00:00:00.000,2023,0,False,4,"Q4",11,"November",45,"W45 2023",202345,26,False,4,"Friday","F​​​​","Weekday","FY2024","FQ2 2024"
20231113,2023-11-13 00:00:00.000,2023,0,False,4,"Q4",11,"November",46,"W46 2023",202346,27,False,0,"Monday","M","Weekday","FY2024","FQ2 2024"
20231114,2023-11-14 00:00:00.000,2023,0,False,4,"Q4",11,"November",46,"W46 2023",202346,27,False,1,"Tuesday","T​","Weekday","FY2024","FQ2 2024"
20231115,2023-11-15 00:00:00.000,2023,0,False,4,"Q4",11,"November",46,"W46 2023",202346,27,False,2,"Wednesday","W​​","Weekday","FY2024","FQ2 2024"
20231116,2023-11-16 00:00:00.000,2023,0,False,4,"Q4",11,"November",46,"W46 2023",202346,27,False,3,"Thursday","T​​​","Weekday","FY2024","FQ2 2024"
20231117,2023-11-17 00:00:00.000,2023,0,False,4,"Q4",11,"November",46,"W46 2023",202346,27,False,4,"Friday","F​​​​","Weekday","FY2024","FQ2 2024"
20231120,2023-11-20 00:00:00.000,2023,0,False,4,"Q4",11,"November",47,"W47 2023",202347,28,False,0,"Monday","M","Weekday","FY2024","FQ2 2024"
20231121,2023-11-21 00:00:00.000,2023,0,False,4,"Q4",11,"November",47,"W47 2023",202347,28,False,1,"Tuesday","T​","Weekday","FY2024","FQ2 2024"
20231122,2023-11-22 00:00:00.000,2023,0,False,4,"Q4",11,"November",47,"W47 2023",202347,28,False,2,"Wednesday","W​​","Weekday","FY2024","FQ2 2024"
20231123,2023-11-23 00:00:00.000,2023,0,False,4,"Q4",11,"November",47,"W47 2023",202347,28,False,3,"Thursday","T​​​","Weekday","FY2024","FQ2 2024"
20231124,2023-11-24 00:00:00.000,2023,0,False,4,"Q4",11,"November",47,"W47 2023",202347,28,False,4,"Friday","F​​​​","Weekday","FY2024","FQ2 2024"
20231127,2023-11-27 00:00:00.000,2023,0,False,4,"Q4",11,"November",48,"W48 2023",202348,29,False,0,"Monday","M","Weekday","FY2024","FQ2 2024"
20231128,2023-11-28 00:00:00.000,2023,0,False,4,"Q4",11,"November",48,"W48 2023",202348,29,False,1,"Tuesday","T​","Weekday","FY2024","FQ2 2024"
20231129,2023-11-29 00:00:00.000,2023,0,False,4,"Q4",11,"November",48,"W48 2023",202348,29,False,2,"Wednesday","W​​","Weekday","FY2024","FQ2 2024"
20231130,2023-11-30 00:00:00.000,2023,0,False,4,"Q4",11,"November",48,"W48 2023",202348,29,False,3,"Thursday","T​​​","Weekday","FY2024","FQ2 2024"
20231201,2023-12-01 00:00:00.000,2023,0,False,4,"Q4",12,"December",48,"W48 2023",202348,29,False,4,"Friday","F​​​​","Weekday","FY2024","FQ2 2024"
20231204,2023-12-04 00:00:00.000,2023,0,False,4,"Q4",12,"December",49,"W49 2023",202349,30,False,0,"Monday","M","Weekday","FY2024","FQ2 2024"
20231205,2023-12-05 00:00:00.000,2023,0,False,4,"Q4",12,"December",49,"W49 2023",202349,30,False,1,"Tuesday","T​","Weekday","FY2024","FQ2 2024"
20231206,2023-12-06 00:00:00.000,2023,0,False,4,"Q4",12,"December",49,"W49 2023",202349,30,False,2,"Wednesday","W​​","Weekday","FY2024","FQ2 2024"
20231207,2023-12-07 00:00:00.000,2023,0,False,4,"Q4",12,"December",49,"W49 2023",202349,30,False,3,"Thursday","T​​​","Weekday","FY2024","FQ2 2024"
20231208,2023-12-08 00:00:00.000,2023,0,False,4,"Q4",12,"December",49,"W49 2023",202349,30,False,4,"Friday","F​​​​","Weekday","FY2024","FQ2 2024"
20231211,2023-12-11 00:00:00.000,2023,0,False,4,"Q4",12,"December",50,"W50 2023",202350,31,False,0,"Monday","M","Weekday","FY2024","FQ2 2024"
20231212,2023-12-12 00:00:00.000,2023,0,False,4,"Q4",12,"December",50,"W50 2023",202350,31,False,1,"Tuesday","T​","Weekday","FY2024","FQ2 2024"
20231213,2023-12-13 00:00:00.000,2023,0,False,4,"Q4",12,"December",50,"W50 2023",202350,31,False,2,"Wednesday","W​​","Weekday","FY2024","FQ2 2024"
20231214,2023-12-14 00:00:00.000,2023,0,False,4,"Q4",12,"December",50,"W50 2023",202350,31,False,3,"Thursday","T​​​","Weekday","FY2024","FQ2 2024"
20231215,2023-12-15 00:00:00.000,2023,0,False,4,"Q4",12,"December",50,"W50 2023",202350,31,False,4,"Friday","F​​​​","Weekday","FY2024","FQ2 2024"
20231218,2023-12-18 00:00:00.000,2023,0,False,4,"Q4",12,"December",51,"W51 2023",202351,32,False,0,"Monday","M","Weekday","FY2024","FQ2 2024"
20231219,2023-12-19 00:00:00.000,2023,0,False,4,"Q4",12,"December",51,"W51 2023",202351,32,False,1,"Tuesday","T​","Weekday","FY2024","FQ2 2024"
20231220,2023-12-20 00:00:00.000,2023,0,False,4,"Q4",12,"December",51,"W51 2023",202351,32,False,2,"Wednesday","W​​","Weekday","FY2024","FQ2 2024"
20231221,2023-12-21 00:00:00.000,2023,0,False,4,"Q4",12,"December",51,"W51 2023",202351,32,False,3,"Thursday","T​​​","Weekday","FY2024","FQ2 2024"
20231222,2023-12-22 00:00:00.000,2023,0,False,4,"Q4",12,"December",51,"W51 2023",202351,32,False,4,"Friday","F​​​​","Weekday","FY2024","FQ2 2024"
20231225,2023-12-25 00:00:00.000,2023,0,False,4,"Q4",12,"December",52,"W52 2023",202352,33,False,0,"Monday","M","Weekday","FY2024","FQ2 2024"
20231226,2023-12-26 00:00:00.000,2023,0,False,4,"Q4",12,"December",52,"W52 2023",202352,33,False,1,"Tuesday","T​","Weekday","FY2024","FQ2 2024"
20231227,2023-12-27 00:00:00.000,2023,0,False,4,"Q4",12,"December",52,"W52 2023",202352,33,False,2,"Wednesday","W​​","Weekday","FY2024","FQ2 2024"
20231228,2023-12-28 00:00:00.000,2023,0,False,4,"Q4",12,"December",52,"W52 2023",202352,33,False,3,"Thursday","T​​​","Weekday","FY2024","FQ2 2024"
20231229,2023-12-29 00:00:00.000,2023,0,False,4,"Q4",12,"December",52,"W52 2023",202352,33,False,4,"Friday","F​​​​","Weekday","FY2024","FQ2 2024"
20230703,2023-07-03 00:00:00.000,2023,0,False,3,"Q3",7,"July",27,"W27 2023",202327,8,False,0,"Monday","M","Weekday","FY2024","FQ1 2024"
20230704,2023-07-04 00:00:00.000,2023,0,False,3,"Q3",7,"July",27,"W27 2023",202327,8,False,1,"Tuesday","T​","Weekday","FY2024","FQ1 2024"
20230705,2023-07-05 00:00:00.000,2023,0,False,3,"Q3",7,"July",27,"W27 2023",202327,8,False,2,"Wednesday","W​​","Weekday","FY2024","FQ1 2024"
20230706,2023-07-06 00:00:00.000,2023,0,False,3,"Q3",7,"July",27,"W27 2023",202327,8,False,3,"Thursday","T​​​","Weekday","FY2024","FQ1 2024"
20230707,2023-07-07 00:00:00.000,2023,0,False,3,"Q3",7,"July",27,"W27 2023",202327,8,False,4,"Friday","F​​​​","Weekday","FY2024","FQ1 2024"
20230710,2023-07-10 00:00:00.000,2023,0,False,3,"Q3",7,"July",28,"W28 2023",202328,9,False,0,"Monday","M","Weekday","FY2024","FQ1 2024"
20230711,2023-07-11 00:00:00.000,2023,0,False,3,"Q3",7,"July",28,"W28 2023",202328,9,False,1,"Tuesday","T​","Weekday","FY2024","FQ1 2024"
20230712,2023-07-12 00:00:00.000,2023,0,False,3,"Q3",7,"July",28,"W28 2023",202328,9,False,2,"Wednesday","W​​","Weekday","FY2024","FQ1 2024"
20230713,2023-07-13 00:00:00.000,2023,0,False,3,"Q3",7,"July",28,"W28 2023",202328,9,False,3,"Thursday","T​​​","Weekday","FY2024","FQ1 2024"
20230714,2023-07-14 00:00:00.000,2023,0,False,3,"Q3",7,"July",28,"W28 2023",202328,9,False,4,"Friday","F​​​​","Weekday","FY2024","FQ1 2024"
20230717,2023-07-17 00:00:00.000,2023,0,False,3,"Q3",7,"July",29,"W29 2023",202329,10,False,0,"Monday","M","Weekday","FY2024","FQ1 2024"
20230718,2023-07-18 00:00:00.000,2023,0,False,3,"Q3",7,"July",29,"W29 2023",202329,10,False,1,"Tuesday","T​","Weekday","FY2024","FQ1 2024"
20230719,2023-07-19 00:00:00.000,2023,0,False,3,"Q3",7,"July",29,"W29 2023",202329,10,False,2,"Wednesday","W​​","Weekday","FY2024","FQ1 2024"
20230720,2023-07-20 00:00:00.000,2023,0,False,3,"Q3",7,"July",29,"W29 2023",202329,10,False,3,"Thursday","T​​​","Weekday","FY2024","FQ1 2024"
20230721,2023-07-21 00:00:00.000,2023,0,False,3,"Q3",7,"July",29,"W29 2023",202329,10,False,4,"Friday","F​​​​","Weekday","FY2024","FQ1 2024"
20230724,2023-07-24 00:00:00.000,2023,0,False,3,"Q3",7,"July",30,"W30 2023",202330,11,False,0,"Monday","M","Weekday","FY2024","FQ1 2024"
20230725,2023-07-25 00:00:00.000,2023,0,False,3,"Q3",7,"July",30,"W30 2023",202330,11,False,1,"Tuesday","T​","Weekday","FY2024","FQ1 2024"
20230726,2023-07-26 00:00:00.000,2023,0,False,3,"Q3",7,"July",30,"W30 2023",202330,11,False,2,"Wednesday","W​​","Weekday","FY2024","FQ1 2024"
20230727,2023-07-27 00:00:00.000,2023,0,False,3,"Q3",7,"July",30,"W30 2023",202330,11,False,3,"Thursday","T​​​","Weekday","FY2024","FQ1 2024"
20230728,2023-07-28 00:00:00.000,2023,0,False,3,"Q3",7,"July",30,"W30 2023",202330,11,False,4,"Friday","F​​​​","Weekday","FY2024","FQ1 2024"
20230731,2023-07-31 00:00:00.000,2023,0,False,3,"Q3",7,"July",31,"W31 2023",202331,12,False,0,"Monday","M","Weekday","FY2024","FQ1 2024"
20230801,2023-08-01 00:00:00.000,2023,0,False,3,"Q3",8,"August",31,"W31 2023",202331,12,False,1,"Tuesday","T​","Weekday","FY2024","FQ1 2024"
20230802,2023-08-02 00:00:00.000,2023,0,False,3,"Q3",8,"August",31,"W31 2023",202331,12,False,2,"Wednesday","W​​","Weekday","FY2024","FQ1 2024"
20230803,2023-08-03 00:00:00.000,2023,0,False,3,"Q3",8,"August",31,"W31 2023",202331,12,False,3,"Thursday","T​​​","Weekday","FY2024","FQ1 2024"
20230804,2023-08-04 00:00:00.000,2023,0,False,3,"Q3",8,"August",31,"W31 2023",202331,12,False,4,"Friday","F​​​​","Weekday","FY2024","FQ1 2024"
20230807,2023-08-07 00:00:00.000,2023,0,False,3,"Q3",8,"August",32,"W32 2023",202332,13,False,0,"Monday","M","Weekday","FY2024","FQ1 2024"
20230808,2023-08-08 00:00:00.000,2023,0,False,3,"Q3",8,"August",32,"W32 2023",202332,13,False,1,"Tuesday","T​","Weekday","FY2024","FQ1 2024"
20230809,2023-08-09 00:00:00.000,2023,0,False,3,"Q3",8,"August",32,"W32 2023",202332,13,False,2,"Wednesday","W​​","Weekday","FY2024","FQ1 2024"
20230810,2023-08-10 00:00:00.000,2023,0,False,3,"Q3",8,"August",32,"W32 2023",202332,13,False,3,"Thursday","T​​​","Weekday","FY2024","FQ1 2024"
20230811,2023-08-11 00:00:00.000,2023,0,False,3,"Q3",8,"August",32,"W32 2023",202332,13,False,4,"Friday","F​​​​","Weekday","FY2024","FQ1 2024"
20230814,2023-08-14 00:00:00.000,2023,0,False,3,"Q3",8,"August",33,"W33 2023",202333,14,False,0,"Monday","M","Weekday","FY2024","FQ1 2024"
20230815,2023-08-15 00:00:00.000,2023,0,False,3,"Q3",8,"August",33,"W33 2023",202333,14,False,1,"Tuesday","T​","Weekday","FY2024","FQ1 2024"
20230816,2023-08-16 00:00:00.000,2023,0,False,3,"Q3",8,"August",33,"W33 2023",202333,14,False,2,"Wednesday","W​​","Weekday","FY2024","FQ1 2024"
20230817,2023-08-17 00:00:00.000,2023,0,False,3,"Q3",8,"August",33,"W33 2023",202333,14,False,3,"Thursday","T​​​","Weekday","FY2024","FQ1 2024"
20230818,2023-08-18 00:00:00.000,2023,0,False,3,"Q3",8,"August",33,"W33 2023",202333,14,False,4,"Friday","F​​​​","Weekday","FY2024","FQ1 2024"
20230821,2023-08-21 00:00:00.000,2023,0,False,3,"Q3",8,"August",34,"W34 2023",202334,15,False,0,"Monday","M","Weekday","FY2024","FQ1 2024"
20230822,2023-08-22 00:00:00.000,2023,0,False,3,"Q3",8,"August",34,"W34 2023",202334,15,False,1,"Tuesday","T​","Weekday","FY2024","FQ1 2024"
20230823,2023-08-23 00:00:00.000,2023,0,False,3,"Q3",8,"August",34,"W34 2023",202334,15,False,2,"Wednesday","W​​","Weekday","FY2024","FQ1 2024"
20230824,2023-08-24 00:00:00.000,2023,0,False,3,"Q3",8,"August",34,"W34 2023",202334,15,False,3,"Thursday","T​​​","Weekday","FY2024","FQ1 2024"
20230825,2023-08-25 00:00:00.000,2023,0,False,3,"Q3",8,"August",34,"W34 2023",202334,15,False,4,"Friday","F​​​​","Weekday","FY2024","FQ1 2024"
20230828,2023-08-28 00:00:00.000,2023,0,False,3,"Q3",8,"August",35,"W35 2023",202335,16,False,0,"Monday","M","Weekday","FY2024","FQ1 2024"
20230829,2023-08-29 00:00:00.000,2023,0,False,3,"Q3",8,"August",35,"W35 2023",202335,16,False,1,"Tuesday","T​","Weekday","FY2024","FQ1 2024"
20230830,2023-08-30 00:00:00.000,2023,0,False,3,"Q3",8,"August",35,"W35 2023",202335,16,False,2,"Wednesday","W​​","Weekday","FY2024","FQ1 2024"
20230831,2023-08-31 00:00:00.000,2023,0,False,3,"Q3",8,"August",35,"W35 2023",202335,16,False,3,"Thursday","T​​​","Weekday","FY2024","FQ1 2024"
20230901,2023-09-01 00:00:00.000,2023,0,False,3,"Q3",9,"September",35,"W35 2023",202335,16,False,4,"Friday","F​​​​","Weekday","FY2024","FQ1 2024"
20230904,2023-09-04 00:00:00.000,2023,0,False,3,"Q3",9,"September",36,"W36 2023",202336,17,False,0,"Monday","M","Weekday","FY2024","FQ1 2024"
20230905,2023-09-05 00:00:00.000,2023,0,False,3,"Q3",9,"September",36,"W36 2023",202336,17,False,1,"Tuesday","T​","Weekday","FY2024","FQ1 2024"
20230906,2023-09-06 00:00:00.000,2023,0,False,3,"Q3",9,"September",36,"W36 2023",202336,17,False,2,"Wednesday","W​​","Weekday","FY2024","FQ1 2024"
20230907,2023-09-07 00:00:00.000,2023,0,False,3,"Q3",9,"September",36,"W36 2023",202336,17,False,3,"Thursday","T​​​","Weekday","FY2024","FQ1 2024"
20230908,2023-09-08 00:00:00.000,2023,0,False,3,"Q3",9,"September",36,"W36 2023",202336,17,False,4,"Friday","F​​​​","Weekday","FY2024","FQ1 2024"
20230911,2023-09-11 00:00:00.000,2023,0,False,3,"Q3",9,"September",37,"W37 2023",202337,18,False,0,"Monday","M","Weekday","FY2024","FQ1 2024"
20230912,2023-09-12 00:00:00.000,2023,0,False,3,"Q3",9,"September",37,"W37 2023",202337,18,False,1,"Tuesday","T​","Weekday","FY2024","FQ1 2024"
20230913,2023-09-13 00:00:00.000,2023,0,False,3,"Q3",9,"September",37,"W37 2023",202337,18,False,2,"Wednesday","W​​","Weekday","FY2024","FQ1 2024"
20230914,2023-09-14 00:00:00.000,2023,0,False,3,"Q3",9,"September",37,"W37 2023",202337,18,False,3,"Thursday","T​​​","Weekday","FY2024","FQ1 2024"
20230915,2023-09-15 00:00:00.000,2023,0,False,3,"Q3",9,"September",37,"W37 2023",202337,18,False,4,"Friday","F​​​​","Weekday","FY2024","FQ1 2024"
20230918,2023-09-18 00:00:00.000,2023,0,False,3,"Q3",9,"September",38,"W38 2023",202338,19,False,0,"Monday","M","Weekday","FY2024","FQ1 2024"
20230919,2023-09-19 00:00:00.000,2023,0,False,3,"Q3",9,"September",38,"W38 2023",202338,19,False,1,"Tuesday","T​","Weekday","FY2024","FQ1 2024"
20230920,2023-09-20 00:00:00.000,2023,0,False,3,"Q3",9,"September",38,"W38 2023",202338,19,False,2,"Wednesday","W​​","Weekday","FY2024","FQ1 2024"
20230921,2023-09-21 00:00:00.000,2023,0,False,3,"Q3",9,"September",38,"W38 2023",202338,19,False,3,"Thursday","T​​​","Weekday","FY2024","FQ1 2024"
20230922,2023-09-22 00:00:00.000,2023,0,False,3,"Q3",9,"September",38,"W38 2023",202338,19,False,4,"Friday","F​​​​","Weekday","FY2024","FQ1 2024"
20230925,2023-09-25 00:00:00.000,2023,0,False,3,"Q3",9,"September",39,"W39 2023",202339,20,False,0,"Monday","M","Weekday","FY2024","FQ1 2024"
20230926,2023-09-26 00:00:00.000,2023,0,False,3,"Q3",9,"September",39,"W39 2023",202339,20,False,1,"Tuesday","T​","Weekday","FY2024","FQ1 2024"
20230927,2023-09-27 00:00:00.000,2023,0,False,3,"Q3",9,"September",39,"W39 2023",202339,20,False,2,"Wednesday","W​​","Weekday","FY2024","FQ1 2024"
20230928,2023-09-28 00:00:00.000,2023,0,False,3,"Q3",9,"September",39,"W39 2023",202339,20,False,3,"Thursday","T​​​","Weekday","FY2024","FQ1 2024"
20230929,2023-09-29 00:00:00.000,2023,0,False,3,"Q3",9,"September",39,"W39 2023",202339,20,False,4,"Friday","F​​​​","Weekday","FY2024","FQ1 2024"
20250101,2025-01-01 00:00:00.000,2025,2,False,1,"Q1",1,"January",1,"W01 2025",202501,86,False,2,"Wednesday","W​​","Weekday","FY2025","FQ3 2025"
20250102,2025-01-02 00:00:00.000,2025,2,False,1,"Q1",1,"January",1,"W01 2025",202501,86,False,3,"Thursday","T​​​","Weekday","FY2025","FQ3 2025"
20250103,2025-01-03 00:00:00.000,2025,2,False,1,"Q1",1,"January",1,"W01 2025",202501,86,False,4,"Friday","F​​​​","Weekday","FY2025","FQ3 2025"
20250106,2025-01-06 00:00:00.000,2025,2,False,1,"Q1",1,"January",2,"W02 2025",202502,87,False,0,"Monday","M","Weekday","FY2025","FQ3 2025"
20250107,2025-01-07 00:00:00.000,2025,2,False,1,"Q1",1,"January",2,"W02 2025",202502,87,False,1,"Tuesday","T​","Weekday","FY2025","FQ3 2025"
20250108,2025-01-08 00:00:00.000,2025,2,False,1,"Q1",1,"January",2,"W02 2025",202502,87,False,2,"Wednesday","W​​","Weekday","FY2025","FQ3 2025"
20250109,2025-01-09 00:00:00.000,2025,2,False,1,"Q1",1,"January",2,"W02 2025",202502,87,False,3,"Thursday","T​​​","Weekday","FY2025","FQ3 2025"
20250110,2025-01-10 00:00:00.000,2025,2,False,1,"Q1",1,"January",2,"W02 2025",202502,87,False,4,"Friday","F​​​​","Weekday","FY2025","FQ3 2025"
20250113,2025-01-13 00:00:00.000,2025,2,False,1,"Q1",1,"January",3,"W03 2025",202503,88,False,0,"Monday","M","Weekday","FY2025","FQ3 2025"
20250114,2025-01-14 00:00:00.000,2025,2,False,1,"Q1",1,"January",3,"W03 2025",202503,88,False,1,"Tuesday","T​","Weekday","FY2025","FQ3 2025"
20250115,2025-01-15 00:00:00.000,2025,2,False,1,"Q1",1,"January",3,"W03 2025",202503,88,False,2,"Wednesday","W​​","Weekday","FY2025","FQ3 2025"
20250116,2025-01-16 00:00:00.000,2025,2,False,1,"Q1",1,"January",3,"W03 2025",202503,88,False,3,"Thursday","T​​​","Weekday","FY2025","FQ3 2025"
20250117,2025-01-17 00:00:00.000,2025,2,False,1,"Q1",1,"January",3,"W03 2025",202503,88,False,4,"Friday","F​​​​","Weekday","FY2025","FQ3 2025"
20250120,2025-01-20 00:00:00.000,2025,2,False,1,"Q1",1,"January",4,"W04 2025",202504,89,False,0,"Monday","M","Weekday","FY2025","FQ3 2025"
20250121,2025-01-21 00:00:00.000,2025,2,False,1,"Q1",1,"January",4,"W04 2025",202504,89,False,1,"Tuesday","T​","Weekday","FY2025","FQ3 2025"
20250122,2025-01-22 00:00:00.000,2025,2,False,1,"Q1",1,"January",4,"W04 2025",202504,89,False,2,"Wednesday","W​​","Weekday","FY2025","FQ3 2025"
20250123,2025-01-23 00:00:00.000,2025,2,False,1,"Q1",1,"January",4,"W04 2025",202504,89,False,3,"Thursday","T​​​","Weekday","FY2025","FQ3 2025"
20250124,2025-01-24 00:00:00.000,2025,2,False,1,"Q1",1,"January",4,"W04 2025",202504,89,False,4,"Friday","F​​​​","Weekday","FY2025","FQ3 2025"
20250127,2025-01-27 00:00:00.000,2025,2,False,1,"Q1",1,"January",5,"W05 2025",202505,90,False,0,"Monday","M","Weekday","FY2025","FQ3 2025"
20250128,2025-01-28 00:00:00.000,2025,2,False,1,"Q1",1,"January",5,"W05 2025",202505,90,False,1,"Tuesday","T​","Weekday","FY2025","FQ3 2025"
20250129,2025-01-29 00:00:00.000,2025,2,False,1,"Q1",1,"January",5,"W05 2025",202505,90,False,2,"Wednesday","W​​","Weekday","FY2025","FQ3 2025"
20250130,2025-01-30 00:00:00.000,2025,2,False,1,"Q1",1,"January",5,"W05 2025",202505,90,False,3,"Thursday","T​​​","Weekday","FY2025","FQ3 2025"
20250131,2025-01-31 00:00:00.000,2025,2,False,1,"Q1",1,"January",5,"W05 2025",202505,90,False,4,"Friday","F​​​​","Weekday","FY2025","FQ3 2025"
20250203,2025-02-03 00:00:00.000,2025,2,False,1,"Q1",2,"February",6,"W06 2025",202506,91,False,0,"Monday","M","Weekday","FY2025","FQ3 2025"
20250204,2025-02-04 00:00:00.000,2025,2,False,1,"Q1",2,"February",6,"W06 2025",202506,91,False,1,"Tuesday","T​","Weekday","FY2025","FQ3 2025"
20250205,2025-02-05 00:00:00.000,2025,2,False,1,"Q1",2,"February",6,"W06 2025",202506,91,False,2,"Wednesday","W​​","Weekday","FY2025","FQ3 2025"
20250206,2025-02-06 00:00:00.000,2025,2,False,1,"Q1",2,"February",6,"W06 2025",202506,91,False,3,"Thursday","T​​​","Weekday","FY2025","FQ3 2025"
20250207,2025-02-07 00:00:00.000,2025,2,False,1,"Q1",2,"February",6,"W06 2025",202506,91,False,4,"Friday","F​​​​","Weekday","FY2025","FQ3 2025"
20250210,2025-02-10 00:00:00.000,2025,2,False,1,"Q1",2,"February",7,"W07 2025",202507,92,False,0,"Monday","M","Weekday","FY2025","FQ3 2025"
20250211,2025-02-11 00:00:00.000,2025,2,False,1,"Q1",2,"February",7,"W07 2025",202507,92,False,1,"Tuesday","T​","Weekday","FY2025","FQ3 2025"
20250212,2025-02-12 00:00:00.000,2025,2,False,1,"Q1",2,"February",7,"W07 2025",202507,92,False,2,"Wednesday","W​​","Weekday","FY2025","FQ3 2025"
20250213,2025-02-13 00:00:00.000,2025,2,False,1,"Q1",2,"February",7,"W07 2025",202507,92,False,3,"Thursday","T​​​","Weekday","FY2025","FQ3 2025"
20250214,2025-02-14 00:00:00.000,2025,2,False,1,"Q1",2,"February",7,"W07 2025",202507,92,False,4,"Friday","F​​​​","Weekday","FY2025","FQ3 2025"
20250217,2025-02-17 00:00:00.000,2025,2,False,1,"Q1",2,"February",8,"W08 2025",202508,93,False,0,"Monday","M","Weekday","FY2025","FQ3 2025"
20250218,2025-02-18 00:00:00.000,2025,2,False,1,"Q1",2,"February",8,"W08 2025",202508,93,False,1,"Tuesday","T​","Weekday","FY2025","FQ3 2025"
20250219,2025-02-19 00:00:00.000,2025,2,False,1,"Q1",2,"February",8,"W08 2025",202508,93,False,2,"Wednesday","W​​","Weekday","FY2025","FQ3 2025"
20250220,2025-02-20 00:00:00.000,2025,2,False,1,"Q1",2,"February",8,"W08 2025",202508,93,False,3,"Thursday","T​​​","Weekday","FY2025","FQ3 2025"
20250221,2025-02-21 00:00:00.000,2025,2,False,1,"Q1",2,"February",8,"W08 2025",202508,93,False,4,"Friday","F​​​​","Weekday","FY2025","FQ3 2025"
20250224,2025-02-24 00:00:00.000,2025,2,False,1,"Q1",2,"February",9,"W09 2025",202509,94,False,0,"Monday","M","Weekday","FY2025","FQ3 2025"
20250225,2025-02-25 00:00:00.000,2025,2,False,1,"Q1",2,"February",9,"W09 2025",202509,94,False,1,"Tuesday","T​","Weekday","FY2025","FQ3 2025"
20250226,2025-02-26 00:00:00.000,2025,2,False,1,"Q1",2,"February",9,"W09 2025",202509,94,False,2,"Wednesday","W​​","Weekday","FY2025","FQ3 2025"
20250227,2025-02-27 00:00:00.000,2025,2,False,1,"Q1",2,"February",9,"W09 2025",202509,94,False,3,"Thursday","T​​​","Weekday","FY2025","FQ3 2025"
20250228,2025-02-28 00:00:00.000,2025,2,False,1,"Q1",2,"February",9,"W09 2025",202509,94,False,4,"Friday","F​​​​","Weekday","FY2025","FQ3 2025"
20250303,2025-03-03 00:00:00.000,2025,2,False,1,"Q1",3,"March",10,"W10 2025",202510,95,False,0,"Monday","M","Weekday","FY2025","FQ3 2025"
20250304,2025-03-04 00:00:00.000,2025,2,False,1,"Q1",3,"March",10,"W10 2025",202510,95,False,1,"Tuesday","T​","Weekday","FY2025","FQ3 2025"
20250305,2025-03-05 00:00:00.000,2025,2,False,1,"Q1",3,"March",10,"W10 2025",202510,95,False,2,"Wednesday","W​​","Weekday","FY2025","FQ3 2025"
20250306,2025-03-06 00:00:00.000,2025,2,False,1,"Q1",3,"March",10,"W10 2025",202510,95,False,3,"Thursday","T​​​","Weekday","FY2025","FQ3 2025"
20250307,2025-03-07 00:00:00.000,2025,2,False,1,"Q1",3,"March",10,"W10 2025",202510,95,False,4,"Friday","F​​​​","Weekday","FY2025","FQ3 2025"
20250310,2025-03-10 00:00:00.000,2025,2,False,1,"Q1",3,"March",11,"W11 2025",202511,96,False,0,"Monday","M","Weekday","FY2025","FQ3 2025"
20250311,2025-03-11 00:00:00.000,2025,2,False,1,"Q1",3,"March",11,"W11 2025",202511,96,False,1,"Tuesday","T​","Weekday","FY2025","FQ3 2025"
20250312,2025-03-12 00:00:00.000,2025,2,False,1,"Q1",3,"March",11,"W11 2025",202511,96,False,2,"Wednesday","W​​","Weekday","FY2025","FQ3 2025"
20250313,2025-03-13 00:00:00.000,2025,2,False,1,"Q1",3,"March",11,"W11 2025",202511,96,False,3,"Thursday","T​​​","Weekday","FY2025","FQ3 2025"
20250314,2025-03-14 00:00:00.000,2025,2,False,1,"Q1",3,"March",11,"W11 2025",202511,96,False,4,"Friday","F​​​​","Weekday","FY2025","FQ3 2025"
20250317,2025-03-17 00:00:00.000,2025,2,False,1,"Q1",3,"March",12,"W12 2025",202512,97,False,0,"Monday","M","Weekday","FY2025","FQ3 2025"
20250318,2025-03-18 00:00:00.000,2025,2,False,1,"Q1",3,"March",12,"W12 2025",202512,97,False,1,"Tuesday","T​","Weekday","FY2025","FQ3 2025"
20250319,2025-03-19 00:00:00.000,2025,2,False,1,"Q1",3,"March",12,"W12 2025",202512,97,False,2,"Wednesday","W​​","Weekday","FY2025","FQ3 2025"
20250320,2025-03-20 00:00:00.000,2025,2,False,1,"Q1",3,"March",12,"W12 2025",202512,97,False,3,"Thursday","T​​​","Weekday","FY2025","FQ3 2025"
20250321,2025-03-21 00:00:00.000,2025,2,False,1,"Q1",3,"March",12,"W12 2025",202512,97,False,4,"Friday","F​​​​","Weekday","FY2025","FQ3 2025"
20250324,2025-03-24 00:00:00.000,2025,2,False,1,"Q1",3,"March",13,"W13 2025",202513,98,False,0,"Monday","M","Weekday","FY2025","FQ3 2025"
20250325,2025-03-25 00:00:00.000,2025,2,False,1,"Q1",3,"March",13,"W13 2025",202513,98,False,1,"Tuesday","T​","Weekday","FY2025","FQ3 2025"
20250326,2025-03-26 00:00:00.000,2025,2,False,1,"Q1",3,"March",13,"W13 2025",202513,98,False,2,"Wednesday","W​​","Weekday","FY2025","FQ3 2025"
20250327,2025-03-27 00:00:00.000,2025,2,False,1,"Q1",3,"March",13,"W13 2025",202513,98,False,3,"Thursday","T​​​","Weekday","FY2025","FQ3 2025"
20250328,2025-03-28 00:00:00.000,2025,2,False,1,"Q1",3,"March",13,"W13 2025",202513,98,False,4,"Friday","F​​​​","Weekday","FY2025","FQ3 2025"
20250331,2025-03-31 00:00:00.000,2025,2,False,1,"Q1",3,"March",14,"W14 2025",202514,99,False,0,"Monday","M","Weekday","FY2025","FQ3 2025"
20250401,2025-04-01 00:00:00.000,2025,2,False,2,"Q2",4,"April",14,"W14 2025",202514,99,False,1,"Tuesday","T​","Weekday","FY2025","FQ4 2025"
20250402,2025-04-02 00:00:00.000,2025,2,False,2,"Q2",4,"April",14,"W14 2025",202514,99,False,2,"Wednesday","W​​","Weekday","FY2025","FQ4 2025"
20250403,2025-04-03 00:00:00.000,2025,2,False,2,"Q2",4,"April",14,"W14 2025",202514,99,False,3,"Thursday","T​​​","Weekday","FY2025","FQ4 2025"
20250404,2025-04-04 00:00:00.000,2025,2,False,2,"Q2",4,"April",14,"W14 2025",202514,99,False,4,"Friday","F​​​​","Weekday","FY2025","FQ4 2025"
20250407,2025-04-07 00:00:00.000,2025,2,False,2,"Q2",4,"April",15,"W15 2025",202515,100,False,0,"Monday","M","Weekday","FY2025","FQ4 2025"
20250408,2025-04-08 00:00:00.000,2025,2,False,2,"Q2",4,"April",15,"W15 2025",202515,100,False,1,"Tuesday","T​","Weekday","FY2025","FQ4 2025"
20250409,2025-04-09 00:00:00.000,2025,2,False,2,"Q2",4,"April",15,"W15 2025",202515,100,False,2,"Wednesday","W​​","Weekday","FY2025","FQ4 2025"
20250410,2025-04-10 00:00:00.000,2025,2,False,2,"Q2",4,"April",15,"W15 2025",202515,100,False,3,"Thursday","T​​​","Weekday","FY2025","FQ4 2025"
20250411,2025-04-11 00:00:00.000,2025,2,False,2,"Q2",4,"April",15,"W15 2025",202515,100,False,4,"Friday","F​​​​","Weekday","FY2025","FQ4 2025"
20250414,2025-04-14 00:00:00.000,2025,2,False,2,"Q2",4,"April",16,"W16 2025",202516,101,False,0,"Monday","M","Weekday","FY2025","FQ4 2025"
20250415,2025-04-15 00:00:00.000,2025,2,False,2,"Q2",4,"April",16,"W16 2025",202516,101,False,1,"Tuesday","T​","Weekday","FY2025","FQ4 2025"
20250416,2025-04-16 00:00:00.000,2025,2,False,2,"Q2",4,"April",16,"W16 2025",202516,101,False,2,"Wednesday","W​​","Weekday","FY2025","FQ4 2025"
20250417,2025-04-17 00:00:00.000,2025,2,False,2,"Q2",4,"April",16,"W16 2025",202516,101,False,3,"Thursday","T​​​","Weekday","FY2025","FQ4 2025"
20250418,2025-04-18 00:00:00.000,2025,2,False,2,"Q2",4,"April",16,"W16 2025",202516,101,False,4,"Friday","F​​​​","Weekday","FY2025","FQ4 2025"
20250421,2025-04-21 00:00:00.000,2025,2,False,2,"Q2",4,"April",17,"W17 2025",202517,102,False,0,"Monday","M","Weekday","FY2025","FQ4 2025"
20250422,2025-04-22 00:00:00.000,2025,2,False,2,"Q2",4,"April",17,"W17 2025",202517,102,False,1,"Tuesday","T​","Weekday","FY2025","FQ4 2025"
20250423,2025-04-23 00:00:00.000,2025,2,False,2,"Q2",4,"April",17,"W17 2025",202517,102,False,2,"Wednesday","W​​","Weekday","FY2025","FQ4 2025"
20250424,2025-04-24 00:00:00.000,2025,2,False,2,"Q2",4,"April",17,"W17 2025",202517,102,False,3,"Thursday","T​​​","Weekday","FY2025","FQ4 2025"
20250425,2025-04-25 00:00:00.000,2025,2,False,2,"Q2",4,"April",17,"W17 2025",202517,102,False,4,"Friday","F​​​​","Weekday","FY2025","FQ4 2025"
20250428,2025-04-28 00:00:00.000,2025,2,False,2,"Q2",4,"April",18,"W18 2025",202518,103,False,0,"Monday","M","Weekday","FY2025","FQ4 2025"
20250429,2025-04-29 00:00:00.000,2025,2,False,2,"Q2",4,"April",18,"W18 2025",202518,103,False,1,"Tuesday","T​","Weekday","FY2025","FQ4 2025"
20250430,2025-04-30 00:00:00.000,2025,2,False,2,"Q2",4,"April",18,"W18 2025",202518,103,False,2,"Wednesday","W​​","Weekday","FY2025","FQ4 2025"
20250501,2025-05-01 00:00:00.000,2025,2,False,2,"Q2",5,"May",18,"W18 2025",202518,103,False,3,"Thursday","T​​​","Weekday","FY2025","FQ4 2025"
20250502,2025-05-02 00:00:00.000,2025,2,False,2,"Q2",5,"May",18,"W18 2025",202518,103,False,4,"Friday","F​​​​","Weekday","FY2025","FQ4 2025"
20250505,2025-05-05 00:00:00.000,2025,2,False,2,"Q2",5,"May",19,"W19 2025",202519,104,False,0,"Monday","M","Weekday","FY2025","FQ4 2025"
20250506,2025-05-06 00:00:00.000,2025,2,False,2,"Q2",5,"May",19,"W19 2025",202519,104,False,1,"Tuesday","T​","Weekday","FY2025","FQ4 2025"
20250507,2025-05-07 00:00:00.000,2025,2,False,2,"Q2",5,"May",19,"W19 2025",202519,104,False,2,"Wednesday","W​​","Weekday","FY2025","FQ4 2025"
20250508,2025-05-08 00:00:00.000,2025,2,False,2,"Q2",5,"May",19,"W19 2025",202519,104,False,3,"Thursday","T​​​","Weekday","FY2025","FQ4 2025"
20250509,2025-05-09 00:00:00.000,2025,2,False,2,"Q2",5,"May",19,"W19 2025",202519,104,False,4,"Friday","F​​​​","Weekday","FY2025","FQ4 2025"
20250512,2025-05-12 00:00:00.000,2025,2,False,2,"Q2",5,"May",20,"W20 2025",202520,105,False,0,"Monday","M","Weekday","FY2025","FQ4 2025"
20250513,2025-05-13 00:00:00.000,2025,2,False,2,"Q2",5,"May",20,"W20 2025",202520,105,False,1,"Tuesday","T​","Weekday","FY2025","FQ4 2025"
20250514,2025-05-14 00:00:00.000,2025,2,False,2,"Q2",5,"May",20,"W20 2025",202520,105,False,2,"Wednesday","W​​","Weekday","FY2025","FQ4 2025"
20250515,2025-05-15 00:00:00.000,2025,2,False,2,"Q2",5,"May",20,"W20 2025",202520,105,False,3,"Thursday","T​​​","Weekday","FY2025","FQ4 2025"
20250516,2025-05-16 00:00:00.000,2025,2,False,2,"Q2",5,"May",20,"W20 2025",202520,105,False,4,"Friday","F​​​​","Weekday","FY2025","FQ4 2025"
20250519,2025-05-19 00:00:00.000,2025,2,False,2,"Q2",5,"May",21,"W21 2025",202521,106,False,0,"Monday","M","Weekday","FY2025","FQ4 2025"
20250520,2025-05-20 00:00:00.000,2025,2,False,2,"Q2",5,"May",21,"W21 2025",202521,106,False,1,"Tuesday","T​","Weekday","FY2025","FQ4 2025"
20250521,2025-05-21 00:00:00.000,2025,2,False,2,"Q2",5,"May",21,"W21 2025",202521,106,False,2,"Wednesday","W​​","Weekday","FY2025","FQ4 2025"
20250522,2025-05-22 00:00:00.000,2025,2,False,2,"Q2",5,"May",21,"W21 2025",202521,106,False,3,"Thursday","T​​​","Weekday","FY2025","FQ4 2025"
20250523,2025-05-23 00:00:00.000,2025,2,False,2,"Q2",5,"May",21,"W21 2025",202521,106,False,4,"Friday","F​​​​","Weekday","FY2025","FQ4 2025"
20250526,2025-05-26 00:00:00.000,2025,2,False,2,"Q2",5,"May",22,"W22 2025",202522,107,False,0,"Monday","M","Weekday","FY2025","FQ4 2025"
20250527,2025-05-27 00:00:00.000,2025,2,False,2,"Q2",5,"May",22,"W22 2025",202522,107,False,1,"Tuesday","T​","Weekday","FY2025","FQ4 2025"
20250528,2025-05-28 00:00:00.000,2025,2,False,2,"Q2",5,"May",22,"W22 2025",202522,107,False,2,"Wednesday","W​​","Weekday","FY2025","FQ4 2025"
20250529,2025-05-29 00:00:00.000,2025,2,False,2,"Q2",5,"May",22,"W22 2025",202522,107,False,3,"Thursday","T​​​","Weekday","FY2025","FQ4 2025"
20250530,2025-05-30 00:00:00.000,2025,2,False,2,"Q2",5,"May",22,"W22 2025",202522,107,False,4,"Friday","F​​​​","Weekday","FY2025","FQ4 2025"
20250602,2025-06-02 00:00:00.000,2025,2,False,2,"Q2",6,"June",23,"W23 2025",202523,108,False,0,"Monday","M","Weekday","FY2025","FQ4 2025"
20250603,2025-06-03 00:00:00.000,2025,2,False,2,"Q2",6,"June",23,"W23 2025",202523,108,False,1,"Tuesday","T​","Weekday","FY2025","FQ4 2025"
20250604,2025-06-04 00:00:00.000,2025,2,False,2,"Q2",6,"June",23,"W23 2025",202523,108,False,2,"Wednesday","W​​","Weekday","FY2025","FQ4 2025"
20250605,2025-06-05 00:00:00.000,2025,2,False,2,"Q2",6,"June",23,"W23 2025",202523,108,False,3,"Thursday","T​​​","Weekday","FY2025","FQ4 2025"
20250606,2025-06-06 00:00:00.000,2025,2,False,2,"Q2",6,"June",23,"W23 2025",202523,108,False,4,"Friday","F​​​​","Weekday","FY2025","FQ4 2025"
20250609,2025-06-09 00:00:00.000,2025,2,False,2,"Q2",6,"June",24,"W24 2025",202524,109,False,0,"Monday","M","Weekday","FY2025","FQ4 2025"
20250610,2025-06-10 00:00:00.000,2025,2,False,2,"Q2",6,"June",24,"W24 2025",202524,109,False,1,"Tuesday","T​","Weekday","FY2025","FQ4 2025"
20250611,2025-06-11 00:00:00.000,2025,2,False,2,"Q2",6,"June",24,"W24 2025",202524,109,False,2,"Wednesday","W​​","Weekday","FY2025","FQ4 2025"
20250612,2025-06-12 00:00:00.000,2025,2,False,2,"Q2",6,"June",24,"W24 2025",202524,109,False,3,"Thursday","T​​​","Weekday","FY2025","FQ4 2025"
20250613,2025-06-13 00:00:00.000,2025,2,False,2,"Q2",6,"June",24,"W24 2025",202524,109,False,4,"Friday","F​​​​","Weekday","FY2025","FQ4 2025"
20250616,2025-06-16 00:00:00.000,2025,2,False,2,"Q2",6,"June",25,"W25 2025",202525,110,False,0,"Monday","M","Weekday","FY2025","FQ4 2025"
20250617,2025-06-17 00:00:00.000,2025,2,False,2,"Q2",6,"June",25,"W25 2025",202525,110,False,1,"Tuesday","T​","Weekday","FY2025","FQ4 2025"
20250618,2025-06-18 00:00:00.000,2025,2,False,2,"Q2",6,"June",25,"W25 2025",202525,110,False,2,"Wednesday","W​​","Weekday","FY2025","FQ4 2025"
20250619,2025-06-19 00:00:00.000,2025,2,False,2,"Q2",6,"June",25,"W25 2025",202525,110,False,3,"Thursday","T​​​","Weekday","FY2025","FQ4 2025"
20250620,2025-06-20 00:00:00.000,2025,2,False,2,"Q2",6,"June",25,"W25 2025",202525,110,False,4,"Friday","F​​​​","Weekday","FY2025","FQ4 2025"
20250623,2025-06-23 00:00:00.000,2025,2,False,2,"Q2",6,"June",26,"W26 2025",202526,111,False,0,"Monday","M","Weekday","FY2025","FQ4 2025"
20250624,2025-06-24 00:00:00.000,2025,2,False,2,"Q2",6,"June",26,"W26 2025",202526,111,False,1,"Tuesday","T​","Weekday","FY2025","FQ4 2025"
20250625,2025-06-25 00:00:00.000,2025,2,False,2,"Q2",6,"June",26,"W26 2025",202526,111,False,2,"Wednesday","W​​","Weekday","FY2025","FQ4 2025"
20250626,2025-06-26 00:00:00.000,2025,2,False,2,"Q2",6,"June",26,"W26 2025",202526,111,False,3,"Thursday","T​​​","Weekday","FY2025","FQ4 2025"
20250627,2025-06-27 00:00:00.000,2025,2,False,2,"Q2",6,"June",26,"W26 2025",202526,111,False,4,"Friday","F​​​​","Weekday","FY2025","FQ4 2025"
20250630,2025-06-30 00:00:00.000,2025,2,False,2,"Q2",6,"June",27,"W27 2025",202527,112,False,0,"Monday","M","Weekday","FY2025","FQ4 2025"
20241001,2024-10-01 00:00:00.000,2024,1,False,4,"Q4",10,"October",40,"W40 2024",202440,73,False,1,"Tuesday","T​","Weekday","FY2025","FQ2 2025"
20241002,2024-10-02 00:00:00.000,2024,1,False,4,"Q4",10,"October",40,"W40 2024",202440,73,False,2,"Wednesday","W​​","Weekday","FY2025","FQ2 2025"
20241003,2024-10-03 00:00:00.000,2024,1,False,4,"Q4",10,"October",40,"W40 2024",202440,73,False,3,"Thursday","T​​​","Weekday","FY2025","FQ2 2025"
20241004,2024-10-04 00:00:00.000,2024,1,False,4,"Q4",10,"October",40,"W40 2024",202440,73,False,4,"Friday","F​​​​","Weekday","FY2025","FQ2 2025"
20241007,2024-10-07 00:00:00.000,2024,1,False,4,"Q4",10,"October",41,"W41 2024",202441,74,False,0,"Monday","M","Weekday","FY2025","FQ2 2025"
20241008,2024-10-08 00:00:00.000,2024,1,False,4,"Q4",10,"October",41,"W41 2024",202441,74,False,1,"Tuesday","T​","Weekday","FY2025","FQ2 2025"
20241009,2024-10-09 00:00:00.000,2024,1,False,4,"Q4",10,"October",41,"W41 2024",202441,74,False,2,"Wednesday","W​​","Weekday","FY2025","FQ2 2025"
20241010,2024-10-10 00:00:00.000,2024,1,False,4,"Q4",10,"October",41,"W41 2024",202441,74,False,3,"Thursday","T​​​","Weekday","FY2025","FQ2 2025"
20241011,2024-10-11 00:00:00.000,2024,1,False,4,"Q4",10,"October",41,"W41 2024",202441,74,False,4,"Friday","F​​​​","Weekday","FY2025","FQ2 2025"
20241014,2024-10-14 00:00:00.000,2024,1,False,4,"Q4",10,"October",42,"W42 2024",202442,75,False,0,"Monday","M","Weekday","FY2025","FQ2 2025"
20241015,2024-10-15 00:00:00.000,2024,1,False,4,"Q4",10,"October",42,"W42 2024",202442,75,False,1,"Tuesday","T​","Weekday","FY2025","FQ2 2025"
20241016,2024-10-16 00:00:00.000,2024,1,False,4,"Q4",10,"October",42,"W42 2024",202442,75,False,2,"Wednesday","W​​","Weekday","FY2025","FQ2 2025"
20241017,2024-10-17 00:00:00.000,2024,1,False,4,"Q4",10,"October",42,"W42 2024",202442,75,False,3,"Thursday","T​​​","Weekday","FY2025","FQ2 2025"
20241018,2024-10-18 00:00:00.000,2024,1,False,4,"Q4",10,"October",42,"W42 2024",202442,75,False,4,"Friday","F​​​​","Weekday","FY2025","FQ2 2025"
20241021,2024-10-21 00:00:00.000,2024,1,False,4,"Q4",10,"October",43,"W43 2024",202443,76,False,0,"Monday","M","Weekday","FY2025","FQ2 2025"
20241022,2024-10-22 00:00:00.000,2024,1,False,4,"Q4",10,"October",43,"W43 2024",202443,76,False,1,"Tuesday","T​","Weekday","FY2025","FQ2 2025"
20241023,2024-10-23 00:00:00.000,2024,1,False,4,"Q4",10,"October",43,"W43 2024",202443,76,False,2,"Wednesday","W​​","Weekday","FY2025","FQ2 2025"
20241024,2024-10-24 00:00:00.000,2024,1,False,4,"Q4",10,"October",43,"W43 2024",202443,76,False,3,"Thursday","T​​​","Weekday","FY2025","FQ2 2025"
20241025,2024-10-25 00:00:00.000,2024,1,False,4,"Q4",10,"October",43,"W43 2024",202443,76,False,4,"Friday","F​​​​","Weekday","FY2025","FQ2 2025"
20241028,2024-10-28 00:00:00.000,2024,1,False,4,"Q4",10,"October",44,"W44 2024",202444,77,False,0,"Monday","M","Weekday","FY2025","FQ2 2025"
20241029,2024-10-29 00:00:00.000,2024,1,False,4,"Q4",10,"October",44,"W44 2024",202444,77,False,1,"Tuesday","T​","Weekday","FY2025","FQ2 2025"
20241030,2024-10-30 00:00:00.000,2024,1,False,4,"Q4",10,"October",44,"W44 2024",202444,77,False,2,"Wednesday","W​​","Weekday","FY2025","FQ2 2025"
20241031,2024-10-31 00:00:00.000,2024,1,False,4,"Q4",10,"October",44,"W44 2024",202444,77,False,3,"Thursday","T​​​","Weekday","FY2025","FQ2 2025"
20241101,2024-11-01 00:00:00.000,2024,1,False,4,"Q4",11,"November",44,"W44 2024",202444,77,False,4,"Friday","F​​​​","Weekday","FY2025","FQ2 2025"
20241104,2024-11-04 00:00:00.000,2024,1,False,4,"Q4",11,"November",45,"W45 2024",202445,78,False,0,"Monday","M","Weekday","FY2025","FQ2 2025"
20241105,2024-11-05 00:00:00.000,2024,1,False,4,"Q4",11,"November",45,"W45 2024",202445,78,False,1,"Tuesday","T​","Weekday","FY2025","FQ2 2025"
20241106,2024-11-06 00:00:00.000,2024,1,False,4,"Q4",11,"November",45,"W45 2024",202445,78,False,2,"Wednesday","W​​","Weekday","FY2025","FQ2 2025"
20241107,2024-11-07 00:00:00.000,2024,1,False,4,"Q4",11,"November",45,"W45 2024",202445,78,False,3,"Thursday","T​​​","Weekday","FY2025","FQ2 2025"
20241108,2024-11-08 00:00:00.000,2024,1,False,4,"Q4",11,"November",45,"W45 2024",202445,78,False,4,"Friday","F​​​​","Weekday","FY2025","FQ2 2025"
20241111,2024-11-11 00:00:00.000,2024,1,False,4,"Q4",11,"November",46,"W46 2024",202446,79,False,0,"Monday","M","Weekday","FY2025","FQ2 2025"
20241112,2024-11-12 00:00:00.000,2024,1,False,4,"Q4",11,"November",46,"W46 2024",202446,79,False,1,"Tuesday","T​","Weekday","FY2025","FQ2 2025"
20241113,2024-11-13 00:00:00.000,2024,1,False,4,"Q4",11,"November",46,"W46 2024",202446,79,False,2,"Wednesday","W​​","Weekday","FY2025","FQ2 2025"
20241114,2024-11-14 00:00:00.000,2024,1,False,4,"Q4",11,"November",46,"W46 2024",202446,79,False,3,"Thursday","T​​​","Weekday","FY2025","FQ2 2025"
20241115,2024-11-15 00:00:00.000,2024,1,False,4,"Q4",11,"November",46,"W46 2024",202446,79,False,4,"Friday","F​​​​","Weekday","FY2025","FQ2 2025"
20241118,2024-11-18 00:00:00.000,2024,1,False,4,"Q4",11,"November",47,"W47 2024",202447,80,False,0,"Monday","M","Weekday","FY2025","FQ2 2025"
20241119,2024-11-19 00:00:00.000,2024,1,False,4,"Q4",11,"November",47,"W47 2024",202447,80,False,1,"Tuesday","T​","Weekday","FY2025","FQ2 2025"
20241120,2024-11-20 00:00:00.000,2024,1,False,4,"Q4",11,"November",47,"W47 2024",202447,80,False,2,"Wednesday","W​​","Weekday","FY2025","FQ2 2025"
20241121,2024-11-21 00:00:00.000,2024,1,False,4,"Q4",11,"November",47,"W47 2024",202447,80,False,3,"Thursday","T​​​","Weekday","FY2025","FQ2 2025"
20241122,2024-11-22 00:00:00.000,2024,1,False,4,"Q4",11,"November",47,"W47 2024",202447,80,False,4,"Friday","F​​​​","Weekday","FY2025","FQ2 2025"
20241125,2024-11-25 00:00:00.000,2024,1,False,4,"Q4",11,"November",48,"W48 2024",202448,81,False,0,"Monday","M","Weekday","FY2025","FQ2 2025"
20241126,2024-11-26 00:00:00.000,2024,1,False,4,"Q4",11,"November",48,"W48 2024",202448,81,False,1,"Tuesday","T​","Weekday","FY2025","FQ2 2025"
20241127,2024-11-27 00:00:00.000,2024,1,False,4,"Q4",11,"November",48,"W48 2024",202448,81,False,2,"Wednesday","W​​","Weekday","FY2025","FQ2 2025"
20241128,2024-11-28 00:00:00.000,2024,1,False,4,"Q4",11,"November",48,"W48 2024",202448,81,False,3,"Thursday","T​​​","Weekday","FY2025","FQ2 2025"
20241129,2024-11-29 00:00:00.000,2024,1,False,4,"Q4",11,"November",48,"W48 2024",202448,81,False,4,"Friday","F​​​​","Weekday","FY2025","FQ2 2025"
20241202,2024-12-02 00:00:00.000,2024,1,False,4,"Q4",12,"December",49,"W49 2024",202449,82,False,0,"Monday","M","Weekday","FY2025","FQ2 2025"
20241203,2024-12-03 00:00:00.000,2024,1,False,4,"Q4",12,"December",49,"W49 2024",202449,82,False,1,"Tuesday","T​","Weekday","FY2025","FQ2 2025"
20241204,2024-12-04 00:00:00.000,2024,1,False,4,"Q4",12,"December",49,"W49 2024",202449,82,False,2,"Wednesday","W​​","Weekday","FY2025","FQ2 2025"
20241205,2024-12-05 00:00:00.000,2024,1,False,4,"Q4",12,"December",49,"W49 2024",202449,82,False,3,"Thursday","T​​​","Weekday","FY2025","FQ2 2025"
20241206,2024-12-06 00:00:00.000,2024,1,False,4,"Q4",12,"December",49,"W49 2024",202449,82,False,4,"Friday","F​​​​","Weekday","FY2025","FQ2 2025"
20241209,2024-12-09 00:00:00.000,2024,1,False,4,"Q4",12,"December",50,"W50 2024",202450,83,False,0,"Monday","M","Weekday","FY2025","FQ2 2025"
20241210,2024-12-10 00:00:00.000,2024,1,False,4,"Q4",12,"December",50,"W50 2024",202450,83,False,1,"Tuesday","T​","Weekday","FY2025","FQ2 2025"
20241211,2024-12-11 00:00:00.000,2024,1,False,4,"Q4",12,"December",50,"W50 2024",202450,83,False,2,"Wednesday","W​​","Weekday","FY2025","FQ2 2025"
20241212,2024-12-12 00:00:00.000,2024,1,False,4,"Q4",12,"December",50,"W50 2024",202450,83,False,3,"Thursday","T​​​","Weekday","FY2025","FQ2 2025"
20241213,2024-12-13 00:00:00.000,2024,1,False,4,"Q4",12,"December",50,"W50 2024",202450,83,False,4,"Friday","F​​​​","Weekday","FY2025","FQ2 2025"
20241216,2024-12-16 00:00:00.000,2024,1,False,4,"Q4",12,"December",51,"W51 2024",202451,84,False,0,"Monday","M","Weekday","FY2025","FQ2 2025"
20241217,2024-12-17 00:00:00.000,2024,1,False,4,"Q4",12,"December",51,"W51 2024",202451,84,False,1,"Tuesday","T​","Weekday","FY2025","FQ2 2025"
20241218,2024-12-18 00:00:00.000,2024,1,False,4,"Q4",12,"December",51,"W51 2024",202451,84,False,2,"Wednesday","W​​","Weekday","FY2025","FQ2 2025"
20241219,2024-12-19 00:00:00.000,2024,1,False,4,"Q4",12,"December",51,"W51 2024",202451,84,False,3,"Thursday","T​​​","Weekday","FY2025","FQ2 2025"
20241220,2024-12-20 00:00:00.000,2024,1,False,4,"Q4",12,"December",51,"W51 2024",202451,84,False,4,"Friday","F​​​​","Weekday","FY2025","FQ2 2025"
20241223,2024-12-23 00:00:00.000,2024,1,False,4,"Q4",12,"December",52,"W52 2024",202452,85,False,0,"Monday","M","Weekday","FY2025","FQ2 2025"
20241224,2024-12-24 00:00:00.000,2024,1,False,4,"Q4",12,"December",52,"W52 2024",202452,85,False,1,"Tuesday","T​","Weekday","FY2025","FQ2 2025"
20241225,2024-12-25 00:00:00.000,2024,1,False,4,"Q4",12,"December",52,"W52 2024",202452,85,False,2,"Wednesday","W​​","Weekday","FY2025","FQ2 2025"
20241226,2024-12-26 00:00:00.000,2024,1,False,4,"Q4",12,"December",52,"W52 2024",202452,85,False,3,"Thursday","T​​​","Weekday","FY2025","FQ2 2025"
20241227,2024-12-27 00:00:00.000,2024,1,False,4,"Q4",12,"December",52,"W52 2024",202452,85,False,4,"Friday","F​​​​","Weekday","FY2025","FQ2 2025"
20241230,2024-12-30 00:00:00.000,2024,1,False,4,"Q4",12,"December",1,"W01 2025",202501,86,False,0,"Monday","M","Weekday","FY2025","FQ2 2025"
20241231,2024-12-31 00:00:00.000,2024,1,False,4,"Q4",12,"December",1,"W01 2025",202501,86,False,1,"Tuesday","T​","Weekday","FY2025","FQ2 2025"
20240701,2024-07-01 00:00:00.000,2024,1,False,3,"Q3",7,"July",27,"W27 2024",202427,60,False,0,"Monday","M","Weekday","FY2025","FQ1 2025"
20240702,2024-07-02 00:00:00.000,2024,1,False,3,"Q3",7,"July",27,"W27 2024",202427,60,False,1,"Tuesday","T​","Weekday","FY2025","FQ1 2025"
20240703,2024-07-03 00:00:00.000,2024,1,False,3,"Q3",7,"July",27,"W27 2024",202427,60,False,2,"Wednesday","W​​","Weekday","FY2025","FQ1 2025"
20240704,2024-07-04 00:00:00.000,2024,1,False,3,"Q3",7,"July",27,"W27 2024",202427,60,False,3,"Thursday","T​​​","Weekday","FY2025","FQ1 2025"
20240705,2024-07-05 00:00:00.000,2024,1,False,3,"Q3",7,"July",27,"W27 2024",202427,60,False,4,"Friday","F​​​​","Weekday","FY2025","FQ1 2025"
20240708,2024-07-08 00:00:00.000,2024,1,False,3,"Q3",7,"July",28,"W28 2024",202428,61,False,0,"Monday","M","Weekday","FY2025","FQ1 2025"
20240709,2024-07-09 00:00:00.000,2024,1,False,3,"Q3",7,"July",28,"W28 2024",202428,61,False,1,"Tuesday","T​","Weekday","FY2025","FQ1 2025"
20240710,2024-07-10 00:00:00.000,2024,1,False,3,"Q3",7,"July",28,"W28 2024",202428,61,False,2,"Wednesday","W​​","Weekday","FY2025","FQ1 2025"
20240711,2024-07-11 00:00:00.000,2024,1,False,3,"Q3",7,"July",28,"W28 2024",202428,61,False,3,"Thursday","T​​​","Weekday","FY2025","FQ1 2025"
20240712,2024-07-12 00:00:00.000,2024,1,False,3,"Q3",7,"July",28,"W28 2024",202428,61,False,4,"Friday","F​​​​","Weekday","FY2025","FQ1 2025"
20240715,2024-07-15 00:00:00.000,2024,1,False,3,"Q3",7,"July",29,"W29 2024",202429,62,False,0,"Monday","M","Weekday","FY2025","FQ1 2025"
20240716,2024-07-16 00:00:00.000,2024,1,False,3,"Q3",7,"July",29,"W29 2024",202429,62,False,1,"Tuesday","T​","Weekday","FY2025","FQ1 2025"
20240717,2024-07-17 00:00:00.000,2024,1,False,3,"Q3",7,"July",29,"W29 2024",202429,62,False,2,"Wednesday","W​​","Weekday","FY2025","FQ1 2025"
20240718,2024-07-18 00:00:00.000,2024,1,False,3,"Q3",7,"July",29,"W29 2024",202429,62,False,3,"Thursday","T​​​","Weekday","FY2025","FQ1 2025"
20240719,2024-07-19 00:00:00.000,2024,1,False,3,"Q3",7,"July",29,"W29 2024",202429,62,False,4,"Friday","F​​​​","Weekday","FY2025","FQ1 2025"
20240722,2024-07-22 00:00:00.000,2024,1,False,3,"Q3",7,"July",30,"W30 2024",202430,63,False,0,"Monday","M","Weekday","FY2025","FQ1 2025"
20240723,2024-07-23 00:00:00.000,2024,1,False,3,"Q3",7,"July",30,"W30 2024",202430,63,False,1,"Tuesday","T​","Weekday","FY2025","FQ1 2025"
20240724,2024-07-24 00:00:00.000,2024,1,False,3,"Q3",7,"July",30,"W30 2024",202430,63,False,2,"Wednesday","W​​","Weekday","FY2025","FQ1 2025"
20240725,2024-07-25 00:00:00.000,2024,1,False,3,"Q3",7,"July",30,"W30 2024",202430,63,False,3,"Thursday","T​​​","Weekday","FY2025","FQ1 2025"
20240726,2024-07-26 00:00:00.000,2024,1,False,3,"Q3",7,"July",30,"W30 2024",202430,63,False,4,"Friday","F​​​​","Weekday","FY2025","FQ1 2025"
20240729,2024-07-29 00:00:00.000,2024,1,False,3,"Q3",7,"July",31,"W31 2024",202431,64,False,0,"Monday","M","Weekday","FY2025","FQ1 2025"
20240730,2024-07-30 00:00:00.000,2024,1,False,3,"Q3",7,"July",31,"W31 2024",202431,64,False,1,"Tuesday","T​","Weekday","FY2025","FQ1 2025"
20240731,2024-07-31 00:00:00.000,2024,1,False,3,"Q3",7,"July",31,"W31 2024",202431,64,False,2,"Wednesday","W​​","Weekday","FY2025","FQ1 2025"
20240801,2024-08-01 00:00:00.000,2024,1,False,3,"Q3",8,"August",31,"W31 2024",202431,64,False,3,"Thursday","T​​​","Weekday","FY2025","FQ1 2025"
20240802,2024-08-02 00:00:00.000,2024,1,False,3,"Q3",8,"August",31,"W31 2024",202431,64,False,4,"Friday","F​​​​","Weekday","FY2025","FQ1 2025"
20240805,2024-08-05 00:00:00.000,2024,1,False,3,"Q3",8,"August",32,"W32 2024",202432,65,False,0,"Monday","M","Weekday","FY2025","FQ1 2025"
20240806,2024-08-06 00:00:00.000,2024,1,False,3,"Q3",8,"August",32,"W32 2024",202432,65,False,1,"Tuesday","T​","Weekday","FY2025","FQ1 2025"
20240807,2024-08-07 00:00:00.000,2024,1,False,3,"Q3",8,"August",32,"W32 2024",202432,65,False,2,"Wednesday","W​​","Weekday","FY2025","FQ1 2025"
20240808,2024-08-08 00:00:00.000,2024,1,False,3,"Q3",8,"August",32,"W32 2024",202432,65,False,3,"Thursday","T​​​","Weekday","FY2025","FQ1 2025"
20240809,2024-08-09 00:00:00.000,2024,1,False,3,"Q3",8,"August",32,"W32 2024",202432,65,False,4,"Friday","F​​​​","Weekday","FY2025","FQ1 2025"
20240812,2024-08-12 00:00:00.000,2024,1,False,3,"Q3",8,"August",33,"W33 2024",202433,66,False,0,"Monday","M","Weekday","FY2025","FQ1 2025"
20240813,2024-08-13 00:00:00.000,2024,1,False,3,"Q3",8,"August",33,"W33 2024",202433,66,False,1,"Tuesday","T​","Weekday","FY2025","FQ1 2025"
20240814,2024-08-14 00:00:00.000,2024,1,False,3,"Q3",8,"August",33,"W33 2024",202433,66,False,2,"Wednesday","W​​","Weekday","FY2025","FQ1 2025"
20240815,2024-08-15 00:00:00.000,2024,1,False,3,"Q3",8,"August",33,"W33 2024",202433,66,False,3,"Thursday","T​​​","Weekday","FY2025","FQ1 2025"
20240816,2024-08-16 00:00:00.000,2024,1,False,3,"Q3",8,"August",33,"W33 2024",202433,66,False,4,"Friday","F​​​​","Weekday","FY2025","FQ1 2025"
20240819,2024-08-19 00:00:00.000,2024,1,False,3,"Q3",8,"August",34,"W34 2024",202434,67,False,0,"Monday","M","Weekday","FY2025","FQ1 2025"
20240820,2024-08-20 00:00:00.000,2024,1,False,3,"Q3",8,"August",34,"W34 2024",202434,67,False,1,"Tuesday","T​","Weekday","FY2025","FQ1 2025"
20240821,2024-08-21 00:00:00.000,2024,1,False,3,"Q3",8,"August",34,"W34 2024",202434,67,False,2,"Wednesday","W​​","Weekday","FY2025","FQ1 2025"
20240822,2024-08-22 00:00:00.000,2024,1,False,3,"Q3",8,"August",34,"W34 2024",202434,67,False,3,"Thursday","T​​​","Weekday","FY2025","FQ1 2025"
20240823,2024-08-23 00:00:00.000,2024,1,False,3,"Q3",8,"August",34,"W34 2024",202434,67,False,4,"Friday","F​​​​","Weekday","FY2025","FQ1 2025"
20240826,2024-08-26 00:00:00.000,2024,1,False,3,"Q3",8,"August",35,"W35 2024",202435,68,False,0,"Monday","M","Weekday","FY2025","FQ1 2025"
20240827,2024-08-27 00:00:00.000,2024,1,False,3,"Q3",8,"August",35,"W35 2024",202435,68,False,1,"Tuesday","T​","Weekday","FY2025","FQ1 2025"
20240828,2024-08-28 00:00:00.000,2024,1,False,3,"Q3",8,"August",35,"W35 2024",202435,68,False,2,"Wednesday","W​​","Weekday","FY2025","FQ1 2025"
20240829,2024-08-29 00:00:00.000,2024,1,False,3,"Q3",8,"August",35,"W35 2024",202435,68,False,3,"Thursday","T​​​","Weekday","FY2025","FQ1 2025"
20240830,2024-08-30 00:00:00.000,2024,1,False,3,"Q3",8,"August",35,"W35 2024",202435,68,False,4,"Friday","F​​​​","Weekday","FY2025","FQ1 2025"
20240902,2024-09-02 00:00:00.000,2024,1,False,3,"Q3",9,"September",36,"W36 2024",202436,69,False,0,"Monday","M","Weekday","FY2025","FQ1 2025"
20240903,2024-09-03 00:00:00.000,2024,1,False,3,"Q3",9,"September",36,"W36 2024",202436,69,False,1,"Tuesday","T​","Weekday","FY2025","FQ1 2025"
20240904,2024-09-04 00:00:00.000,2024,1,False,3,"Q3",9,"September",36,"W36 2024",202436,69,False,2,"Wednesday","W​​","Weekday","FY2025","FQ1 2025"
20240905,2024-09-05 00:00:00.000,2024,1,False,3,"Q3",9,"September",36,"W36 2024",202436,69,False,3,"Thursday","T​​​","Weekday","FY2025","FQ1 2025"
20240906,2024-09-06 00:00:00.000,2024,1,False,3,"Q3",9,"September",36,"W36 2024",202436,69,False,4,"Friday","F​​​​","Weekday","FY2025","FQ1 2025"
20240909,2024-09-09 00:00:00.000,2024,1,False,3,"Q3",9,"September",37,"W37 2024",202437,70,False,0,"Monday","M","Weekday","FY2025","FQ1 2025"
20240910,2024-09-10 00:00:00.000,2024,1,False,3,"Q3",9,"September",37,"W37 2024",202437,70,False,1,"Tuesday","T​","Weekday","FY2025","FQ1 2025"
20240911,2024-09-11 00:00:00.000,2024,1,False,3,"Q3",9,"September",37,"W37 2024",202437,70,False,2,"Wednesday","W​​","Weekday","FY2025","FQ1 2025"
20240912,2024-09-12 00:00:00.000,2024,1,False,3,"Q3",9,"September",37,"W37 2024",202437,70,False,3,"Thursday","T​​​","Weekday","FY2025","FQ1 2025"
20240913,2024-09-13 00:00:00.000,2024,1,False,3,"Q3",9,"September",37,"W37 2024",202437,70,False,4,"Friday","F​​​​","Weekday","FY2025","FQ1 2025"
20240916,2024-09-16 00:00:00.000,2024,1,False,3,"Q3",9,"September",38,"W38 2024",202438,71,False,0,"Monday","M","Weekday","FY2025","FQ1 2025"
20240917,2024-09-17 00:00:00.000,2024,1,False,3,"Q3",9,"September",38,"W38 2024",202438,71,False,1,"Tuesday","T​","Weekday","FY2025","FQ1 2025"
20240918,2024-09-18 00:00:00.000,2024,1,False,3,"Q3",9,"September",38,"W38 2024",202438,71,False,2,"Wednesday","W​​","Weekday","FY2025","FQ1 2025"
20240919,2024-09-19 00:00:00.000,2024,1,False,3,"Q3",9,"September",38,"W38 2024",202438,71,False,3,"Thursday","T​​​","Weekday","FY2025","FQ1 2025"
20240920,2024-09-20 00:00:00.000,2024,1,False,3,"Q3",9,"September",38,"W38 2024",202438,71,False,4,"Friday","F​​​​","Weekday","FY2025","FQ1 2025"
20240923,2024-09-23 00:00:00.000,2024,1,False,3,"Q3",9,"September",39,"W39 2024",202439,72,False,0,"Monday","M","Weekday","FY2025","FQ1 2025"
20240924,2024-09-24 00:00:00.000,2024,1,False,3,"Q3",9,"September",39,"W39 2024",202439,72,False,1,"Tuesday","T​","Weekday","FY2025","FQ1 2025"
20240925,2024-09-25 00:00:00.000,2024,1,False,3,"Q3",9,"September",39,"W39 2024",202439,72,False,2,"Wednesday","W​​","Weekday","FY2025","FQ1 2025"
20240926,2024-09-26 00:00:00.000,2024,1,False,3,"Q3",9,"September",39,"W39 2024",202439,72,False,3,"Thursday","T​​​","Weekday","FY2025","FQ1 2025"
20240927,2024-09-27 00:00:00.000,2024,1,False,3,"Q3",9,"September",39,"W39 2024",202439,72,False,4,"Friday","F​​​​","Weekday","FY2025","FQ1 2025"
20240930,2024-09-30 00:00:00.000,2024,1,False,3,"Q3",9,"September",40,"W40 2024",202440,73,False,0,"Monday","M","Weekday","FY2025","FQ1 2025"
20230514,2023-05-14 00:00:00.000,2023,0,False,2,"Q2",5,"May",19,"W19 2023",202319,0,False,6,"Sunday","S​​​​​​","Weekend","FY2023","FQ4 2023"
20230521,2023-05-21 00:00:00.000,2023,0,False,2,"Q2",5,"May",20,"W20 2023",202320,1,False,6,"Sunday","S​​​​​​","Weekend","FY2023","FQ4 2023"
20230528,2023-05-28 00:00:00.000,2023,0,False,2,"Q2",5,"May",21,"W21 2023",202321,2,False,6,"Sunday","S​​​​​​","Weekend","FY2023","FQ4 2023"
20230604,2023-06-04 00:00:00.000,2023,0,False,2,"Q2",6,"June",22,"W22 2023",202322,3,False,6,"Sunday","S​​​​​​","Weekend","FY2023","FQ4 2023"
20230611,2023-06-11 00:00:00.000,2023,0,False,2,"Q2",6,"June",23,"W23 2023",202323,4,False,6,"Sunday","S​​​​​​","Weekend","FY2023","FQ4 2023"
20230618,2023-06-18 00:00:00.000,2023,0,False,2,"Q2",6,"June",24,"W24 2023",202324,5,False,6,"Sunday","S​​​​​​","Weekend","FY2023","FQ4 2023"
20230625,2023-06-25 00:00:00.000,2023,0,False,2,"Q2",6,"June",25,"W25 2023",202325,6,False,6,"Sunday","S​​​​​​","Weekend","FY2023","FQ4 2023"
20230702,2023-07-02 00:00:00.000,2023,0,False,3,"Q3",7,"July",26,"W26 2023",202326,7,False,6,"Sunday","S​​​​​​","Weekend","FY2024","FQ1 2024"
20230709,2023-07-09 00:00:00.000,2023,0,False,3,"Q3",7,"July",27,"W27 2023",202327,8,False,6,"Sunday","S​​​​​​","Weekend","FY2024","FQ1 2024"
20230716,2023-07-16 00:00:00.000,2023,0,False,3,"Q3",7,"July",28,"W28 2023",202328,9,False,6,"Sunday","S​​​​​​","Weekend","FY2024","FQ1 2024"
20230723,2023-07-23 00:00:00.000,2023,0,False,3,"Q3",7,"July",29,"W29 2023",202329,10,False,6,"Sunday","S​​​​​​","Weekend","FY2024","FQ1 2024"
20230730,2023-07-30 00:00:00.000,2023,0,False,3,"Q3",7,"July",30,"W30 2023",202330,11,False,6,"Sunday","S​​​​​​","Weekend","FY2024","FQ1 2024"
20230806,2023-08-06 00:00:00.000,2023,0,False,3,"Q3",8,"August",31,"W31 2023",202331,12,False,6,"Sunday","S​​​​​​","Weekend","FY2024","FQ1 2024"
20230813,2023-08-13 00:00:00.000,2023,0,False,3,"Q3",8,"August",32,"W32 2023",202332,13,False,6,"Sunday","S​​​​​​","Weekend","FY2024","FQ1 2024"
20230820,2023-08-20 00:00:00.000,2023,0,False,3,"Q3",8,"August",33,"W33 2023",202333,14,False,6,"Sunday","S​​​​​​","Weekend","FY2024","FQ1 2024"
20230827,2023-08-27 00:00:00.000,2023,0,False,3,"Q3",8,"August",34,"W34 2023",202334,15,False,6,"Sunday","S​​​​​​","Weekend","FY2024","FQ1 2024"
20230903,2023-09-03 00:00:00.000,2023,0,False,3,"Q3",9,"September",35,"W35 2023",202335,16,False,6,"Sunday","S​​​​​​","Weekend","FY2024","FQ1 2024"
20230910,2023-09-10 00:00:00.000,2023,0,False,3,"Q3",9,"September",36,"W36 2023",202336,17,False,6,"Sunday","S​​​​​​","Weekend","FY2024","FQ1 2024"
20230917,2023-09-17 00:00:00.000,2023,0,False,3,"Q3",9,"September",37,"W37 2023",202337,18,False,6,"Sunday","S​​​​​​","Weekend","FY2024","FQ1 2024"
20230924,2023-09-24 00:00:00.000,2023,0,False,3,"Q3",9,"September",38,"W38 2023",202338,19,False,6,"Sunday","S​​​​​​","Weekend","FY2024","FQ1 2024"
20231001,2023-10-01 00:00:00.000,2023,0,False,4,"Q4",10,"October",39,"W39 2023",202339,20,False,6,"Sunday","S​​​​​​","Weekend","FY2024","FQ2 2024"
20231008,2023-10-08 00:00:00.000,2023,0,False,4,"Q4",10,"October",40,"W40 2023",202340,21,False,6,"Sunday","S​​​​​​","Weekend","FY2024","FQ2 2024"
20231015,2023-10-15 00:00:00.000,2023,0,False,4,"Q4",10,"October",41,"W41 2023",202341,22,False,6,"Sunday","S​​​​​​","Weekend","FY2024","FQ2 2024"
20231022,2023-10-22 00:00:00.000,2023,0,False,4,"Q4",10,"October",42,"W42 2023",202342,23,False,6,"Sunday","S​​​​​​","Weekend","FY2024","FQ2 2024"
20231029,2023-10-29 00:00:00.000,2023,0,False,4,"Q4",10,"October",43,"W43 2023",202343,24,False,6,"Sunday","S​​​​​​","Weekend","FY2024","FQ2 2024"
20231105,2023-11-05 00:00:00.000,2023,0,False,4,"Q4",11,"November",44,"W44 2023",202344,25,False,6,"Sunday","S​​​​​​","Weekend","FY2024","FQ2 2024"
20231112,2023-11-12 00:00:00.000,2023,0,False,4,"Q4",11,"November",45,"W45 2023",202345,26,False,6,"Sunday","S​​​​​​","Weekend","FY2024","FQ2 2024"
20231119,2023-11-19 00:00:00.000,2023,0,False,4,"Q4",11,"November",46,"W46 2023",202346,27,False,6,"Sunday","S​​​​​​","Weekend","FY2024","FQ2 2024"
20231126,2023-11-26 00:00:00.000,2023,0,False,4,"Q4",11,"November",47,"W47 2023",202347,28,False,6,"Sunday","S​​​​​​","Weekend","FY2024","FQ2 2024"
20231203,2023-12-03 00:00:00.000,2023,0,False,4,"Q4",12,"December",48,"W48 2023",202348,29,False,6,"Sunday","S​​​​​​","Weekend","FY2024","FQ2 2024"
20231210,2023-12-10 00:00:00.000,2023,0,False,4,"Q4",12,"December",49,"W49 2023",202349,30,False,6,"Sunday","S​​​​​​","Weekend","FY2024","FQ2 2024"
20231217,2023-12-17 00:00:00.000,2023,0,False,4,"Q4",12,"December",50,"W50 2023",202350,31,False,6,"Sunday","S​​​​​​","Weekend","FY2024","FQ2 2024"
20231224,2023-12-24 00:00:00.000,2023,0,False,4,"Q4",12,"December",51,"W51 2023",202351,32,False,6,"Sunday","S​​​​​​","Weekend","FY2024","FQ2 2024"
20231231,2023-12-31 00:00:00.000,2023,0,False,4,"Q4",12,"December",52,"W52 2023",202352,33,False,6,"Sunday","S​​​​​​","Weekend","FY2024","FQ2 2024"
20240107,2024-01-07 00:00:00.000,2024,1,False,1,"Q1",1,"January",1,"W01 2024",202401,34,False,6,"Sunday","S​​​​​​","Weekend","FY2024","FQ3 2024"
20240114,2024-01-14 00:00:00.000,2024,1,False,1,"Q1",1,"January",2,"W02 2024",202402,35,False,6,"Sunday","S​​​​​​","Weekend","FY2024","FQ3 2024"
20240121,2024-01-21 00:00:00.000,2024,1,False,1,"Q1",1,"January",3,"W03 2024",202403,36,False,6,"Sunday","S​​​​​​","Weekend","FY2024","FQ3 2024"
20240128,2024-01-28 00:00:00.000,2024,1,False,1,"Q1",1,"January",4,"W04 2024",202404,37,False,6,"Sunday","S​​​​​​","Weekend","FY2024","FQ3 2024"
20240204,2024-02-04 00:00:00.000,2024,1,False,1,"Q1",2,"February",5,"W05 2024",202405,38,False,6,"Sunday","S​​​​​​","Weekend","FY2024","FQ3 2024"
20240211,2024-02-11 00:00:00.000,2024,1,False,1,"Q1",2,"February",6,"W06 2024",202406,39,False,6,"Sunday","S​​​​​​","Weekend","FY2024","FQ3 2024"
20240218,2024-02-18 00:00:00.000,2024,1,False,1,"Q1",2,"February",7,"W07 2024",202407,40,False,6,"Sunday","S​​​​​​","Weekend","FY2024","FQ3 2024"
20240225,2024-02-25 00:00:00.000,2024,1,False,1,"Q1",2,"February",8,"W08 2024",202408,41,False,6,"Sunday","S​​​​​​","Weekend","FY2024","FQ3 2024"
20240303,2024-03-03 00:00:00.000,2024,1,False,1,"Q1",3,"March",9,"W09 2024",202409,42,False,6,"Sunday","S​​​​​​","Weekend","FY2024","FQ3 2024"
20240310,2024-03-10 00:00:00.000,2024,1,False,1,"Q1",3,"March",10,"W10 2024",202410,43,False,6,"Sunday","S​​​​​​","Weekend","FY2024","FQ3 2024"
20240317,2024-03-17 00:00:00.000,2024,1,False,1,"Q1",3,"March",11,"W11 2024",202411,44,False,6,"Sunday","S​​​​​​","Weekend","FY2024","FQ3 2024"
20240324,2024-03-24 00:00:00.000,2024,1,False,1,"Q1",3,"March",12,"W12 2024",202412,45,False,6,"Sunday","S​​​​​​","Weekend","FY2024","FQ3 2024"
20240331,2024-03-31 00:00:00.000,2024,1,False,1,"Q1",3,"March",13,"W13 2024",202413,46,False,6,"Sunday","S​​​​​​","Weekend","FY2024","FQ3 2024"
20240407,2024-04-07 00:00:00.000,2024,1,False,2,"Q2",4,"April",14,"W14 2024",202414,47,False,6,"Sunday","S​​​​​​","Weekend","FY2024","FQ4 2024"
20240414,2024-04-14 00:00:00.000,2024,1,False,2,"Q2",4,"April",15,"W15 2024",202415,48,False,6,"Sunday","S​​​​​​","Weekend","FY2024","FQ4 2024"
20240421,2024-04-21 00:00:00.000,2024,1,False,2,"Q2",4,"April",16,"W16 2024",202416,49,False,6,"Sunday","S​​​​​​","Weekend","FY2024","FQ4 2024"
20240428,2024-04-28 00:00:00.000,2024,1,False,2,"Q2",4,"April",17,"W17 2024",202417,50,False,6,"Sunday","S​​​​​​","Weekend","FY2024","FQ4 2024"
20240505,2024-05-05 00:00:00.000,2024,1,False,2,"Q2",5,"May",18,"W18 2024",202418,51,False,6,"Sunday","S​​​​​​","Weekend","FY2024","FQ4 2024"
20240512,2024-05-12 00:00:00.000,2024,1,False,2,"Q2",5,"May",19,"W19 2024",202419,52,False,6,"Sunday","S​​​​​​","Weekend","FY2024","FQ4 2024"
20240519,2024-05-19 00:00:00.000,2024,1,False,2,"Q2",5,"May",20,"W20 2024",202420,53,False,6,"Sunday","S​​​​​​","Weekend","FY2024","FQ4 2024"
20240526,2024-05-26 00:00:00.000,2024,1,False,2,"Q2",5,"May",21,"W21 2024",202421,54,False,6,"Sunday","S​​​​​​","Weekend","FY2024","FQ4 2024"
20240602,2024-06-02 00:00:00.000,2024,1,False,2,"Q2",6,"June",22,"W22 2024",202422,55,False,6,"Sunday","S​​​​​​","Weekend","FY2024","FQ4 2024"
20240609,2024-06-09 00:00:00.000,2024,1,False,2,"Q2",6,"June",23,"W23 2024",202423,56,False,6,"Sunday","S​​​​​​","Weekend","FY2024","FQ4 2024"
20240616,2024-06-16 00:00:00.000,2024,1,False,2,"Q2",6,"June",24,"W24 2024",202424,57,False,6,"Sunday","S​​​​​​","Weekend","FY2024","FQ4 2024"
20240623,2024-06-23 00:00:00.000,2024,1,False,2,"Q2",6,"June",25,"W25 2024",202425,58,False,6,"Sunday","S​​​​​​","Weekend","FY2024","FQ4 2024"
20240630,2024-06-30 00:00:00.000,2024,1,False,2,"Q2",6,"June",26,"W26 2024",202426,59,False,6,"Sunday","S​​​​​​","Weekend","FY2024","FQ4 2024"
20240707,2024-07-07 00:00:00.000,2024,1,False,3,"Q3",7,"July",27,"W27 2024",202427,60,False,6,"Sunday","S​​​​​​","Weekend","FY2025","FQ1 2025"
20240714,2024-07-14 00:00:00.000,2024,1,False,3,"Q3",7,"July",28,"W28 2024",202428,61,False,6,"Sunday","S​​​​​​","Weekend","FY2025","FQ1 2025"
20240721,2024-07-21 00:00:00.000,2024,1,False,3,"Q3",7,"July",29,"W29 2024",202429,62,False,6,"Sunday","S​​​​​​","Weekend","FY2025","FQ1 2025"
20240728,2024-07-28 00:00:00.000,2024,1,False,3,"Q3",7,"July",30,"W30 2024",202430,63,False,6,"Sunday","S​​​​​​","Weekend","FY2025","FQ1 2025"
20240804,2024-08-04 00:00:00.000,2024,1,False,3,"Q3",8,"August",31,"W31 2024",202431,64,False,6,"Sunday","S​​​​​​","Weekend","FY2025","FQ1 2025"
20240811,2024-08-11 00:00:00.000,2024,1,False,3,"Q3",8,"August",32,"W32 2024",202432,65,False,6,"Sunday","S​​​​​​","Weekend","FY2025","FQ1 2025"
20240818,2024-08-18 00:00:00.000,2024,1,False,3,"Q3",8,"August",33,"W33 2024",202433,66,False,6,"Sunday","S​​​​​​","Weekend","FY2025","FQ1 2025"
20240825,2024-08-25 00:00:00.000,2024,1,False,3,"Q3",8,"August",34,"W34 2024",202434,67,False,6,"Sunday","S​​​​​​","Weekend","FY2025","FQ1 2025"
20240901,2024-09-01 00:00:00.000,2024,1,False,3,"Q3",9,"September",35,"W35 2024",202435,68,False,6,"Sunday","S​​​​​​","Weekend","FY2025","FQ1 2025"
20240908,2024-09-08 00:00:00.000,2024,1,False,3,"Q3",9,"September",36,"W36 2024",202436,69,False,6,"Sunday","S​​​​​​","Weekend","FY2025","FQ1 2025"
20240915,2024-09-15 00:00:00.000,2024,1,False,3,"Q3",9,"September",37,"W37 2024",202437,70,False,6,"Sunday","S​​​​​​","Weekend","FY2025","FQ1 2025"
20240922,2024-09-22 00:00:00.000,2024,1,False,3,"Q3",9,"September",38,"W38 2024",202438,71,False,6,"Sunday","S​​​​​​","Weekend","FY2025","FQ1 2025"
20240929,2024-09-29 00:00:00.000,2024,1,False,3,"Q3",9,"September",39,"W39 2024",202439,72,False,6,"Sunday","S​​​​​​","Weekend","FY2025","FQ1 2025"
20241006,2024-10-06 00:00:00.000,2024,1,False,4,"Q4",10,"October",40,"W40 2024",202440,73,False,6,"Sunday","S​​​​​​","Weekend","FY2025","FQ2 2025"
20241013,2024-10-13 00:00:00.000,2024,1,False,4,"Q4",10,"October",41,"W41 2024",202441,74,False,6,"Sunday","S​​​​​​","Weekend","FY2025","FQ2 2025"
20241020,2024-10-20 00:00:00.000,2024,1,False,4,"Q4",10,"October",42,"W42 2024",202442,75,False,6,"Sunday","S​​​​​​","Weekend","FY2025","FQ2 2025"
20241027,2024-10-27 00:00:00.000,2024,1,False,4,"Q4",10,"October",43,"W43 2024",202443,76,False,6,"Sunday","S​​​​​​","Weekend","FY2025","FQ2 2025"
20241103,2024-11-03 00:00:00.000,2024,1,False,4,"Q4",11,"November",44,"W44 2024",202444,77,False,6,"Sunday","S​​​​​​","Weekend","FY2025","FQ2 2025"
20241110,2024-11-10 00:00:00.000,2024,1,False,4,"Q4",11,"November",45,"W45 2024",202445,78,False,6,"Sunday","S​​​​​​","Weekend","FY2025","FQ2 2025"
20241117,2024-11-17 00:00:00.000,2024,1,False,4,"Q4",11,"November",46,"W46 2024",202446,79,False,6,"Sunday","S​​​​​​","Weekend","FY2025","FQ2 2025"
20241124,2024-11-24 00:00:00.000,2024,1,False,4,"Q4",11,"November",47,"W47 2024",202447,80,False,6,"Sunday","S​​​​​​","Weekend","FY2025","FQ2 2025"
20241201,2024-12-01 00:00:00.000,2024,1,False,4,"Q4",12,"December",48,"W48 2024",202448,81,False,6,"Sunday","S​​​​​​","Weekend","FY2025","FQ2 2025"
20241208,2024-12-08 00:00:00.000,2024,1,False,4,"Q4",12,"December",49,"W49 2024",202449,82,False,6,"Sunday","S​​​​​​","Weekend","FY2025","FQ2 2025"
20241215,2024-12-15 00:00:00.000,2024,1,False,4,"Q4",12,"December",50,"W50 2024",202450,83,False,6,"Sunday","S​​​​​​","Weekend","FY2025","FQ2 2025"
20241222,2024-12-22 00:00:00.000,2024,1,False,4,"Q4",12,"December",51,"W51 2024",202451,84,False,6,"Sunday","S​​​​​​","Weekend","FY2025","FQ2 2025"
20241229,2024-12-29 00:00:00.000,2024,1,False,4,"Q4",12,"December",52,"W52 2024",202452,85,False,6,"Sunday","S​​​​​​","Weekend","FY2025","FQ2 2025"
20250105,2025-01-05 00:00:00.000,2025,2,False,1,"Q1",1,"January",1,"W01 2025",202501,86,False,6,"Sunday","S​​​​​​","Weekend","FY2025","FQ3 2025"
20250112,2025-01-12 00:00:00.000,2025,2,False,1,"Q1",1,"January",2,"W02 2025",202502,87,False,6,"Sunday","S​​​​​​","Weekend","FY2025","FQ3 2025"
20250119,2025-01-19 00:00:00.000,2025,2,False,1,"Q1",1,"January",3,"W03 2025",202503,88,False,6,"Sunday","S​​​​​​","Weekend","FY2025","FQ3 2025"
20250126,2025-01-26 00:00:00.000,2025,2,False,1,"Q1",1,"January",4,"W04 2025",202504,89,False,6,"Sunday","S​​​​​​","Weekend","FY2025","FQ3 2025"
20250202,2025-02-02 00:00:00.000,2025,2,False,1,"Q1",2,"February",5,"W05 2025",202505,90,False,6,"Sunday","S​​​​​​","Weekend","FY2025","FQ3 2025"
20250209,2025-02-09 00:00:00.000,2025,2,False,1,"Q1",2,"February",6,"W06 2025",202506,91,False,6,"Sunday","S​​​​​​","Weekend","FY2025","FQ3 2025"
20250216,2025-02-16 00:00:00.000,2025,2,False,1,"Q1",2,"February",7,"W07 2025",202507,92,False,6,"Sunday","S​​​​​​","Weekend","FY2025","FQ3 2025"
20250223,2025-02-23 00:00:00.000,2025,2,False,1,"Q1",2,"February",8,"W08 2025",202508,93,False,6,"Sunday","S​​​​​​","Weekend","FY2025","FQ3 2025"
20250302,2025-03-02 00:00:00.000,2025,2,False,1,"Q1",3,"March",9,"W09 2025",202509,94,False,6,"Sunday","S​​​​​​","Weekend","FY2025","FQ3 2025"
20250309,2025-03-09 00:00:00.000,2025,2,False,1,"Q1",3,"March",10,"W10 2025",202510,95,False,6,"Sunday","S​​​​​​","Weekend","FY2025","FQ3 2025"
20250316,2025-03-16 00:00:00.000,2025,2,False,1,"Q1",3,"March",11,"W11 2025",202511,96,False,6,"Sunday","S​​​​​​","Weekend","FY2025","FQ3 2025"
20250323,2025-03-23 00:00:00.000,2025,2,False,1,"Q1",3,"March",12,"W12 2025",202512,97,False,6,"Sunday","S​​​​​​","Weekend","FY2025","FQ3 2025"
20250330,2025-03-30 00:00:00.000,2025,2,False,1,"Q1",3,"March",13,"W13 2025",202513,98,False,6,"Sunday","S​​​​​​","Weekend","FY2025","FQ3 2025"
20250406,2025-04-06 00:00:00.000,2025,2,False,2,"Q2",4,"April",14,"W14 2025",202514,99,False,6,"Sunday","S​​​​​​","Weekend","FY2025","FQ4 2025"
20250413,2025-04-13 00:00:00.000,2025,2,False,2,"Q2",4,"April",15,"W15 2025",202515,100,False,6,"Sunday","S​​​​​​","Weekend","FY2025","FQ4 2025"
20250420,2025-04-20 00:00:00.000,2025,2,False,2,"Q2",4,"April",16,"W16 2025",202516,101,False,6,"Sunday","S​​​​​​","Weekend","FY2025","FQ4 2025"
20250427,2025-04-27 00:00:00.000,2025,2,False,2,"Q2",4,"April",17,"W17 2025",202517,102,False,6,"Sunday","S​​​​​​","Weekend","FY2025","FQ4 2025"
20250504,2025-05-04 00:00:00.000,2025,2,False,2,"Q2",5,"May",18,"W18 2025",202518,103,False,6,"Sunday","S​​​​​​","Weekend","FY2025","FQ4 2025"
20250511,2025-05-11 00:00:00.000,2025,2,False,2,"Q2",5,"May",19,"W19 2025",202519,104,False,6,"Sunday","S​​​​​​","Weekend","FY2025","FQ4 2025"
20250518,2025-05-18 00:00:00.000,2025,2,False,2,"Q2",5,"May",20,"W20 2025",202520,105,False,6,"Sunday","S​​​​​​","Weekend","FY2025","FQ4 2025"
20250525,2025-05-25 00:00:00.000,2025,2,False,2,"Q2",5,"May",21,"W21 2025",202521,106,False,6,"Sunday","S​​​​​​","Weekend","FY2025","FQ4 2025"
20250601,2025-06-01 00:00:00.000,2025,2,False,2,"Q2",6,"June",22,"W22 2025",202522,107,False,6,"Sunday","S​​​​​​","Weekend","FY2025","FQ4 2025"
20250608,2025-06-08 00:00:00.000,2025,2,False,2,"Q2",6,"June",23,"W23 2025",202523,108,False,6,"Sunday","S​​​​​​","Weekend","FY2025","FQ4 2025"
20250615,2025-06-15 00:00:00.000,2025,2,False,2,"Q2",6,"June",24,"W24 2025",202524,109,False,6,"Sunday","S​​​​​​","Weekend","FY2025","FQ4 2025"
20250622,2025-06-22 00:00:00.000,2025,2,False,2,"Q2",6,"June",25,"W25 2025",202525,110,False,6,"Sunday","S​​​​​​","Weekend","FY2025","FQ4 2025"
20250629,2025-06-29 00:00:00.000,2025,2,False,2,"Q2",6,"June",26,"W26 2025",202526,111,False,6,"Sunday","S​​​​​​","Weekend","FY2025","FQ4 2025"
20250706,2025-07-06 00:00:00.000,2025,2,False,3,"Q3",7,"July",27,"W27 2025",202527,112,False,6,"Sunday","S​​​​​​","Weekend","FY2026","FQ1 2026"
20250713,2025-07-13 00:00:00.000,2025,2,False,3,"Q3",7,"July",28,"W28 2025",202528,113,False,6,"Sunday","S​​​​​​","Weekend","FY2026","FQ1 2026"
20250720,2025-07-20 00:00:00.000,2025,2,False,3,"Q3",7,"July",29,"W29 2025",202529,114,False,6,"Sunday","S​​​​​​","Weekend","FY2026","FQ1 2026"
20250727,2025-07-27 00:00:00.000,2025,2,False,3,"Q3",7,"July",30,"W30 2025",202530,115,False,6,"Sunday","S​​​​​​","Weekend","FY2026","FQ1 2026"
20250803,2025-08-03 00:00:00.000,2025,2,False,3,"Q3",8,"August",31,"W31 2025",202531,116,False,6,"Sunday","S​​​​​​","Weekend","FY2026","FQ1 2026"
20250810,2025-08-10 00:00:00.000,2025,2,False,3,"Q3",8,"August",32,"W32 2025",202532,117,False,6,"Sunday","S​​​​​​","Weekend","FY2026","FQ1 2026"
20250817,2025-08-17 00:00:00.000,2025,2,False,3,"Q3",8,"August",33,"W33 2025",202533,118,False,6,"Sunday","S​​​​​​","Weekend","FY2026","FQ1 2026"
20250824,2025-08-24 00:00:00.000,2025,2,False,3,"Q3",8,"August",34,"W34 2025",202534,119,False,6,"Sunday","S​​​​​​","Weekend","FY2026","FQ1 2026"
20250831,2025-08-31 00:00:00.000,2025,2,False,3,"Q3",8,"August",35,"W35 2025",202535,120,False,6,"Sunday","S​​​​​​","Weekend","FY2026","FQ1 2026"
20250907,2025-09-07 00:00:00.000,2025,2,False,3,"Q3",9,"September",36,"W36 2025",202536,121,False,6,"Sunday","S​​​​​​","Weekend","FY2026","FQ1 2026"
20250914,2025-09-14 00:00:00.000,2025,2,False,3,"Q3",9,"September",37,"W37 2025",202537,122,False,6,"Sunday","S​​​​​​","Weekend","FY2026","FQ1 2026"
20250921,2025-09-21 00:00:00.000,2025,2,False,3,"Q3",9,"September",38,"W38 2025",202538,123,False,6,"Sunday","S​​​​​​","Weekend","FY2026","FQ1 2026"
20250928,2025-09-28 00:00:00.000,2025,2,False,3,"Q3",9,"September",39,"W39 2025",202539,124,False,6,"Sunday","S​​​​​​","Weekend","FY2026","FQ1 2026"
20251005,2025-10-05 00:00:00.000,2025,2,False,4,"Q4",10,"October",40,"W40 2025",202540,125,False,6,"Sunday","S​​​​​​","Weekend","FY2026","FQ2 2026"
20251012,2025-10-12 00:00:00.000,2025,2,False,4,"Q4",10,"October",41,"W41 2025",202541,126,False,6,"Sunday","S​​​​​​","Weekend","FY2026","FQ2 2026"
20251019,2025-10-19 00:00:00.000,2025,2,False,4,"Q4",10,"October",42,"W42 2025",202542,127,False,6,"Sunday","S​​​​​​","Weekend","FY2026","FQ2 2026"
20251026,2025-10-26 00:00:00.000,2025,2,False,4,"Q4",10,"October",43,"W43 2025",202543,128,False,6,"Sunday","S​​​​​​","Weekend","FY2026","FQ2 2026"
20251102,2025-11-02 00:00:00.000,2025,2,False,4,"Q4",11,"November",44,"W44 2025",202544,129,False,6,"Sunday","S​​​​​​","Weekend","FY2026","FQ2 2026"
20251109,2025-11-09 00:00:00.000,2025,2,False,4,"Q4",11,"November",45,"W45 2025",202545,130,False,6,"Sunday","S​​​​​​","Weekend","FY2026","FQ2 2026"
20251116,2025-11-16 00:00:00.000,2025,2,False,4,"Q4",11,"November",46,"W46 2025",202546,131,False,6,"Sunday","S​​​​​​","Weekend","FY2026","FQ2 2026"
20251123,2025-11-23 00:00:00.000,2025,2,False,4,"Q4",11,"November",47,"W47 2025",202547,132,False,6,"Sunday","S​​​​​​","Weekend","FY2026","FQ2 2026"
20251130,2025-11-30 00:00:00.000,2025,2,False,4,"Q4",11,"November",48,"W48 2025",202548,133,False,6,"Sunday","S​​​​​​","Weekend","FY2026","FQ2 2026"
20251207,2025-12-07 00:00:00.000,2025,2,False,4,"Q4",12,"December",49,"W49 2025",202549,134,False,6,"Sunday","S​​​​​​","Weekend","FY2026","FQ2 2026"
20251214,2025-12-14 00:00:00.000,2025,2,False,4,"Q4",12,"December",50,"W50 2025",202550,135,False,6,"Sunday","S​​​​​​","Weekend","FY2026","FQ2 2026"
20251221,2025-12-21 00:00:00.000,2025,2,False,4,"Q4",12,"December",51,"W51 2025",202551,136,False,6,"Sunday","S​​​​​​","Weekend","FY2026","FQ2 2026"
20251228,2025-12-28 00:00:00.000,2025,2,False,4,"Q4",12,"December",52,"W52 2025",202552,137,False,6,"Sunday","S​​​​​​","Weekend","FY2026","FQ2 2026"
20230101,2023-01-01 00:00:00.000,2023,0,False,1,"Q1",1,"January",52,"W52 2022",202252,-19,True,6,"Sunday","S​​​​​​","Weekend","FY2023","FQ3 2023"
20230108,2023-01-08 00:00:00.000,2023,0,False,1,"Q1",1,"January",1,"W01 2023",202301,-18,True,6,"Sunday","S​​​​​​","Weekend","FY2023","FQ3 2023"
20230115,2023-01-15 00:00:00.000,2023,0,False,1,"Q1",1,"January",2,"W02 2023",202302,-17,True,6,"Sunday","S​​​​​​","Weekend","FY2023","FQ3 2023"
20230122,2023-01-22 00:00:00.000,2023,0,False,1,"Q1",1,"January",3,"W03 2023",202303,-16,True,6,"Sunday","S​​​​​​","Weekend","FY2023","FQ3 2023"
20230129,2023-01-29 00:00:00.000,2023,0,False,1,"Q1",1,"January",4,"W04 2023",202304,-15,True,6,"Sunday","S​​​​​​","Weekend","FY2023","FQ3 2023"
20230205,2023-02-05 00:00:00.000,2023,0,False,1,"Q1",2,"February",5,"W05 2023",202305,-14,True,6,"Sunday","S​​​​​​","Weekend","FY2023","FQ3 2023"
20230212,2023-02-12 00:00:00.000,2023,0,False,1,"Q1",2,"February",6,"W06 2023",202306,-13,True,6,"Sunday","S​​​​​​","Weekend","FY2023","FQ3 2023"
20230219,2023-02-19 00:00:00.000,2023,0,False,1,"Q1",2,"February",7,"W07 2023",202307,-12,True,6,"Sunday","S​​​​​​","Weekend","FY2023","FQ3 2023"
20230226,2023-02-26 00:00:00.000,2023,0,False,1,"Q1",2,"February",8,"W08 2023",202308,-11,True,6,"Sunday","S​​​​​​","Weekend","FY2023","FQ3 2023"
20230305,2023-03-05 00:00:00.000,2023,0,False,1,"Q1",3,"March",9,"W09 2023",202309,-10,True,6,"Sunday","S​​​​​​","Weekend","FY2023","FQ3 2023"
20230312,2023-03-12 00:00:00.000,2023,0,False,1,"Q1",3,"March",10,"W10 2023",202310,-9,True,6,"Sunday","S​​​​​​","Weekend","FY2023","FQ3 2023"
20230319,2023-03-19 00:00:00.000,2023,0,False,1,"Q1",3,"March",11,"W11 2023",202311,-8,True,6,"Sunday","S​​​​​​","Weekend","FY2023","FQ3 2023"
20230326,2023-03-26 00:00:00.000,2023,0,False,1,"Q1",3,"March",12,"W12 2023",202312,-7,True,6,"Sunday","S​​​​​​","Weekend","FY2023","FQ3 2023"
20230402,2023-04-02 00:00:00.000,2023,0,False,2,"Q2",4,"April",13,"W13 2023",202313,-6,True,6,"Sunday","S​​​​​​","Weekend","FY2023","FQ4 2023"
20230409,2023-04-09 00:00:00.000,2023,0,False,2,"Q2",4,"April",14,"W14 2023",202314,-5,True,6,"Sunday","S​​​​​​","Weekend","FY2023","FQ4 2023"
20230416,2023-04-16 00:00:00.000,2023,0,False,2,"Q2",4,"April",15,"W15 2023",202315,-4,True,6,"Sunday","S​​​​​​","Weekend","FY2023","FQ4 2023"
20230423,2023-04-23 00:00:00.000,2023,0,False,2,"Q2",4,"April",16,"W16 2023",202316,-3,True,6,"Sunday","S​​​​​​","Weekend","FY2023","FQ4 2023"
20230430,2023-04-30 00:00:00.000,2023,0,False,2,"Q2",4,"April",17,"W17 2023",202317,-2,True,6,"Sunday","S​​​​​​","Weekend","FY2023","FQ4 2023"
20230507,2023-05-07 00:00:00.000,2023,0,False,2,"Q2",5,"May",18,"W18 2023",202318,-1,True,6,"Sunday","S​​​​​​","Weekend","FY2023","FQ4 2023"
20180107,2018-01-07 00:00:00.000,2018,-5,True,1,"Q1",1,"January",1,"W01 2018",201801,-279,True,6,"Sunday","S​​​​​​","Weekend","FY2018","FQ3 2018"
20180114,2018-01-14 00:00:00.000,2018,-5,True,1,"Q1",1,"January",2,"W02 2018",201802,-278,True,6,"Sunday","S​​​​​​","Weekend","FY2018","FQ3 2018"
20180121,2018-01-21 00:00:00.000,2018,-5,True,1,"Q1",1,"January",3,"W03 2018",201803,-277,True,6,"Sunday","S​​​​​​","Weekend","FY2018","FQ3 2018"
20180128,2018-01-28 00:00:00.000,2018,-5,True,1,"Q1",1,"January",4,"W04 2018",201804,-276,True,6,"Sunday","S​​​​​​","Weekend","FY2018","FQ3 2018"
20180204,2018-02-04 00:00:00.000,2018,-5,True,1,"Q1",2,"February",5,"W05 2018",201805,-275,True,6,"Sunday","S​​​​​​","Weekend","FY2018","FQ3 2018"
20180211,2018-02-11 00:00:00.000,2018,-5,True,1,"Q1",2,"February",6,"W06 2018",201806,-274,True,6,"Sunday","S​​​​​​","Weekend","FY2018","FQ3 2018"
20180218,2018-02-18 00:00:00.000,2018,-5,True,1,"Q1",2,"February",7,"W07 2018",201807,-273,True,6,"Sunday","S​​​​​​","Weekend","FY2018","FQ3 2018"
20180225,2018-02-25 00:00:00.000,2018,-5,True,1,"Q1",2,"February",8,"W08 2018",201808,-272,True,6,"Sunday","S​​​​​​","Weekend","FY2018","FQ3 2018"
20180304,2018-03-04 00:00:00.000,2018,-5,True,1,"Q1",3,"March",9,"W09 2018",201809,-271,True,6,"Sunday","S​​​​​​","Weekend","FY2018","FQ3 2018"
20180311,2018-03-11 00:00:00.000,2018,-5,True,1,"Q1",3,"March",10,"W10 2018",201810,-270,True,6,"Sunday","S​​​​​​","Weekend","FY2018","FQ3 2018"
20180318,2018-03-18 00:00:00.000,2018,-5,True,1,"Q1",3,"March",11,"W11 2018",201811,-269,True,6,"Sunday","S​​​​​​","Weekend","FY2018","FQ3 2018"
20180325,2018-03-25 00:00:00.000,2018,-5,True,1,"Q1",3,"March",12,"W12 2018",201812,-268,True,6,"Sunday","S​​​​​​","Weekend","FY2018","FQ3 2018"
20180401,2018-04-01 00:00:00.000,2018,-5,True,2,"Q2",4,"April",13,"W13 2018",201813,-267,True,6,"Sunday","S​​​​​​","Weekend","FY2018","FQ4 2018"
20180408,2018-04-08 00:00:00.000,2018,-5,True,2,"Q2",4,"April",14,"W14 2018",201814,-266,True,6,"Sunday","S​​​​​​","Weekend","FY2018","FQ4 2018"
20180415,2018-04-15 00:00:00.000,2018,-5,True,2,"Q2",4,"April",15,"W15 2018",201815,-265,True,6,"Sunday","S​​​​​​","Weekend","FY2018","FQ4 2018"
20180422,2018-04-22 00:00:00.000,2018,-5,True,2,"Q2",4,"April",16,"W16 2018",201816,-264,True,6,"Sunday","S​​​​​​","Weekend","FY2018","FQ4 2018"
20180429,2018-04-29 00:00:00.000,2018,-5,True,2,"Q2",4,"April",17,"W17 2018",201817,-263,True,6,"Sunday","S​​​​​​","Weekend","FY2018","FQ4 2018"
20180506,2018-05-06 00:00:00.000,2018,-5,True,2,"Q2",5,"May",18,"W18 2018",201818,-262,True,6,"Sunday","S​​​​​​","Weekend","FY2018","FQ4 2018"
20180513,2018-05-13 00:00:00.000,2018,-5,True,2,"Q2",5,"May",19,"W19 2018",201819,-261,True,6,"Sunday","S​​​​​​","Weekend","FY2018","FQ4 2018"
20180520,2018-05-20 00:00:00.000,2018,-5,True,2,"Q2",5,"May",20,"W20 2018",201820,-260,True,6,"Sunday","S​​​​​​","Weekend","FY2018","FQ4 2018"
20180527,2018-05-27 00:00:00.000,2018,-5,True,2,"Q2",5,"May",21,"W21 2018",201821,-259,True,6,"Sunday","S​​​​​​","Weekend","FY2018","FQ4 2018"
20180603,2018-06-03 00:00:00.000,2018,-5,True,2,"Q2",6,"June",22,"W22 2018",201822,-258,True,6,"Sunday","S​​​​​​","Weekend","FY2018","FQ4 2018"
20180610,2018-06-10 00:00:00.000,2018,-5,True,2,"Q2",6,"June",23,"W23 2018",201823,-257,True,6,"Sunday","S​​​​​​","Weekend","FY2018","FQ4 2018"
20180617,2018-06-17 00:00:00.000,2018,-5,True,2,"Q2",6,"June",24,"W24 2018",201824,-256,True,6,"Sunday","S​​​​​​","Weekend","FY2018","FQ4 2018"
20180624,2018-06-24 00:00:00.000,2018,-5,True,2,"Q2",6,"June",25,"W25 2018",201825,-255,True,6,"Sunday","S​​​​​​","Weekend","FY2018","FQ4 2018"
20180701,2018-07-01 00:00:00.000,2018,-5,True,3,"Q3",7,"July",26,"W26 2018",201826,-254,True,6,"Sunday","S​​​​​​","Weekend","FY2019","FQ1 2019"
20180708,2018-07-08 00:00:00.000,2018,-5,True,3,"Q3",7,"July",27,"W27 2018",201827,-253,True,6,"Sunday","S​​​​​​","Weekend","FY2019","FQ1 2019"
20180715,2018-07-15 00:00:00.000,2018,-5,True,3,"Q3",7,"July",28,"W28 2018",201828,-252,True,6,"Sunday","S​​​​​​","Weekend","FY2019","FQ1 2019"
20180722,2018-07-22 00:00:00.000,2018,-5,True,3,"Q3",7,"July",29,"W29 2018",201829,-251,True,6,"Sunday","S​​​​​​","Weekend","FY2019","FQ1 2019"
20180729,2018-07-29 00:00:00.000,2018,-5,True,3,"Q3",7,"July",30,"W30 2018",201830,-250,True,6,"Sunday","S​​​​​​","Weekend","FY2019","FQ1 2019"
20180805,2018-08-05 00:00:00.000,2018,-5,True,3,"Q3",8,"August",31,"W31 2018",201831,-249,True,6,"Sunday","S​​​​​​","Weekend","FY2019","FQ1 2019"
20180812,2018-08-12 00:00:00.000,2018,-5,True,3,"Q3",8,"August",32,"W32 2018",201832,-248,True,6,"Sunday","S​​​​​​","Weekend","FY2019","FQ1 2019"
20180819,2018-08-19 00:00:00.000,2018,-5,True,3,"Q3",8,"August",33,"W33 2018",201833,-247,True,6,"Sunday","S​​​​​​","Weekend","FY2019","FQ1 2019"
20180826,2018-08-26 00:00:00.000,2018,-5,True,3,"Q3",8,"August",34,"W34 2018",201834,-246,True,6,"Sunday","S​​​​​​","Weekend","FY2019","FQ1 2019"
20180902,2018-09-02 00:00:00.000,2018,-5,True,3,"Q3",9,"September",35,"W35 2018",201835,-245,True,6,"Sunday","S​​​​​​","Weekend","FY2019","FQ1 2019"
20180909,2018-09-09 00:00:00.000,2018,-5,True,3,"Q3",9,"September",36,"W36 2018",201836,-244,True,6,"Sunday","S​​​​​​","Weekend","FY2019","FQ1 2019"
20180916,2018-09-16 00:00:00.000,2018,-5,True,3,"Q3",9,"September",37,"W37 2018",201837,-243,True,6,"Sunday","S​​​​​​","Weekend","FY2019","FQ1 2019"
20180923,2018-09-23 00:00:00.000,2018,-5,True,3,"Q3",9,"September",38,"W38 2018",201838,-242,True,6,"Sunday","S​​​​​​","Weekend","FY2019","FQ1 2019"
20180930,2018-09-30 00:00:00.000,2018,-5,True,3,"Q3",9,"September",39,"W39 2018",201839,-241,True,6,"Sunday","S​​​​​​","Weekend","FY2019","FQ1 2019"
20181007,2018-10-07 00:00:00.000,2018,-5,True,4,"Q4",10,"October",40,"W40 2018",201840,-240,True,6,"Sunday","S​​​​​​","Weekend","FY2019","FQ2 2019"
20181014,2018-10-14 00:00:00.000,2018,-5,True,4,"Q4",10,"October",41,"W41 2018",201841,-239,True,6,"Sunday","S​​​​​​","Weekend","FY2019","FQ2 2019"
20181021,2018-10-21 00:00:00.000,2018,-5,True,4,"Q4",10,"October",42,"W42 2018",201842,-238,True,6,"Sunday","S​​​​​​","Weekend","FY2019","FQ2 2019"
20181028,2018-10-28 00:00:00.000,2018,-5,True,4,"Q4",10,"October",43,"W43 2018",201843,-237,True,6,"Sunday","S​​​​​​","Weekend","FY2019","FQ2 2019"
20181104,2018-11-04 00:00:00.000,2018,-5,True,4,"Q4",11,"November",44,"W44 2018",201844,-236,True,6,"Sunday","S​​​​​​","Weekend","FY2019","FQ2 2019"
20181111,2018-11-11 00:00:00.000,2018,-5,True,4,"Q4",11,"November",45,"W45 2018",201845,-235,True,6,"Sunday","S​​​​​​","Weekend","FY2019","FQ2 2019"
20181118,2018-11-18 00:00:00.000,2018,-5,True,4,"Q4",11,"November",46,"W46 2018",201846,-234,True,6,"Sunday","S​​​​​​","Weekend","FY2019","FQ2 2019"
20181125,2018-11-25 00:00:00.000,2018,-5,True,4,"Q4",11,"November",47,"W47 2018",201847,-233,True,6,"Sunday","S​​​​​​","Weekend","FY2019","FQ2 2019"
20181202,2018-12-02 00:00:00.000,2018,-5,True,4,"Q4",12,"December",48,"W48 2018",201848,-232,True,6,"Sunday","S​​​​​​","Weekend","FY2019","FQ2 2019"
20181209,2018-12-09 00:00:00.000,2018,-5,True,4,"Q4",12,"December",49,"W49 2018",201849,-231,True,6,"Sunday","S​​​​​​","Weekend","FY2019","FQ2 2019"
20181216,2018-12-16 00:00:00.000,2018,-5,True,4,"Q4",12,"December",50,"W50 2018",201850,-230,True,6,"Sunday","S​​​​​​","Weekend","FY2019","FQ2 2019"
20181223,2018-12-23 00:00:00.000,2018,-5,True,4,"Q4",12,"December",51,"W51 2018",201851,-229,True,6,"Sunday","S​​​​​​","Weekend","FY2019","FQ2 2019"
20181230,2018-12-30 00:00:00.000,2018,-5,True,4,"Q4",12,"December",52,"W52 2018",201852,-228,True,6,"Sunday","S​​​​​​","Weekend","FY2019","FQ2 2019"
20190106,2019-01-06 00:00:00.000,2019,-4,True,1,"Q1",1,"January",1,"W01 2019",201901,-227,True,6,"Sunday","S​​​​​​","Weekend","FY2019","FQ3 2019"
20190113,2019-01-13 00:00:00.000,2019,-4,True,1,"Q1",1,"January",2,"W02 2019",201902,-226,True,6,"Sunday","S​​​​​​","Weekend","FY2019","FQ3 2019"
20190120,2019-01-20 00:00:00.000,2019,-4,True,1,"Q1",1,"January",3,"W03 2019",201903,-225,True,6,"Sunday","S​​​​​​","Weekend","FY2019","FQ3 2019"
20190127,2019-01-27 00:00:00.000,2019,-4,True,1,"Q1",1,"January",4,"W04 2019",201904,-224,True,6,"Sunday","S​​​​​​","Weekend","FY2019","FQ3 2019"
20190203,2019-02-03 00:00:00.000,2019,-4,True,1,"Q1",2,"February",5,"W05 2019",201905,-223,True,6,"Sunday","S​​​​​​","Weekend","FY2019","FQ3 2019"
20190210,2019-02-10 00:00:00.000,2019,-4,True,1,"Q1",2,"February",6,"W06 2019",201906,-222,True,6,"Sunday","S​​​​​​","Weekend","FY2019","FQ3 2019"
20190217,2019-02-17 00:00:00.000,2019,-4,True,1,"Q1",2,"February",7,"W07 2019",201907,-221,True,6,"Sunday","S​​​​​​","Weekend","FY2019","FQ3 2019"
20190224,2019-02-24 00:00:00.000,2019,-4,True,1,"Q1",2,"February",8,"W08 2019",201908,-220,True,6,"Sunday","S​​​​​​","Weekend","FY2019","FQ3 2019"
20190303,2019-03-03 00:00:00.000,2019,-4,True,1,"Q1",3,"March",9,"W09 2019",201909,-219,True,6,"Sunday","S​​​​​​","Weekend","FY2019","FQ3 2019"
20190310,2019-03-10 00:00:00.000,2019,-4,True,1,"Q1",3,"March",10,"W10 2019",201910,-218,True,6,"Sunday","S​​​​​​","Weekend","FY2019","FQ3 2019"
20190317,2019-03-17 00:00:00.000,2019,-4,True,1,"Q1",3,"March",11,"W11 2019",201911,-217,True,6,"Sunday","S​​​​​​","Weekend","FY2019","FQ3 2019"
20190324,2019-03-24 00:00:00.000,2019,-4,True,1,"Q1",3,"March",12,"W12 2019",201912,-216,True,6,"Sunday","S​​​​​​","Weekend","FY2019","FQ3 2019"
20190331,2019-03-31 00:00:00.000,2019,-4,True,1,"Q1",3,"March",13,"W13 2019",201913,-215,True,6,"Sunday","S​​​​​​","Weekend","FY2019","FQ3 2019"
20190407,2019-04-07 00:00:00.000,2019,-4,True,2,"Q2",4,"April",14,"W14 2019",201914,-214,True,6,"Sunday","S​​​​​​","Weekend","FY2019","FQ4 2019"
20190414,2019-04-14 00:00:00.000,2019,-4,True,2,"Q2",4,"April",15,"W15 2019",201915,-213,True,6,"Sunday","S​​​​​​","Weekend","FY2019","FQ4 2019"
20190421,2019-04-21 00:00:00.000,2019,-4,True,2,"Q2",4,"April",16,"W16 2019",201916,-212,True,6,"Sunday","S​​​​​​","Weekend","FY2019","FQ4 2019"
20190428,2019-04-28 00:00:00.000,2019,-4,True,2,"Q2",4,"April",17,"W17 2019",201917,-211,True,6,"Sunday","S​​​​​​","Weekend","FY2019","FQ4 2019"
20190505,2019-05-05 00:00:00.000,2019,-4,True,2,"Q2",5,"May",18,"W18 2019",201918,-210,True,6,"Sunday","S​​​​​​","Weekend","FY2019","FQ4 2019"
20190512,2019-05-12 00:00:00.000,2019,-4,True,2,"Q2",5,"May",19,"W19 2019",201919,-209,True,6,"Sunday","S​​​​​​","Weekend","FY2019","FQ4 2019"
20190519,2019-05-19 00:00:00.000,2019,-4,True,2,"Q2",5,"May",20,"W20 2019",201920,-208,True,6,"Sunday","S​​​​​​","Weekend","FY2019","FQ4 2019"
20190526,2019-05-26 00:00:00.000,2019,-4,True,2,"Q2",5,"May",21,"W21 2019",201921,-207,True,6,"Sunday","S​​​​​​","Weekend","FY2019","FQ4 2019"
20190602,2019-06-02 00:00:00.000,2019,-4,True,2,"Q2",6,"June",22,"W22 2019",201922,-206,True,6,"Sunday","S​​​​​​","Weekend","FY2019","FQ4 2019"
20190609,2019-06-09 00:00:00.000,2019,-4,True,2,"Q2",6,"June",23,"W23 2019",201923,-205,True,6,"Sunday","S​​​​​​","Weekend","FY2019","FQ4 2019"
20190616,2019-06-16 00:00:00.000,2019,-4,True,2,"Q2",6,"June",24,"W24 2019",201924,-204,True,6,"Sunday","S​​​​​​","Weekend","FY2019","FQ4 2019"
20190623,2019-06-23 00:00:00.000,2019,-4,True,2,"Q2",6,"June",25,"W25 2019",201925,-203,True,6,"Sunday","S​​​​​​","Weekend","FY2019","FQ4 2019"
20190630,2019-06-30 00:00:00.000,2019,-4,True,2,"Q2",6,"June",26,"W26 2019",201926,-202,True,6,"Sunday","S​​​​​​","Weekend","FY2019","FQ4 2019"
20190707,2019-07-07 00:00:00.000,2019,-4,True,3,"Q3",7,"July",27,"W27 2019",201927,-201,True,6,"Sunday","S​​​​​​","Weekend","FY2020","FQ1 2020"
20190714,2019-07-14 00:00:00.000,2019,-4,True,3,"Q3",7,"July",28,"W28 2019",201928,-200,True,6,"Sunday","S​​​​​​","Weekend","FY2020","FQ1 2020"
20190721,2019-07-21 00:00:00.000,2019,-4,True,3,"Q3",7,"July",29,"W29 2019",201929,-199,True,6,"Sunday","S​​​​​​","Weekend","FY2020","FQ1 2020"
20190728,2019-07-28 00:00:00.000,2019,-4,True,3,"Q3",7,"July",30,"W30 2019",201930,-198,True,6,"Sunday","S​​​​​​","Weekend","FY2020","FQ1 2020"
20190804,2019-08-04 00:00:00.000,2019,-4,True,3,"Q3",8,"August",31,"W31 2019",201931,-197,True,6,"Sunday","S​​​​​​","Weekend","FY2020","FQ1 2020"
20190811,2019-08-11 00:00:00.000,2019,-4,True,3,"Q3",8,"August",32,"W32 2019",201932,-196,True,6,"Sunday","S​​​​​​","Weekend","FY2020","FQ1 2020"
20190818,2019-08-18 00:00:00.000,2019,-4,True,3,"Q3",8,"August",33,"W33 2019",201933,-195,True,6,"Sunday","S​​​​​​","Weekend","FY2020","FQ1 2020"
20190825,2019-08-25 00:00:00.000,2019,-4,True,3,"Q3",8,"August",34,"W34 2019",201934,-194,True,6,"Sunday","S​​​​​​","Weekend","FY2020","FQ1 2020"
20190901,2019-09-01 00:00:00.000,2019,-4,True,3,"Q3",9,"September",35,"W35 2019",201935,-193,True,6,"Sunday","S​​​​​​","Weekend","FY2020","FQ1 2020"
20190908,2019-09-08 00:00:00.000,2019,-4,True,3,"Q3",9,"September",36,"W36 2019",201936,-192,True,6,"Sunday","S​​​​​​","Weekend","FY2020","FQ1 2020"
20190915,2019-09-15 00:00:00.000,2019,-4,True,3,"Q3",9,"September",37,"W37 2019",201937,-191,True,6,"Sunday","S​​​​​​","Weekend","FY2020","FQ1 2020"
20190922,2019-09-22 00:00:00.000,2019,-4,True,3,"Q3",9,"September",38,"W38 2019",201938,-190,True,6,"Sunday","S​​​​​​","Weekend","FY2020","FQ1 2020"
20190929,2019-09-29 00:00:00.000,2019,-4,True,3,"Q3",9,"September",39,"W39 2019",201939,-189,True,6,"Sunday","S​​​​​​","Weekend","FY2020","FQ1 2020"
20191006,2019-10-06 00:00:00.000,2019,-4,True,4,"Q4",10,"October",40,"W40 2019",201940,-188,True,6,"Sunday","S​​​​​​","Weekend","FY2020","FQ2 2020"
20191013,2019-10-13 00:00:00.000,2019,-4,True,4,"Q4",10,"October",41,"W41 2019",201941,-187,True,6,"Sunday","S​​​​​​","Weekend","FY2020","FQ2 2020"
20191020,2019-10-20 00:00:00.000,2019,-4,True,4,"Q4",10,"October",42,"W42 2019",201942,-186,True,6,"Sunday","S​​​​​​","Weekend","FY2020","FQ2 2020"
20191027,2019-10-27 00:00:00.000,2019,-4,True,4,"Q4",10,"October",43,"W43 2019",201943,-185,True,6,"Sunday","S​​​​​​","Weekend","FY2020","FQ2 2020"
20191103,2019-11-03 00:00:00.000,2019,-4,True,4,"Q4",11,"November",44,"W44 2019",201944,-184,True,6,"Sunday","S​​​​​​","Weekend","FY2020","FQ2 2020"
20191110,2019-11-10 00:00:00.000,2019,-4,True,4,"Q4",11,"November",45,"W45 2019",201945,-183,True,6,"Sunday","S​​​​​​","Weekend","FY2020","FQ2 2020"
20191117,2019-11-17 00:00:00.000,2019,-4,True,4,"Q4",11,"November",46,"W46 2019",201946,-182,True,6,"Sunday","S​​​​​​","Weekend","FY2020","FQ2 2020"
20191124,2019-11-24 00:00:00.000,2019,-4,True,4,"Q4",11,"November",47,"W47 2019",201947,-181,True,6,"Sunday","S​​​​​​","Weekend","FY2020","FQ2 2020"
20191201,2019-12-01 00:00:00.000,2019,-4,True,4,"Q4",12,"December",48,"W48 2019",201948,-180,True,6,"Sunday","S​​​​​​","Weekend","FY2020","FQ2 2020"
20191208,2019-12-08 00:00:00.000,2019,-4,True,4,"Q4",12,"December",49,"W49 2019",201949,-179,True,6,"Sunday","S​​​​​​","Weekend","FY2020","FQ2 2020"
20191215,2019-12-15 00:00:00.000,2019,-4,True,4,"Q4",12,"December",50,"W50 2019",201950,-178,True,6,"Sunday","S​​​​​​","Weekend","FY2020","FQ2 2020"
20191222,2019-12-22 00:00:00.000,2019,-4,True,4,"Q4",12,"December",51,"W51 2019",201951,-177,True,6,"Sunday","S​​​​​​","Weekend","FY2020","FQ2 2020"
20191229,2019-12-29 00:00:00.000,2019,-4,True,4,"Q4",12,"December",52,"W52 2019",201952,-176,True,6,"Sunday","S​​​​​​","Weekend","FY2020","FQ2 2020"
20200105,2020-01-05 00:00:00.000,2020,-3,True,1,"Q1",1,"January",1,"W01 2020",202001,-175,True,6,"Sunday","S​​​​​​","Weekend","FY2020","FQ3 2020"
20200112,2020-01-12 00:00:00.000,2020,-3,True,1,"Q1",1,"January",2,"W02 2020",202002,-174,True,6,"Sunday","S​​​​​​","Weekend","FY2020","FQ3 2020"
20200119,2020-01-19 00:00:00.000,2020,-3,True,1,"Q1",1,"January",3,"W03 2020",202003,-173,True,6,"Sunday","S​​​​​​","Weekend","FY2020","FQ3 2020"
20200126,2020-01-26 00:00:00.000,2020,-3,True,1,"Q1",1,"January",4,"W04 2020",202004,-172,True,6,"Sunday","S​​​​​​","Weekend","FY2020","FQ3 2020"
20200202,2020-02-02 00:00:00.000,2020,-3,True,1,"Q1",2,"February",5,"W05 2020",202005,-171,True,6,"Sunday","S​​​​​​","Weekend","FY2020","FQ3 2020"
20200209,2020-02-09 00:00:00.000,2020,-3,True,1,"Q1",2,"February",6,"W06 2020",202006,-170,True,6,"Sunday","S​​​​​​","Weekend","FY2020","FQ3 2020"
20200216,2020-02-16 00:00:00.000,2020,-3,True,1,"Q1",2,"February",7,"W07 2020",202007,-169,True,6,"Sunday","S​​​​​​","Weekend","FY2020","FQ3 2020"
20200223,2020-02-23 00:00:00.000,2020,-3,True,1,"Q1",2,"February",8,"W08 2020",202008,-168,True,6,"Sunday","S​​​​​​","Weekend","FY2020","FQ3 2020"
20200301,2020-03-01 00:00:00.000,2020,-3,True,1,"Q1",3,"March",9,"W09 2020",202009,-167,True,6,"Sunday","S​​​​​​","Weekend","FY2020","FQ3 2020"
20200308,2020-03-08 00:00:00.000,2020,-3,True,1,"Q1",3,"March",10,"W10 2020",202010,-166,True,6,"Sunday","S​​​​​​","Weekend","FY2020","FQ3 2020"
20200315,2020-03-15 00:00:00.000,2020,-3,True,1,"Q1",3,"March",11,"W11 2020",202011,-165,True,6,"Sunday","S​​​​​​","Weekend","FY2020","FQ3 2020"
20200322,2020-03-22 00:00:00.000,2020,-3,True,1,"Q1",3,"March",12,"W12 2020",202012,-164,True,6,"Sunday","S​​​​​​","Weekend","FY2020","FQ3 2020"
20200329,2020-03-29 00:00:00.000,2020,-3,True,1,"Q1",3,"March",13,"W13 2020",202013,-163,True,6,"Sunday","S​​​​​​","Weekend","FY2020","FQ3 2020"
20200405,2020-04-05 00:00:00.000,2020,-3,True,2,"Q2",4,"April",14,"W14 2020",202014,-162,True,6,"Sunday","S​​​​​​","Weekend","FY2020","FQ4 2020"
20200412,2020-04-12 00:00:00.000,2020,-3,True,2,"Q2",4,"April",15,"W15 2020",202015,-161,True,6,"Sunday","S​​​​​​","Weekend","FY2020","FQ4 2020"
20200419,2020-04-19 00:00:00.000,2020,-3,True,2,"Q2",4,"April",16,"W16 2020",202016,-160,True,6,"Sunday","S​​​​​​","Weekend","FY2020","FQ4 2020"
20200426,2020-04-26 00:00:00.000,2020,-3,True,2,"Q2",4,"April",17,"W17 2020",202017,-159,True,6,"Sunday","S​​​​​​","Weekend","FY2020","FQ4 2020"
20200503,2020-05-03 00:00:00.000,2020,-3,True,2,"Q2",5,"May",18,"W18 2020",202018,-158,True,6,"Sunday","S​​​​​​","Weekend","FY2020","FQ4 2020"
20200510,2020-05-10 00:00:00.000,2020,-3,True,2,"Q2",5,"May",19,"W19 2020",202019,-157,True,6,"Sunday","S​​​​​​","Weekend","FY2020","FQ4 2020"
20200517,2020-05-17 00:00:00.000,2020,-3,True,2,"Q2",5,"May",20,"W20 2020",202020,-156,True,6,"Sunday","S​​​​​​","Weekend","FY2020","FQ4 2020"
20200524,2020-05-24 00:00:00.000,2020,-3,True,2,"Q2",5,"May",21,"W21 2020",202021,-155,True,6,"Sunday","S​​​​​​","Weekend","FY2020","FQ4 2020"
20200531,2020-05-31 00:00:00.000,2020,-3,True,2,"Q2",5,"May",22,"W22 2020",202022,-154,True,6,"Sunday","S​​​​​​","Weekend","FY2020","FQ4 2020"
20200607,2020-06-07 00:00:00.000,2020,-3,True,2,"Q2",6,"June",23,"W23 2020",202023,-153,True,6,"Sunday","S​​​​​​","Weekend","FY2020","FQ4 2020"
20200614,2020-06-14 00:00:00.000,2020,-3,True,2,"Q2",6,"June",24,"W24 2020",202024,-152,True,6,"Sunday","S​​​​​​","Weekend","FY2020","FQ4 2020"
20200621,2020-06-21 00:00:00.000,2020,-3,True,2,"Q2",6,"June",25,"W25 2020",202025,-151,True,6,"Sunday","S​​​​​​","Weekend","FY2020","FQ4 2020"
20200628,2020-06-28 00:00:00.000,2020,-3,True,2,"Q2",6,"June",26,"W26 2020",202026,-150,True,6,"Sunday","S​​​​​​","Weekend","FY2020","FQ4 2020"
20200705,2020-07-05 00:00:00.000,2020,-3,True,3,"Q3",7,"July",27,"W27 2020",202027,-149,True,6,"Sunday","S​​​​​​","Weekend","FY2021","FQ1 2021"
20200712,2020-07-12 00:00:00.000,2020,-3,True,3,"Q3",7,"July",28,"W28 2020",202028,-148,True,6,"Sunday","S​​​​​​","Weekend","FY2021","FQ1 2021"
20200719,2020-07-19 00:00:00.000,2020,-3,True,3,"Q3",7,"July",29,"W29 2020",202029,-147,True,6,"Sunday","S​​​​​​","Weekend","FY2021","FQ1 2021"
20200726,2020-07-26 00:00:00.000,2020,-3,True,3,"Q3",7,"July",30,"W30 2020",202030,-146,True,6,"Sunday","S​​​​​​","Weekend","FY2021","FQ1 2021"
20200802,2020-08-02 00:00:00.000,2020,-3,True,3,"Q3",8,"August",31,"W31 2020",202031,-145,True,6,"Sunday","S​​​​​​","Weekend","FY2021","FQ1 2021"
20200809,2020-08-09 00:00:00.000,2020,-3,True,3,"Q3",8,"August",32,"W32 2020",202032,-144,True,6,"Sunday","S​​​​​​","Weekend","FY2021","FQ1 2021"
20200816,2020-08-16 00:00:00.000,2020,-3,True,3,"Q3",8,"August",33,"W33 2020",202033,-143,True,6,"Sunday","S​​​​​​","Weekend","FY2021","FQ1 2021"
20200823,2020-08-23 00:00:00.000,2020,-3,True,3,"Q3",8,"August",34,"W34 2020",202034,-142,True,6,"Sunday","S​​​​​​","Weekend","FY2021","FQ1 2021"
20200830,2020-08-30 00:00:00.000,2020,-3,True,3,"Q3",8,"August",35,"W35 2020",202035,-141,True,6,"Sunday","S​​​​​​","Weekend","FY2021","FQ1 2021"
20200906,2020-09-06 00:00:00.000,2020,-3,True,3,"Q3",9,"September",36,"W36 2020",202036,-140,True,6,"Sunday","S​​​​​​","Weekend","FY2021","FQ1 2021"
20200913,2020-09-13 00:00:00.000,2020,-3,True,3,"Q3",9,"September",37,"W37 2020",202037,-139,True,6,"Sunday","S​​​​​​","Weekend","FY2021","FQ1 2021"
20200920,2020-09-20 00:00:00.000,2020,-3,True,3,"Q3",9,"September",38,"W38 2020",202038,-138,True,6,"Sunday","S​​​​​​","Weekend","FY2021","FQ1 2021"
20200927,2020-09-27 00:00:00.000,2020,-3,True,3,"Q3",9,"September",39,"W39 2020",202039,-137,True,6,"Sunday","S​​​​​​","Weekend","FY2021","FQ1 2021"
20201004,2020-10-04 00:00:00.000,2020,-3,True,4,"Q4",10,"October",40,"W40 2020",202040,-136,True,6,"Sunday","S​​​​​​","Weekend","FY2021","FQ2 2021"
20201011,2020-10-11 00:00:00.000,2020,-3,True,4,"Q4",10,"October",41,"W41 2020",202041,-135,True,6,"Sunday","S​​​​​​","Weekend","FY2021","FQ2 2021"
20201018,2020-10-18 00:00:00.000,2020,-3,True,4,"Q4",10,"October",42,"W42 2020",202042,-134,True,6,"Sunday","S​​​​​​","Weekend","FY2021","FQ2 2021"
20201025,2020-10-25 00:00:00.000,2020,-3,True,4,"Q4",10,"October",43,"W43 2020",202043,-133,True,6,"Sunday","S​​​​​​","Weekend","FY2021","FQ2 2021"
20201101,2020-11-01 00:00:00.000,2020,-3,True,4,"Q4",11,"November",44,"W44 2020",202044,-132,True,6,"Sunday","S​​​​​​","Weekend","FY2021","FQ2 2021"
20201108,2020-11-08 00:00:00.000,2020,-3,True,4,"Q4",11,"November",45,"W45 2020",202045,-131,True,6,"Sunday","S​​​​​​","Weekend","FY2021","FQ2 2021"
20201115,2020-11-15 00:00:00.000,2020,-3,True,4,"Q4",11,"November",46,"W46 2020",202046,-130,True,6,"Sunday","S​​​​​​","Weekend","FY2021","FQ2 2021"
20201122,2020-11-22 00:00:00.000,2020,-3,True,4,"Q4",11,"November",47,"W47 2020",202047,-129,True,6,"Sunday","S​​​​​​","Weekend","FY2021","FQ2 2021"
20201129,2020-11-29 00:00:00.000,2020,-3,True,4,"Q4",11,"November",48,"W48 2020",202048,-128,True,6,"Sunday","S​​​​​​","Weekend","FY2021","FQ2 2021"
20201206,2020-12-06 00:00:00.000,2020,-3,True,4,"Q4",12,"December",49,"W49 2020",202049,-127,True,6,"Sunday","S​​​​​​","Weekend","FY2021","FQ2 2021"
20201213,2020-12-13 00:00:00.000,2020,-3,True,4,"Q4",12,"December",50,"W50 2020",202050,-126,True,6,"Sunday","S​​​​​​","Weekend","FY2021","FQ2 2021"
20201220,2020-12-20 00:00:00.000,2020,-3,True,4,"Q4",12,"December",51,"W51 2020",202051,-125,True,6,"Sunday","S​​​​​​","Weekend","FY2021","FQ2 2021"
20201227,2020-12-27 00:00:00.000,2020,-3,True,4,"Q4",12,"December",52,"W52 2020",202052,-124,True,6,"Sunday","S​​​​​​","Weekend","FY2021","FQ2 2021"
20210103,2021-01-03 00:00:00.000,2021,-2,True,1,"Q1",1,"January",53,"W53 2020",202053,-123,True,6,"Sunday","S​​​​​​","Weekend","FY2021","FQ3 2021"
20210110,2021-01-10 00:00:00.000,2021,-2,True,1,"Q1",1,"January",1,"W01 2021",202101,-122,True,6,"Sunday","S​​​​​​","Weekend","FY2021","FQ3 2021"
20210117,2021-01-17 00:00:00.000,2021,-2,True,1,"Q1",1,"January",2,"W02 2021",202102,-121,True,6,"Sunday","S​​​​​​","Weekend","FY2021","FQ3 2021"
20210124,2021-01-24 00:00:00.000,2021,-2,True,1,"Q1",1,"January",3,"W03 2021",202103,-120,True,6,"Sunday","S​​​​​​","Weekend","FY2021","FQ3 2021"
20210131,2021-01-31 00:00:00.000,2021,-2,True,1,"Q1",1,"January",4,"W04 2021",202104,-119,True,6,"Sunday","S​​​​​​","Weekend","FY2021","FQ3 2021"
20210207,2021-02-07 00:00:00.000,2021,-2,True,1,"Q1",2,"February",5,"W05 2021",202105,-118,True,6,"Sunday","S​​​​​​","Weekend","FY2021","FQ3 2021"
20210214,2021-02-14 00:00:00.000,2021,-2,True,1,"Q1",2,"February",6,"W06 2021",202106,-117,True,6,"Sunday","S​​​​​​","Weekend","FY2021","FQ3 2021"
20210221,2021-02-21 00:00:00.000,2021,-2,True,1,"Q1",2,"February",7,"W07 2021",202107,-116,True,6,"Sunday","S​​​​​​","Weekend","FY2021","FQ3 2021"
20210228,2021-02-28 00:00:00.000,2021,-2,True,1,"Q1",2,"February",8,"W08 2021",202108,-115,True,6,"Sunday","S​​​​​​","Weekend","FY2021","FQ3 2021"
20210307,2021-03-07 00:00:00.000,2021,-2,True,1,"Q1",3,"March",9,"W09 2021",202109,-114,True,6,"Sunday","S​​​​​​","Weekend","FY2021","FQ3 2021"
20210314,2021-03-14 00:00:00.000,2021,-2,True,1,"Q1",3,"March",10,"W10 2021",202110,-113,True,6,"Sunday","S​​​​​​","Weekend","FY2021","FQ3 2021"
20210321,2021-03-21 00:00:00.000,2021,-2,True,1,"Q1",3,"March",11,"W11 2021",202111,-112,True,6,"Sunday","S​​​​​​","Weekend","FY2021","FQ3 2021"
20210328,2021-03-28 00:00:00.000,2021,-2,True,1,"Q1",3,"March",12,"W12 2021",202112,-111,True,6,"Sunday","S​​​​​​","Weekend","FY2021","FQ3 2021"
20210404,2021-04-04 00:00:00.000,2021,-2,True,2,"Q2",4,"April",13,"W13 2021",202113,-110,True,6,"Sunday","S​​​​​​","Weekend","FY2021","FQ4 2021"
20210411,2021-04-11 00:00:00.000,2021,-2,True,2,"Q2",4,"April",14,"W14 2021",202114,-109,True,6,"Sunday","S​​​​​​","Weekend","FY2021","FQ4 2021"
20210418,2021-04-18 00:00:00.000,2021,-2,True,2,"Q2",4,"April",15,"W15 2021",202115,-108,True,6,"Sunday","S​​​​​​","Weekend","FY2021","FQ4 2021"
20210425,2021-04-25 00:00:00.000,2021,-2,True,2,"Q2",4,"April",16,"W16 2021",202116,-107,True,6,"Sunday","S​​​​​​","Weekend","FY2021","FQ4 2021"
20210502,2021-05-02 00:00:00.000,2021,-2,True,2,"Q2",5,"May",17,"W17 2021",202117,-106,True,6,"Sunday","S​​​​​​","Weekend","FY2021","FQ4 2021"
20210509,2021-05-09 00:00:00.000,2021,-2,True,2,"Q2",5,"May",18,"W18 2021",202118,-105,True,6,"Sunday","S​​​​​​","Weekend","FY2021","FQ4 2021"
20210516,2021-05-16 00:00:00.000,2021,-2,True,2,"Q2",5,"May",19,"W19 2021",202119,-104,True,6,"Sunday","S​​​​​​","Weekend","FY2021","FQ4 2021"
20210523,2021-05-23 00:00:00.000,2021,-2,True,2,"Q2",5,"May",20,"W20 2021",202120,-103,True,6,"Sunday","S​​​​​​","Weekend","FY2021","FQ4 2021"
20210530,2021-05-30 00:00:00.000,2021,-2,True,2,"Q2",5,"May",21,"W21 2021",202121,-102,True,6,"Sunday","S​​​​​​","Weekend","FY2021","FQ4 2021"
20210606,2021-06-06 00:00:00.000,2021,-2,True,2,"Q2",6,"June",22,"W22 2021",202122,-101,True,6,"Sunday","S​​​​​​","Weekend","FY2021","FQ4 2021"
20210613,2021-06-13 00:00:00.000,2021,-2,True,2,"Q2",6,"June",23,"W23 2021",202123,-100,True,6,"Sunday","S​​​​​​","Weekend","FY2021","FQ4 2021"
20210620,2021-06-20 00:00:00.000,2021,-2,True,2,"Q2",6,"June",24,"W24 2021",202124,-99,True,6,"Sunday","S​​​​​​","Weekend","FY2021","FQ4 2021"
20210627,2021-06-27 00:00:00.000,2021,-2,True,2,"Q2",6,"June",25,"W25 2021",202125,-98,True,6,"Sunday","S​​​​​​","Weekend","FY2021","FQ4 2021"
20210704,2021-07-04 00:00:00.000,2021,-2,True,3,"Q3",7,"July",26,"W26 2021",202126,-97,True,6,"Sunday","S​​​​​​","Weekend","FY2022","FQ1 2022"
20210711,2021-07-11 00:00:00.000,2021,-2,True,3,"Q3",7,"July",27,"W27 2021",202127,-96,True,6,"Sunday","S​​​​​​","Weekend","FY2022","FQ1 2022"
20210718,2021-07-18 00:00:00.000,2021,-2,True,3,"Q3",7,"July",28,"W28 2021",202128,-95,True,6,"Sunday","S​​​​​​","Weekend","FY2022","FQ1 2022"
20210725,2021-07-25 00:00:00.000,2021,-2,True,3,"Q3",7,"July",29,"W29 2021",202129,-94,True,6,"Sunday","S​​​​​​","Weekend","FY2022","FQ1 2022"
20210801,2021-08-01 00:00:00.000,2021,-2,True,3,"Q3",8,"August",30,"W30 2021",202130,-93,True,6,"Sunday","S​​​​​​","Weekend","FY2022","FQ1 2022"
20210808,2021-08-08 00:00:00.000,2021,-2,True,3,"Q3",8,"August",31,"W31 2021",202131,-92,True,6,"Sunday","S​​​​​​","Weekend","FY2022","FQ1 2022"
20210815,2021-08-15 00:00:00.000,2021,-2,True,3,"Q3",8,"August",32,"W32 2021",202132,-91,True,6,"Sunday","S​​​​​​","Weekend","FY2022","FQ1 2022"
20210822,2021-08-22 00:00:00.000,2021,-2,True,3,"Q3",8,"August",33,"W33 2021",202133,-90,True,6,"Sunday","S​​​​​​","Weekend","FY2022","FQ1 2022"
20210829,2021-08-29 00:00:00.000,2021,-2,True,3,"Q3",8,"August",34,"W34 2021",202134,-89,True,6,"Sunday","S​​​​​​","Weekend","FY2022","FQ1 2022"
20210905,2021-09-05 00:00:00.000,2021,-2,True,3,"Q3",9,"September",35,"W35 2021",202135,-88,True,6,"Sunday","S​​​​​​","Weekend","FY2022","FQ1 2022"
20210912,2021-09-12 00:00:00.000,2021,-2,True,3,"Q3",9,"September",36,"W36 2021",202136,-87,True,6,"Sunday","S​​​​​​","Weekend","FY2022","FQ1 2022"
20210919,2021-09-19 00:00:00.000,2021,-2,True,3,"Q3",9,"September",37,"W37 2021",202137,-86,True,6,"Sunday","S​​​​​​","Weekend","FY2022","FQ1 2022"
20210926,2021-09-26 00:00:00.000,2021,-2,True,3,"Q3",9,"September",38,"W38 2021",202138,-85,True,6,"Sunday","S​​​​​​","Weekend","FY2022","FQ1 2022"
20211003,2021-10-03 00:00:00.000,2021,-2,True,4,"Q4",10,"October",39,"W39 2021",202139,-84,True,6,"Sunday","S​​​​​​","Weekend","FY2022","FQ2 2022"
20211010,2021-10-10 00:00:00.000,2021,-2,True,4,"Q4",10,"October",40,"W40 2021",202140,-83,True,6,"Sunday","S​​​​​​","Weekend","FY2022","FQ2 2022"
20211017,2021-10-17 00:00:00.000,2021,-2,True,4,"Q4",10,"October",41,"W41 2021",202141,-82,True,6,"Sunday","S​​​​​​","Weekend","FY2022","FQ2 2022"
20211024,2021-10-24 00:00:00.000,2021,-2,True,4,"Q4",10,"October",42,"W42 2021",202142,-81,True,6,"Sunday","S​​​​​​","Weekend","FY2022","FQ2 2022"
20211031,2021-10-31 00:00:00.000,2021,-2,True,4,"Q4",10,"October",43,"W43 2021",202143,-80,True,6,"Sunday","S​​​​​​","Weekend","FY2022","FQ2 2022"
20211107,2021-11-07 00:00:00.000,2021,-2,True,4,"Q4",11,"November",44,"W44 2021",202144,-79,True,6,"Sunday","S​​​​​​","Weekend","FY2022","FQ2 2022"
20211114,2021-11-14 00:00:00.000,2021,-2,True,4,"Q4",11,"November",45,"W45 2021",202145,-78,True,6,"Sunday","S​​​​​​","Weekend","FY2022","FQ2 2022"
20211121,2021-11-21 00:00:00.000,2021,-2,True,4,"Q4",11,"November",46,"W46 2021",202146,-77,True,6,"Sunday","S​​​​​​","Weekend","FY2022","FQ2 2022"
20211128,2021-11-28 00:00:00.000,2021,-2,True,4,"Q4",11,"November",47,"W47 2021",202147,-76,True,6,"Sunday","S​​​​​​","Weekend","FY2022","FQ2 2022"
20211205,2021-12-05 00:00:00.000,2021,-2,True,4,"Q4",12,"December",48,"W48 2021",202148,-75,True,6,"Sunday","S​​​​​​","Weekend","FY2022","FQ2 2022"
20211212,2021-12-12 00:00:00.000,2021,-2,True,4,"Q4",12,"December",49,"W49 2021",202149,-74,True,6,"Sunday","S​​​​​​","Weekend","FY2022","FQ2 2022"
20211219,2021-12-19 00:00:00.000,2021,-2,True,4,"Q4",12,"December",50,"W50 2021",202150,-73,True,6,"Sunday","S​​​​​​","Weekend","FY2022","FQ2 2022"
20211226,2021-12-26 00:00:00.000,2021,-2,True,4,"Q4",12,"December",51,"W51 2021",202151,-72,True,6,"Sunday","S​​​​​​","Weekend","FY2022","FQ2 2022"
20220102,2022-01-02 00:00:00.000,2022,-1,True,1,"Q1",1,"January",52,"W52 2021",202152,-71,True,6,"Sunday","S​​​​​​","Weekend","FY2022","FQ3 2022"
20220109,2022-01-09 00:00:00.000,2022,-1,True,1,"Q1",1,"January",1,"W01 2022",202201,-70,True,6,"Sunday","S​​​​​​","Weekend","FY2022","FQ3 2022"
20220116,2022-01-16 00:00:00.000,2022,-1,True,1,"Q1",1,"January",2,"W02 2022",202202,-69,True,6,"Sunday","S​​​​​​","Weekend","FY2022","FQ3 2022"
20220123,2022-01-23 00:00:00.000,2022,-1,True,1,"Q1",1,"January",3,"W03 2022",202203,-68,True,6,"Sunday","S​​​​​​","Weekend","FY2022","FQ3 2022"
20220130,2022-01-30 00:00:00.000,2022,-1,True,1,"Q1",1,"January",4,"W04 2022",202204,-67,True,6,"Sunday","S​​​​​​","Weekend","FY2022","FQ3 2022"
20220206,2022-02-06 00:00:00.000,2022,-1,True,1,"Q1",2,"February",5,"W05 2022",202205,-66,True,6,"Sunday","S​​​​​​","Weekend","FY2022","FQ3 2022"
20220213,2022-02-13 00:00:00.000,2022,-1,True,1,"Q1",2,"February",6,"W06 2022",202206,-65,True,6,"Sunday","S​​​​​​","Weekend","FY2022","FQ3 2022"
20220220,2022-02-20 00:00:00.000,2022,-1,True,1,"Q1",2,"February",7,"W07 2022",202207,-64,True,6,"Sunday","S​​​​​​","Weekend","FY2022","FQ3 2022"
20220227,2022-02-27 00:00:00.000,2022,-1,True,1,"Q1",2,"February",8,"W08 2022",202208,-63,True,6,"Sunday","S​​​​​​","Weekend","FY2022","FQ3 2022"
20220306,2022-03-06 00:00:00.000,2022,-1,True,1,"Q1",3,"March",9,"W09 2022",202209,-62,True,6,"Sunday","S​​​​​​","Weekend","FY2022","FQ3 2022"
20220313,2022-03-13 00:00:00.000,2022,-1,True,1,"Q1",3,"March",10,"W10 2022",202210,-61,True,6,"Sunday","S​​​​​​","Weekend","FY2022","FQ3 2022"
20220320,2022-03-20 00:00:00.000,2022,-1,True,1,"Q1",3,"March",11,"W11 2022",202211,-60,True,6,"Sunday","S​​​​​​","Weekend","FY2022","FQ3 2022"
20220327,2022-03-27 00:00:00.000,2022,-1,True,1,"Q1",3,"March",12,"W12 2022",202212,-59,True,6,"Sunday","S​​​​​​","Weekend","FY2022","FQ3 2022"
20220403,2022-04-03 00:00:00.000,2022,-1,True,2,"Q2",4,"April",13,"W13 2022",202213,-58,True,6,"Sunday","S​​​​​​","Weekend","FY2022","FQ4 2022"
20220410,2022-04-10 00:00:00.000,2022,-1,True,2,"Q2",4,"April",14,"W14 2022",202214,-57,True,6,"Sunday","S​​​​​​","Weekend","FY2022","FQ4 2022"
20220417,2022-04-17 00:00:00.000,2022,-1,True,2,"Q2",4,"April",15,"W15 2022",202215,-56,True,6,"Sunday","S​​​​​​","Weekend","FY2022","FQ4 2022"
20220424,2022-04-24 00:00:00.000,2022,-1,True,2,"Q2",4,"April",16,"W16 2022",202216,-55,True,6,"Sunday","S​​​​​​","Weekend","FY2022","FQ4 2022"
20220501,2022-05-01 00:00:00.000,2022,-1,True,2,"Q2",5,"May",17,"W17 2022",202217,-54,True,6,"Sunday","S​​​​​​","Weekend","FY2022","FQ4 2022"
20220508,2022-05-08 00:00:00.000,2022,-1,True,2,"Q2",5,"May",18,"W18 2022",202218,-53,True,6,"Sunday","S​​​​​​","Weekend","FY2022","FQ4 2022"
20220515,2022-05-15 00:00:00.000,2022,-1,True,2,"Q2",5,"May",19,"W19 2022",202219,-52,True,6,"Sunday","S​​​​​​","Weekend","FY2022","FQ4 2022"
20220522,2022-05-22 00:00:00.000,2022,-1,True,2,"Q2",5,"May",20,"W20 2022",202220,-51,True,6,"Sunday","S​​​​​​","Weekend","FY2022","FQ4 2022"
20220529,2022-05-29 00:00:00.000,2022,-1,True,2,"Q2",5,"May",21,"W21 2022",202221,-50,True,6,"Sunday","S​​​​​​","Weekend","FY2022","FQ4 2022"
20220605,2022-06-05 00:00:00.000,2022,-1,True,2,"Q2",6,"June",22,"W22 2022",202222,-49,True,6,"Sunday","S​​​​​​","Weekend","FY2022","FQ4 2022"
20220612,2022-06-12 00:00:00.000,2022,-1,True,2,"Q2",6,"June",23,"W23 2022",202223,-48,True,6,"Sunday","S​​​​​​","Weekend","FY2022","FQ4 2022"
20220619,2022-06-19 00:00:00.000,2022,-1,True,2,"Q2",6,"June",24,"W24 2022",202224,-47,True,6,"Sunday","S​​​​​​","Weekend","FY2022","FQ4 2022"
20220626,2022-06-26 00:00:00.000,2022,-1,True,2,"Q2",6,"June",25,"W25 2022",202225,-46,True,6,"Sunday","S​​​​​​","Weekend","FY2022","FQ4 2022"
20220703,2022-07-03 00:00:00.000,2022,-1,True,3,"Q3",7,"July",26,"W26 2022",202226,-45,True,6,"Sunday","S​​​​​​","Weekend","FY2023","FQ1 2023"
20220710,2022-07-10 00:00:00.000,2022,-1,True,3,"Q3",7,"July",27,"W27 2022",202227,-44,True,6,"Sunday","S​​​​​​","Weekend","FY2023","FQ1 2023"
20220717,2022-07-17 00:00:00.000,2022,-1,True,3,"Q3",7,"July",28,"W28 2022",202228,-43,True,6,"Sunday","S​​​​​​","Weekend","FY2023","FQ1 2023"
20220724,2022-07-24 00:00:00.000,2022,-1,True,3,"Q3",7,"July",29,"W29 2022",202229,-42,True,6,"Sunday","S​​​​​​","Weekend","FY2023","FQ1 2023"
20220731,2022-07-31 00:00:00.000,2022,-1,True,3,"Q3",7,"July",30,"W30 2022",202230,-41,True,6,"Sunday","S​​​​​​","Weekend","FY2023","FQ1 2023"
20220807,2022-08-07 00:00:00.000,2022,-1,True,3,"Q3",8,"August",31,"W31 2022",202231,-40,True,6,"Sunday","S​​​​​​","Weekend","FY2023","FQ1 2023"
20220814,2022-08-14 00:00:00.000,2022,-1,True,3,"Q3",8,"August",32,"W32 2022",202232,-39,True,6,"Sunday","S​​​​​​","Weekend","FY2023","FQ1 2023"
20220821,2022-08-21 00:00:00.000,2022,-1,True,3,"Q3",8,"August",33,"W33 2022",202233,-38,True,6,"Sunday","S​​​​​​","Weekend","FY2023","FQ1 2023"
20220828,2022-08-28 00:00:00.000,2022,-1,True,3,"Q3",8,"August",34,"W34 2022",202234,-37,True,6,"Sunday","S​​​​​​","Weekend","FY2023","FQ1 2023"
20220904,2022-09-04 00:00:00.000,2022,-1,True,3,"Q3",9,"September",35,"W35 2022",202235,-36,True,6,"Sunday","S​​​​​​","Weekend","FY2023","FQ1 2023"
20220911,2022-09-11 00:00:00.000,2022,-1,True,3,"Q3",9,"September",36,"W36 2022",202236,-35,True,6,"Sunday","S​​​​​​","Weekend","FY2023","FQ1 2023"
20220918,2022-09-18 00:00:00.000,2022,-1,True,3,"Q3",9,"September",37,"W37 2022",202237,-34,True,6,"Sunday","S​​​​​​","Weekend","FY2023","FQ1 2023"
20220925,2022-09-25 00:00:00.000,2022,-1,True,3,"Q3",9,"September",38,"W38 2022",202238,-33,True,6,"Sunday","S​​​​​​","Weekend","FY2023","FQ1 2023"
20221002,2022-10-02 00:00:00.000,2022,-1,True,4,"Q4",10,"October",39,"W39 2022",202239,-32,True,6,"Sunday","S​​​​​​","Weekend","FY2023","FQ2 2023"
20221009,2022-10-09 00:00:00.000,2022,-1,True,4,"Q4",10,"October",40,"W40 2022",202240,-31,True,6,"Sunday","S​​​​​​","Weekend","FY2023","FQ2 2023"
20221016,2022-10-16 00:00:00.000,2022,-1,True,4,"Q4",10,"October",41,"W41 2022",202241,-30,True,6,"Sunday","S​​​​​​","Weekend","FY2023","FQ2 2023"
20221023,2022-10-23 00:00:00.000,2022,-1,True,4,"Q4",10,"October",42,"W42 2022",202242,-29,True,6,"Sunday","S​​​​​​","Weekend","FY2023","FQ2 2023"
20221030,2022-10-30 00:00:00.000,2022,-1,True,4,"Q4",10,"October",43,"W43 2022",202243,-28,True,6,"Sunday","S​​​​​​","Weekend","FY2023","FQ2 2023"
20221106,2022-11-06 00:00:00.000,2022,-1,True,4,"Q4",11,"November",44,"W44 2022",202244,-27,True,6,"Sunday","S​​​​​​","Weekend","FY2023","FQ2 2023"
20221113,2022-11-13 00:00:00.000,2022,-1,True,4,"Q4",11,"November",45,"W45 2022",202245,-26,True,6,"Sunday","S​​​​​​","Weekend","FY2023","FQ2 2023"
20221120,2022-11-20 00:00:00.000,2022,-1,True,4,"Q4",11,"November",46,"W46 2022",202246,-25,True,6,"Sunday","S​​​​​​","Weekend","FY2023","FQ2 2023"
20221127,2022-11-27 00:00:00.000,2022,-1,True,4,"Q4",11,"November",47,"W47 2022",202247,-24,True,6,"Sunday","S​​​​​​","Weekend","FY2023","FQ2 2023"
20221204,2022-12-04 00:00:00.000,2022,-1,True,4,"Q4",12,"December",48,"W48 2022",202248,-23,True,6,"Sunday","S​​​​​​","Weekend","FY2023","FQ2 2023"
20221211,2022-12-11 00:00:00.000,2022,-1,True,4,"Q4",12,"December",49,"W49 2022",202249,-22,True,6,"Sunday","S​​​​​​","Weekend","FY2023","FQ2 2023"
20221218,2022-12-18 00:00:00.000,2022,-1,True,4,"Q4",12,"December",50,"W50 2022",202250,-21,True,6,"Sunday","S​​​​​​","Weekend","FY2023","FQ2 2023"
20221225,2022-12-25 00:00:00.000,2022,-1,True,4,"Q4",12,"December",51,"W51 2022",202251,-20,True,6,"Sunday","S​​​​​​","Weekend","FY2023","FQ2 2023"
20180106,2018-01-06 00:00:00.000,2018,-5,True,1,"Q1",1,"January",1,"W01 2018",201801,-279,True,5,"Saturday","S​​​​​","Weekend","FY2018","FQ3 2018"
20180113,2018-01-13 00:00:00.000,2018,-5,True,1,"Q1",1,"January",2,"W02 2018",201802,-278,True,5,"Saturday","S​​​​​","Weekend","FY2018","FQ3 2018"
20180120,2018-01-20 00:00:00.000,2018,-5,True,1,"Q1",1,"January",3,"W03 2018",201803,-277,True,5,"Saturday","S​​​​​","Weekend","FY2018","FQ3 2018"
20180127,2018-01-27 00:00:00.000,2018,-5,True,1,"Q1",1,"January",4,"W04 2018",201804,-276,True,5,"Saturday","S​​​​​","Weekend","FY2018","FQ3 2018"
20180203,2018-02-03 00:00:00.000,2018,-5,True,1,"Q1",2,"February",5,"W05 2018",201805,-275,True,5,"Saturday","S​​​​​","Weekend","FY2018","FQ3 2018"
20180210,2018-02-10 00:00:00.000,2018,-5,True,1,"Q1",2,"February",6,"W06 2018",201806,-274,True,5,"Saturday","S​​​​​","Weekend","FY2018","FQ3 2018"
20180217,2018-02-17 00:00:00.000,2018,-5,True,1,"Q1",2,"February",7,"W07 2018",201807,-273,True,5,"Saturday","S​​​​​","Weekend","FY2018","FQ3 2018"
20180224,2018-02-24 00:00:00.000,2018,-5,True,1,"Q1",2,"February",8,"W08 2018",201808,-272,True,5,"Saturday","S​​​​​","Weekend","FY2018","FQ3 2018"
20180303,2018-03-03 00:00:00.000,2018,-5,True,1,"Q1",3,"March",9,"W09 2018",201809,-271,True,5,"Saturday","S​​​​​","Weekend","FY2018","FQ3 2018"
20180310,2018-03-10 00:00:00.000,2018,-5,True,1,"Q1",3,"March",10,"W10 2018",201810,-270,True,5,"Saturday","S​​​​​","Weekend","FY2018","FQ3 2018"
20180317,2018-03-17 00:00:00.000,2018,-5,True,1,"Q1",3,"March",11,"W11 2018",201811,-269,True,5,"Saturday","S​​​​​","Weekend","FY2018","FQ3 2018"
20180324,2018-03-24 00:00:00.000,2018,-5,True,1,"Q1",3,"March",12,"W12 2018",201812,-268,True,5,"Saturday","S​​​​​","Weekend","FY2018","FQ3 2018"
20180331,2018-03-31 00:00:00.000,2018,-5,True,1,"Q1",3,"March",13,"W13 2018",201813,-267,True,5,"Saturday","S​​​​​","Weekend","FY2018","FQ3 2018"
20180407,2018-04-07 00:00:00.000,2018,-5,True,2,"Q2",4,"April",14,"W14 2018",201814,-266,True,5,"Saturday","S​​​​​","Weekend","FY2018","FQ4 2018"
20180414,2018-04-14 00:00:00.000,2018,-5,True,2,"Q2",4,"April",15,"W15 2018",201815,-265,True,5,"Saturday","S​​​​​","Weekend","FY2018","FQ4 2018"
20180421,2018-04-21 00:00:00.000,2018,-5,True,2,"Q2",4,"April",16,"W16 2018",201816,-264,True,5,"Saturday","S​​​​​","Weekend","FY2018","FQ4 2018"
20180428,2018-04-28 00:00:00.000,2018,-5,True,2,"Q2",4,"April",17,"W17 2018",201817,-263,True,5,"Saturday","S​​​​​","Weekend","FY2018","FQ4 2018"
20180505,2018-05-05 00:00:00.000,2018,-5,True,2,"Q2",5,"May",18,"W18 2018",201818,-262,True,5,"Saturday","S​​​​​","Weekend","FY2018","FQ4 2018"
20180512,2018-05-12 00:00:00.000,2018,-5,True,2,"Q2",5,"May",19,"W19 2018",201819,-261,True,5,"Saturday","S​​​​​","Weekend","FY2018","FQ4 2018"
20180519,2018-05-19 00:00:00.000,2018,-5,True,2,"Q2",5,"May",20,"W20 2018",201820,-260,True,5,"Saturday","S​​​​​","Weekend","FY2018","FQ4 2018"
20180526,2018-05-26 00:00:00.000,2018,-5,True,2,"Q2",5,"May",21,"W21 2018",201821,-259,True,5,"Saturday","S​​​​​","Weekend","FY2018","FQ4 2018"
20180602,2018-06-02 00:00:00.000,2018,-5,True,2,"Q2",6,"June",22,"W22 2018",201822,-258,True,5,"Saturday","S​​​​​","Weekend","FY2018","FQ4 2018"
20180609,2018-06-09 00:00:00.000,2018,-5,True,2,"Q2",6,"June",23,"W23 2018",201823,-257,True,5,"Saturday","S​​​​​","Weekend","FY2018","FQ4 2018"
20180616,2018-06-16 00:00:00.000,2018,-5,True,2,"Q2",6,"June",24,"W24 2018",201824,-256,True,5,"Saturday","S​​​​​","Weekend","FY2018","FQ4 2018"
20180623,2018-06-23 00:00:00.000,2018,-5,True,2,"Q2",6,"June",25,"W25 2018",201825,-255,True,5,"Saturday","S​​​​​","Weekend","FY2018","FQ4 2018"
20180630,2018-06-30 00:00:00.000,2018,-5,True,2,"Q2",6,"June",26,"W26 2018",201826,-254,True,5,"Saturday","S​​​​​","Weekend","FY2018","FQ4 2018"
20180707,2018-07-07 00:00:00.000,2018,-5,True,3,"Q3",7,"July",27,"W27 2018",201827,-253,True,5,"Saturday","S​​​​​","Weekend","FY2019","FQ1 2019"
20180714,2018-07-14 00:00:00.000,2018,-5,True,3,"Q3",7,"July",28,"W28 2018",201828,-252,True,5,"Saturday","S​​​​​","Weekend","FY2019","FQ1 2019"
20180721,2018-07-21 00:00:00.000,2018,-5,True,3,"Q3",7,"July",29,"W29 2018",201829,-251,True,5,"Saturday","S​​​​​","Weekend","FY2019","FQ1 2019"
20180728,2018-07-28 00:00:00.000,2018,-5,True,3,"Q3",7,"July",30,"W30 2018",201830,-250,True,5,"Saturday","S​​​​​","Weekend","FY2019","FQ1 2019"
20180804,2018-08-04 00:00:00.000,2018,-5,True,3,"Q3",8,"August",31,"W31 2018",201831,-249,True,5,"Saturday","S​​​​​","Weekend","FY2019","FQ1 2019"
20180811,2018-08-11 00:00:00.000,2018,-5,True,3,"Q3",8,"August",32,"W32 2018",201832,-248,True,5,"Saturday","S​​​​​","Weekend","FY2019","FQ1 2019"
20180818,2018-08-18 00:00:00.000,2018,-5,True,3,"Q3",8,"August",33,"W33 2018",201833,-247,True,5,"Saturday","S​​​​​","Weekend","FY2019","FQ1 2019"
20180825,2018-08-25 00:00:00.000,2018,-5,True,3,"Q3",8,"August",34,"W34 2018",201834,-246,True,5,"Saturday","S​​​​​","Weekend","FY2019","FQ1 2019"
20180901,2018-09-01 00:00:00.000,2018,-5,True,3,"Q3",9,"September",35,"W35 2018",201835,-245,True,5,"Saturday","S​​​​​","Weekend","FY2019","FQ1 2019"
20180908,2018-09-08 00:00:00.000,2018,-5,True,3,"Q3",9,"September",36,"W36 2018",201836,-244,True,5,"Saturday","S​​​​​","Weekend","FY2019","FQ1 2019"
20180915,2018-09-15 00:00:00.000,2018,-5,True,3,"Q3",9,"September",37,"W37 2018",201837,-243,True,5,"Saturday","S​​​​​","Weekend","FY2019","FQ1 2019"
20180922,2018-09-22 00:00:00.000,2018,-5,True,3,"Q3",9,"September",38,"W38 2018",201838,-242,True,5,"Saturday","S​​​​​","Weekend","FY2019","FQ1 2019"
20180929,2018-09-29 00:00:00.000,2018,-5,True,3,"Q3",9,"September",39,"W39 2018",201839,-241,True,5,"Saturday","S​​​​​","Weekend","FY2019","FQ1 2019"
20181006,2018-10-06 00:00:00.000,2018,-5,True,4,"Q4",10,"October",40,"W40 2018",201840,-240,True,5,"Saturday","S​​​​​","Weekend","FY2019","FQ2 2019"
20181013,2018-10-13 00:00:00.000,2018,-5,True,4,"Q4",10,"October",41,"W41 2018",201841,-239,True,5,"Saturday","S​​​​​","Weekend","FY2019","FQ2 2019"
20181020,2018-10-20 00:00:00.000,2018,-5,True,4,"Q4",10,"October",42,"W42 2018",201842,-238,True,5,"Saturday","S​​​​​","Weekend","FY2019","FQ2 2019"
20181027,2018-10-27 00:00:00.000,2018,-5,True,4,"Q4",10,"October",43,"W43 2018",201843,-237,True,5,"Saturday","S​​​​​","Weekend","FY2019","FQ2 2019"
20181103,2018-11-03 00:00:00.000,2018,-5,True,4,"Q4",11,"November",44,"W44 2018",201844,-236,True,5,"Saturday","S​​​​​","Weekend","FY2019","FQ2 2019"
20181110,2018-11-10 00:00:00.000,2018,-5,True,4,"Q4",11,"November",45,"W45 2018",201845,-235,True,5,"Saturday","S​​​​​","Weekend","FY2019","FQ2 2019"
20181117,2018-11-17 00:00:00.000,2018,-5,True,4,"Q4",11,"November",46,"W46 2018",201846,-234,True,5,"Saturday","S​​​​​","Weekend","FY2019","FQ2 2019"
20181124,2018-11-24 00:00:00.000,2018,-5,True,4,"Q4",11,"November",47,"W47 2018",201847,-233,True,5,"Saturday","S​​​​​","Weekend","FY2019","FQ2 2019"
20181201,2018-12-01 00:00:00.000,2018,-5,True,4,"Q4",12,"December",48,"W48 2018",201848,-232,True,5,"Saturday","S​​​​​","Weekend","FY2019","FQ2 2019"
20181208,2018-12-08 00:00:00.000,2018,-5,True,4,"Q4",12,"December",49,"W49 2018",201849,-231,True,5,"Saturday","S​​​​​","Weekend","FY2019","FQ2 2019"
20181215,2018-12-15 00:00:00.000,2018,-5,True,4,"Q4",12,"December",50,"W50 2018",201850,-230,True,5,"Saturday","S​​​​​","Weekend","FY2019","FQ2 2019"
20181222,2018-12-22 00:00:00.000,2018,-5,True,4,"Q4",12,"December",51,"W51 2018",201851,-229,True,5,"Saturday","S​​​​​","Weekend","FY2019","FQ2 2019"
20181229,2018-12-29 00:00:00.000,2018,-5,True,4,"Q4",12,"December",52,"W52 2018",201852,-228,True,5,"Saturday","S​​​​​","Weekend","FY2019","FQ2 2019"
20190105,2019-01-05 00:00:00.000,2019,-4,True,1,"Q1",1,"January",1,"W01 2019",201901,-227,True,5,"Saturday","S​​​​​","Weekend","FY2019","FQ3 2019"
20190112,2019-01-12 00:00:00.000,2019,-4,True,1,"Q1",1,"January",2,"W02 2019",201902,-226,True,5,"Saturday","S​​​​​","Weekend","FY2019","FQ3 2019"
20190119,2019-01-19 00:00:00.000,2019,-4,True,1,"Q1",1,"January",3,"W03 2019",201903,-225,True,5,"Saturday","S​​​​​","Weekend","FY2019","FQ3 2019"
20190126,2019-01-26 00:00:00.000,2019,-4,True,1,"Q1",1,"January",4,"W04 2019",201904,-224,True,5,"Saturday","S​​​​​","Weekend","FY2019","FQ3 2019"
20190202,2019-02-02 00:00:00.000,2019,-4,True,1,"Q1",2,"February",5,"W05 2019",201905,-223,True,5,"Saturday","S​​​​​","Weekend","FY2019","FQ3 2019"
20190209,2019-02-09 00:00:00.000,2019,-4,True,1,"Q1",2,"February",6,"W06 2019",201906,-222,True,5,"Saturday","S​​​​​","Weekend","FY2019","FQ3 2019"
20190216,2019-02-16 00:00:00.000,2019,-4,True,1,"Q1",2,"February",7,"W07 2019",201907,-221,True,5,"Saturday","S​​​​​","Weekend","FY2019","FQ3 2019"
20190223,2019-02-23 00:00:00.000,2019,-4,True,1,"Q1",2,"February",8,"W08 2019",201908,-220,True,5,"Saturday","S​​​​​","Weekend","FY2019","FQ3 2019"
20190302,2019-03-02 00:00:00.000,2019,-4,True,1,"Q1",3,"March",9,"W09 2019",201909,-219,True,5,"Saturday","S​​​​​","Weekend","FY2019","FQ3 2019"
20190309,2019-03-09 00:00:00.000,2019,-4,True,1,"Q1",3,"March",10,"W10 2019",201910,-218,True,5,"Saturday","S​​​​​","Weekend","FY2019","FQ3 2019"
20190316,2019-03-16 00:00:00.000,2019,-4,True,1,"Q1",3,"March",11,"W11 2019",201911,-217,True,5,"Saturday","S​​​​​","Weekend","FY2019","FQ3 2019"
20190323,2019-03-23 00:00:00.000,2019,-4,True,1,"Q1",3,"March",12,"W12 2019",201912,-216,True,5,"Saturday","S​​​​​","Weekend","FY2019","FQ3 2019"
20190330,2019-03-30 00:00:00.000,2019,-4,True,1,"Q1",3,"March",13,"W13 2019",201913,-215,True,5,"Saturday","S​​​​​","Weekend","FY2019","FQ3 2019"
20190406,2019-04-06 00:00:00.000,2019,-4,True,2,"Q2",4,"April",14,"W14 2019",201914,-214,True,5,"Saturday","S​​​​​","Weekend","FY2019","FQ4 2019"
20190413,2019-04-13 00:00:00.000,2019,-4,True,2,"Q2",4,"April",15,"W15 2019",201915,-213,True,5,"Saturday","S​​​​​","Weekend","FY2019","FQ4 2019"
20190420,2019-04-20 00:00:00.000,2019,-4,True,2,"Q2",4,"April",16,"W16 2019",201916,-212,True,5,"Saturday","S​​​​​","Weekend","FY2019","FQ4 2019"
20190427,2019-04-27 00:00:00.000,2019,-4,True,2,"Q2",4,"April",17,"W17 2019",201917,-211,True,5,"Saturday","S​​​​​","Weekend","FY2019","FQ4 2019"
20190504,2019-05-04 00:00:00.000,2019,-4,True,2,"Q2",5,"May",18,"W18 2019",201918,-210,True,5,"Saturday","S​​​​​","Weekend","FY2019","FQ4 2019"
20190511,2019-05-11 00:00:00.000,2019,-4,True,2,"Q2",5,"May",19,"W19 2019",201919,-209,True,5,"Saturday","S​​​​​","Weekend","FY2019","FQ4 2019"
20190518,2019-05-18 00:00:00.000,2019,-4,True,2,"Q2",5,"May",20,"W20 2019",201920,-208,True,5,"Saturday","S​​​​​","Weekend","FY2019","FQ4 2019"
20190525,2019-05-25 00:00:00.000,2019,-4,True,2,"Q2",5,"May",21,"W21 2019",201921,-207,True,5,"Saturday","S​​​​​","Weekend","FY2019","FQ4 2019"
20190601,2019-06-01 00:00:00.000,2019,-4,True,2,"Q2",6,"June",22,"W22 2019",201922,-206,True,5,"Saturday","S​​​​​","Weekend","FY2019","FQ4 2019"
20190608,2019-06-08 00:00:00.000,2019,-4,True,2,"Q2",6,"June",23,"W23 2019",201923,-205,True,5,"Saturday","S​​​​​","Weekend","FY2019","FQ4 2019"
20190615,2019-06-15 00:00:00.000,2019,-4,True,2,"Q2",6,"June",24,"W24 2019",201924,-204,True,5,"Saturday","S​​​​​","Weekend","FY2019","FQ4 2019"
20190622,2019-06-22 00:00:00.000,2019,-4,True,2,"Q2",6,"June",25,"W25 2019",201925,-203,True,5,"Saturday","S​​​​​","Weekend","FY2019","FQ4 2019"
20190629,2019-06-29 00:00:00.000,2019,-4,True,2,"Q2",6,"June",26,"W26 2019",201926,-202,True,5,"Saturday","S​​​​​","Weekend","FY2019","FQ4 2019"
20190706,2019-07-06 00:00:00.000,2019,-4,True,3,"Q3",7,"July",27,"W27 2019",201927,-201,True,5,"Saturday","S​​​​​","Weekend","FY2020","FQ1 2020"
20190713,2019-07-13 00:00:00.000,2019,-4,True,3,"Q3",7,"July",28,"W28 2019",201928,-200,True,5,"Saturday","S​​​​​","Weekend","FY2020","FQ1 2020"
20190720,2019-07-20 00:00:00.000,2019,-4,True,3,"Q3",7,"July",29,"W29 2019",201929,-199,True,5,"Saturday","S​​​​​","Weekend","FY2020","FQ1 2020"
20190727,2019-07-27 00:00:00.000,2019,-4,True,3,"Q3",7,"July",30,"W30 2019",201930,-198,True,5,"Saturday","S​​​​​","Weekend","FY2020","FQ1 2020"
20190803,2019-08-03 00:00:00.000,2019,-4,True,3,"Q3",8,"August",31,"W31 2019",201931,-197,True,5,"Saturday","S​​​​​","Weekend","FY2020","FQ1 2020"
20190810,2019-08-10 00:00:00.000,2019,-4,True,3,"Q3",8,"August",32,"W32 2019",201932,-196,True,5,"Saturday","S​​​​​","Weekend","FY2020","FQ1 2020"
20190817,2019-08-17 00:00:00.000,2019,-4,True,3,"Q3",8,"August",33,"W33 2019",201933,-195,True,5,"Saturday","S​​​​​","Weekend","FY2020","FQ1 2020"
20190824,2019-08-24 00:00:00.000,2019,-4,True,3,"Q3",8,"August",34,"W34 2019",201934,-194,True,5,"Saturday","S​​​​​","Weekend","FY2020","FQ1 2020"
20190831,2019-08-31 00:00:00.000,2019,-4,True,3,"Q3",8,"August",35,"W35 2019",201935,-193,True,5,"Saturday","S​​​​​","Weekend","FY2020","FQ1 2020"
20190907,2019-09-07 00:00:00.000,2019,-4,True,3,"Q3",9,"September",36,"W36 2019",201936,-192,True,5,"Saturday","S​​​​​","Weekend","FY2020","FQ1 2020"
20190914,2019-09-14 00:00:00.000,2019,-4,True,3,"Q3",9,"September",37,"W37 2019",201937,-191,True,5,"Saturday","S​​​​​","Weekend","FY2020","FQ1 2020"
20190921,2019-09-21 00:00:00.000,2019,-4,True,3,"Q3",9,"September",38,"W38 2019",201938,-190,True,5,"Saturday","S​​​​​","Weekend","FY2020","FQ1 2020"
20190928,2019-09-28 00:00:00.000,2019,-4,True,3,"Q3",9,"September",39,"W39 2019",201939,-189,True,5,"Saturday","S​​​​​","Weekend","FY2020","FQ1 2020"
20191005,2019-10-05 00:00:00.000,2019,-4,True,4,"Q4",10,"October",40,"W40 2019",201940,-188,True,5,"Saturday","S​​​​​","Weekend","FY2020","FQ2 2020"
20191012,2019-10-12 00:00:00.000,2019,-4,True,4,"Q4",10,"October",41,"W41 2019",201941,-187,True,5,"Saturday","S​​​​​","Weekend","FY2020","FQ2 2020"
20191019,2019-10-19 00:00:00.000,2019,-4,True,4,"Q4",10,"October",42,"W42 2019",201942,-186,True,5,"Saturday","S​​​​​","Weekend","FY2020","FQ2 2020"
20191026,2019-10-26 00:00:00.000,2019,-4,True,4,"Q4",10,"October",43,"W43 2019",201943,-185,True,5,"Saturday","S​​​​​","Weekend","FY2020","FQ2 2020"
20191102,2019-11-02 00:00:00.000,2019,-4,True,4,"Q4",11,"November",44,"W44 2019",201944,-184,True,5,"Saturday","S​​​​​","Weekend","FY2020","FQ2 2020"
20191109,2019-11-09 00:00:00.000,2019,-4,True,4,"Q4",11,"November",45,"W45 2019",201945,-183,True,5,"Saturday","S​​​​​","Weekend","FY2020","FQ2 2020"
20191116,2019-11-16 00:00:00.000,2019,-4,True,4,"Q4",11,"November",46,"W46 2019",201946,-182,True,5,"Saturday","S​​​​​","Weekend","FY2020","FQ2 2020"
20191123,2019-11-23 00:00:00.000,2019,-4,True,4,"Q4",11,"November",47,"W47 2019",201947,-181,True,5,"Saturday","S​​​​​","Weekend","FY2020","FQ2 2020"
20191130,2019-11-30 00:00:00.000,2019,-4,True,4,"Q4",11,"November",48,"W48 2019",201948,-180,True,5,"Saturday","S​​​​​","Weekend","FY2020","FQ2 2020"
20191207,2019-12-07 00:00:00.000,2019,-4,True,4,"Q4",12,"December",49,"W49 2019",201949,-179,True,5,"Saturday","S​​​​​","Weekend","FY2020","FQ2 2020"
20191214,2019-12-14 00:00:00.000,2019,-4,True,4,"Q4",12,"December",50,"W50 2019",201950,-178,True,5,"Saturday","S​​​​​","Weekend","FY2020","FQ2 2020"
20191221,2019-12-21 00:00:00.000,2019,-4,True,4,"Q4",12,"December",51,"W51 2019",201951,-177,True,5,"Saturday","S​​​​​","Weekend","FY2020","FQ2 2020"
20191228,2019-12-28 00:00:00.000,2019,-4,True,4,"Q4",12,"December",52,"W52 2019",201952,-176,True,5,"Saturday","S​​​​​","Weekend","FY2020","FQ2 2020"
20200104,2020-01-04 00:00:00.000,2020,-3,True,1,"Q1",1,"January",1,"W01 2020",202001,-175,True,5,"Saturday","S​​​​​","Weekend","FY2020","FQ3 2020"
20200111,2020-01-11 00:00:00.000,2020,-3,True,1,"Q1",1,"January",2,"W02 2020",202002,-174,True,5,"Saturday","S​​​​​","Weekend","FY2020","FQ3 2020"
20200118,2020-01-18 00:00:00.000,2020,-3,True,1,"Q1",1,"January",3,"W03 2020",202003,-173,True,5,"Saturday","S​​​​​","Weekend","FY2020","FQ3 2020"
20200125,2020-01-25 00:00:00.000,2020,-3,True,1,"Q1",1,"January",4,"W04 2020",202004,-172,True,5,"Saturday","S​​​​​","Weekend","FY2020","FQ3 2020"
20200201,2020-02-01 00:00:00.000,2020,-3,True,1,"Q1",2,"February",5,"W05 2020",202005,-171,True,5,"Saturday","S​​​​​","Weekend","FY2020","FQ3 2020"
20200208,2020-02-08 00:00:00.000,2020,-3,True,1,"Q1",2,"February",6,"W06 2020",202006,-170,True,5,"Saturday","S​​​​​","Weekend","FY2020","FQ3 2020"
20200215,2020-02-15 00:00:00.000,2020,-3,True,1,"Q1",2,"February",7,"W07 2020",202007,-169,True,5,"Saturday","S​​​​​","Weekend","FY2020","FQ3 2020"
20200222,2020-02-22 00:00:00.000,2020,-3,True,1,"Q1",2,"February",8,"W08 2020",202008,-168,True,5,"Saturday","S​​​​​","Weekend","FY2020","FQ3 2020"
20200229,2020-02-29 00:00:00.000,2020,-3,True,1,"Q1",2,"February",9,"W09 2020",202009,-167,True,5,"Saturday","S​​​​​","Weekend","FY2020","FQ3 2020"
20200307,2020-03-07 00:00:00.000,2020,-3,True,1,"Q1",3,"March",10,"W10 2020",202010,-166,True,5,"Saturday","S​​​​​","Weekend","FY2020","FQ3 2020"
20200314,2020-03-14 00:00:00.000,2020,-3,True,1,"Q1",3,"March",11,"W11 2020",202011,-165,True,5,"Saturday","S​​​​​","Weekend","FY2020","FQ3 2020"
20200321,2020-03-21 00:00:00.000,2020,-3,True,1,"Q1",3,"March",12,"W12 2020",202012,-164,True,5,"Saturday","S​​​​​","Weekend","FY2020","FQ3 2020"
20200328,2020-03-28 00:00:00.000,2020,-3,True,1,"Q1",3,"March",13,"W13 2020",202013,-163,True,5,"Saturday","S​​​​​","Weekend","FY2020","FQ3 2020"
20200404,2020-04-04 00:00:00.000,2020,-3,True,2,"Q2",4,"April",14,"W14 2020",202014,-162,True,5,"Saturday","S​​​​​","Weekend","FY2020","FQ4 2020"
20200411,2020-04-11 00:00:00.000,2020,-3,True,2,"Q2",4,"April",15,"W15 2020",202015,-161,True,5,"Saturday","S​​​​​","Weekend","FY2020","FQ4 2020"
20200418,2020-04-18 00:00:00.000,2020,-3,True,2,"Q2",4,"April",16,"W16 2020",202016,-160,True,5,"Saturday","S​​​​​","Weekend","FY2020","FQ4 2020"
20200425,2020-04-25 00:00:00.000,2020,-3,True,2,"Q2",4,"April",17,"W17 2020",202017,-159,True,5,"Saturday","S​​​​​","Weekend","FY2020","FQ4 2020"
20200502,2020-05-02 00:00:00.000,2020,-3,True,2,"Q2",5,"May",18,"W18 2020",202018,-158,True,5,"Saturday","S​​​​​","Weekend","FY2020","FQ4 2020"
20200509,2020-05-09 00:00:00.000,2020,-3,True,2,"Q2",5,"May",19,"W19 2020",202019,-157,True,5,"Saturday","S​​​​​","Weekend","FY2020","FQ4 2020"
20200516,2020-05-16 00:00:00.000,2020,-3,True,2,"Q2",5,"May",20,"W20 2020",202020,-156,True,5,"Saturday","S​​​​​","Weekend","FY2020","FQ4 2020"
20200523,2020-05-23 00:00:00.000,2020,-3,True,2,"Q2",5,"May",21,"W21 2020",202021,-155,True,5,"Saturday","S​​​​​","Weekend","FY2020","FQ4 2020"
20200530,2020-05-30 00:00:00.000,2020,-3,True,2,"Q2",5,"May",22,"W22 2020",202022,-154,True,5,"Saturday","S​​​​​","Weekend","FY2020","FQ4 2020"
20200606,2020-06-06 00:00:00.000,2020,-3,True,2,"Q2",6,"June",23,"W23 2020",202023,-153,True,5,"Saturday","S​​​​​","Weekend","FY2020","FQ4 2020"
20200613,2020-06-13 00:00:00.000,2020,-3,True,2,"Q2",6,"June",24,"W24 2020",202024,-152,True,5,"Saturday","S​​​​​","Weekend","FY2020","FQ4 2020"
20200620,2020-06-20 00:00:00.000,2020,-3,True,2,"Q2",6,"June",25,"W25 2020",202025,-151,True,5,"Saturday","S​​​​​","Weekend","FY2020","FQ4 2020"
20200627,2020-06-27 00:00:00.000,2020,-3,True,2,"Q2",6,"June",26,"W26 2020",202026,-150,True,5,"Saturday","S​​​​​","Weekend","FY2020","FQ4 2020"
20200704,2020-07-04 00:00:00.000,2020,-3,True,3,"Q3",7,"July",27,"W27 2020",202027,-149,True,5,"Saturday","S​​​​​","Weekend","FY2021","FQ1 2021"
20200711,2020-07-11 00:00:00.000,2020,-3,True,3,"Q3",7,"July",28,"W28 2020",202028,-148,True,5,"Saturday","S​​​​​","Weekend","FY2021","FQ1 2021"
20200718,2020-07-18 00:00:00.000,2020,-3,True,3,"Q3",7,"July",29,"W29 2020",202029,-147,True,5,"Saturday","S​​​​​","Weekend","FY2021","FQ1 2021"
20200725,2020-07-25 00:00:00.000,2020,-3,True,3,"Q3",7,"July",30,"W30 2020",202030,-146,True,5,"Saturday","S​​​​​","Weekend","FY2021","FQ1 2021"
20200801,2020-08-01 00:00:00.000,2020,-3,True,3,"Q3",8,"August",31,"W31 2020",202031,-145,True,5,"Saturday","S​​​​​","Weekend","FY2021","FQ1 2021"
20200808,2020-08-08 00:00:00.000,2020,-3,True,3,"Q3",8,"August",32,"W32 2020",202032,-144,True,5,"Saturday","S​​​​​","Weekend","FY2021","FQ1 2021"
20200815,2020-08-15 00:00:00.000,2020,-3,True,3,"Q3",8,"August",33,"W33 2020",202033,-143,True,5,"Saturday","S​​​​​","Weekend","FY2021","FQ1 2021"
20200822,2020-08-22 00:00:00.000,2020,-3,True,3,"Q3",8,"August",34,"W34 2020",202034,-142,True,5,"Saturday","S​​​​​","Weekend","FY2021","FQ1 2021"
20200829,2020-08-29 00:00:00.000,2020,-3,True,3,"Q3",8,"August",35,"W35 2020",202035,-141,True,5,"Saturday","S​​​​​","Weekend","FY2021","FQ1 2021"
20200905,2020-09-05 00:00:00.000,2020,-3,True,3,"Q3",9,"September",36,"W36 2020",202036,-140,True,5,"Saturday","S​​​​​","Weekend","FY2021","FQ1 2021"
20200912,2020-09-12 00:00:00.000,2020,-3,True,3,"Q3",9,"September",37,"W37 2020",202037,-139,True,5,"Saturday","S​​​​​","Weekend","FY2021","FQ1 2021"
20200919,2020-09-19 00:00:00.000,2020,-3,True,3,"Q3",9,"September",38,"W38 2020",202038,-138,True,5,"Saturday","S​​​​​","Weekend","FY2021","FQ1 2021"
20200926,2020-09-26 00:00:00.000,2020,-3,True,3,"Q3",9,"September",39,"W39 2020",202039,-137,True,5,"Saturday","S​​​​​","Weekend","FY2021","FQ1 2021"
20201003,2020-10-03 00:00:00.000,2020,-3,True,4,"Q4",10,"October",40,"W40 2020",202040,-136,True,5,"Saturday","S​​​​​","Weekend","FY2021","FQ2 2021"
20201010,2020-10-10 00:00:00.000,2020,-3,True,4,"Q4",10,"October",41,"W41 2020",202041,-135,True,5,"Saturday","S​​​​​","Weekend","FY2021","FQ2 2021"
20201017,2020-10-17 00:00:00.000,2020,-3,True,4,"Q4",10,"October",42,"W42 2020",202042,-134,True,5,"Saturday","S​​​​​","Weekend","FY2021","FQ2 2021"
20201024,2020-10-24 00:00:00.000,2020,-3,True,4,"Q4",10,"October",43,"W43 2020",202043,-133,True,5,"Saturday","S​​​​​","Weekend","FY2021","FQ2 2021"
20201031,2020-10-31 00:00:00.000,2020,-3,True,4,"Q4",10,"October",44,"W44 2020",202044,-132,True,5,"Saturday","S​​​​​","Weekend","FY2021","FQ2 2021"
20201107,2020-11-07 00:00:00.000,2020,-3,True,4,"Q4",11,"November",45,"W45 2020",202045,-131,True,5,"Saturday","S​​​​​","Weekend","FY2021","FQ2 2021"
20201114,2020-11-14 00:00:00.000,2020,-3,True,4,"Q4",11,"November",46,"W46 2020",202046,-130,True,5,"Saturday","S​​​​​","Weekend","FY2021","FQ2 2021"
20201121,2020-11-21 00:00:00.000,2020,-3,True,4,"Q4",11,"November",47,"W47 2020",202047,-129,True,5,"Saturday","S​​​​​","Weekend","FY2021","FQ2 2021"
20201128,2020-11-28 00:00:00.000,2020,-3,True,4,"Q4",11,"November",48,"W48 2020",202048,-128,True,5,"Saturday","S​​​​​","Weekend","FY2021","FQ2 2021"
20201205,2020-12-05 00:00:00.000,2020,-3,True,4,"Q4",12,"December",49,"W49 2020",202049,-127,True,5,"Saturday","S​​​​​","Weekend","FY2021","FQ2 2021"
20201212,2020-12-12 00:00:00.000,2020,-3,True,4,"Q4",12,"December",50,"W50 2020",202050,-126,True,5,"Saturday","S​​​​​","Weekend","FY2021","FQ2 2021"
20201219,2020-12-19 00:00:00.000,2020,-3,True,4,"Q4",12,"December",51,"W51 2020",202051,-125,True,5,"Saturday","S​​​​​","Weekend","FY2021","FQ2 2021"
20201226,2020-12-26 00:00:00.000,2020,-3,True,4,"Q4",12,"December",52,"W52 2020",202052,-124,True,5,"Saturday","S​​​​​","Weekend","FY2021","FQ2 2021"
20210102,2021-01-02 00:00:00.000,2021,-2,True,1,"Q1",1,"January",53,"W53 2020",202053,-123,True,5,"Saturday","S​​​​​","Weekend","FY2021","FQ3 2021"
20210109,2021-01-09 00:00:00.000,2021,-2,True,1,"Q1",1,"January",1,"W01 2021",202101,-122,True,5,"Saturday","S​​​​​","Weekend","FY2021","FQ3 2021"
20210116,2021-01-16 00:00:00.000,2021,-2,True,1,"Q1",1,"January",2,"W02 2021",202102,-121,True,5,"Saturday","S​​​​​","Weekend","FY2021","FQ3 2021"
20210123,2021-01-23 00:00:00.000,2021,-2,True,1,"Q1",1,"January",3,"W03 2021",202103,-120,True,5,"Saturday","S​​​​​","Weekend","FY2021","FQ3 2021"
20210130,2021-01-30 00:00:00.000,2021,-2,True,1,"Q1",1,"January",4,"W04 2021",202104,-119,True,5,"Saturday","S​​​​​","Weekend","FY2021","FQ3 2021"
20210206,2021-02-06 00:00:00.000,2021,-2,True,1,"Q1",2,"February",5,"W05 2021",202105,-118,True,5,"Saturday","S​​​​​","Weekend","FY2021","FQ3 2021"
20210213,2021-02-13 00:00:00.000,2021,-2,True,1,"Q1",2,"February",6,"W06 2021",202106,-117,True,5,"Saturday","S​​​​​","Weekend","FY2021","FQ3 2021"
20210220,2021-02-20 00:00:00.000,2021,-2,True,1,"Q1",2,"February",7,"W07 2021",202107,-116,True,5,"Saturday","S​​​​​","Weekend","FY2021","FQ3 2021"
20210227,2021-02-27 00:00:00.000,2021,-2,True,1,"Q1",2,"February",8,"W08 2021",202108,-115,True,5,"Saturday","S​​​​​","Weekend","FY2021","FQ3 2021"
20210306,2021-03-06 00:00:00.000,2021,-2,True,1,"Q1",3,"March",9,"W09 2021",202109,-114,True,5,"Saturday","S​​​​​","Weekend","FY2021","FQ3 2021"
20210313,2021-03-13 00:00:00.000,2021,-2,True,1,"Q1",3,"March",10,"W10 2021",202110,-113,True,5,"Saturday","S​​​​​","Weekend","FY2021","FQ3 2021"
20210320,2021-03-20 00:00:00.000,2021,-2,True,1,"Q1",3,"March",11,"W11 2021",202111,-112,True,5,"Saturday","S​​​​​","Weekend","FY2021","FQ3 2021"
20210327,2021-03-27 00:00:00.000,2021,-2,True,1,"Q1",3,"March",12,"W12 2021",202112,-111,True,5,"Saturday","S​​​​​","Weekend","FY2021","FQ3 2021"
20210403,2021-04-03 00:00:00.000,2021,-2,True,2,"Q2",4,"April",13,"W13 2021",202113,-110,True,5,"Saturday","S​​​​​","Weekend","FY2021","FQ4 2021"
20210410,2021-04-10 00:00:00.000,2021,-2,True,2,"Q2",4,"April",14,"W14 2021",202114,-109,True,5,"Saturday","S​​​​​","Weekend","FY2021","FQ4 2021"
20210417,2021-04-17 00:00:00.000,2021,-2,True,2,"Q2",4,"April",15,"W15 2021",202115,-108,True,5,"Saturday","S​​​​​","Weekend","FY2021","FQ4 2021"
20210424,2021-04-24 00:00:00.000,2021,-2,True,2,"Q2",4,"April",16,"W16 2021",202116,-107,True,5,"Saturday","S​​​​​","Weekend","FY2021","FQ4 2021"
20210501,2021-05-01 00:00:00.000,2021,-2,True,2,"Q2",5,"May",17,"W17 2021",202117,-106,True,5,"Saturday","S​​​​​","Weekend","FY2021","FQ4 2021"
20210508,2021-05-08 00:00:00.000,2021,-2,True,2,"Q2",5,"May",18,"W18 2021",202118,-105,True,5,"Saturday","S​​​​​","Weekend","FY2021","FQ4 2021"
20210515,2021-05-15 00:00:00.000,2021,-2,True,2,"Q2",5,"May",19,"W19 2021",202119,-104,True,5,"Saturday","S​​​​​","Weekend","FY2021","FQ4 2021"
20210522,2021-05-22 00:00:00.000,2021,-2,True,2,"Q2",5,"May",20,"W20 2021",202120,-103,True,5,"Saturday","S​​​​​","Weekend","FY2021","FQ4 2021"
20210529,2021-05-29 00:00:00.000,2021,-2,True,2,"Q2",5,"May",21,"W21 2021",202121,-102,True,5,"Saturday","S​​​​​","Weekend","FY2021","FQ4 2021"
20210605,2021-06-05 00:00:00.000,2021,-2,True,2,"Q2",6,"June",22,"W22 2021",202122,-101,True,5,"Saturday","S​​​​​","Weekend","FY2021","FQ4 2021"
20210612,2021-06-12 00:00:00.000,2021,-2,True,2,"Q2",6,"June",23,"W23 2021",202123,-100,True,5,"Saturday","S​​​​​","Weekend","FY2021","FQ4 2021"
20210619,2021-06-19 00:00:00.000,2021,-2,True,2,"Q2",6,"June",24,"W24 2021",202124,-99,True,5,"Saturday","S​​​​​","Weekend","FY2021","FQ4 2021"
20210626,2021-06-26 00:00:00.000,2021,-2,True,2,"Q2",6,"June",25,"W25 2021",202125,-98,True,5,"Saturday","S​​​​​","Weekend","FY2021","FQ4 2021"
20210703,2021-07-03 00:00:00.000,2021,-2,True,3,"Q3",7,"July",26,"W26 2021",202126,-97,True,5,"Saturday","S​​​​​","Weekend","FY2022","FQ1 2022"
20210710,2021-07-10 00:00:00.000,2021,-2,True,3,"Q3",7,"July",27,"W27 2021",202127,-96,True,5,"Saturday","S​​​​​","Weekend","FY2022","FQ1 2022"
20210717,2021-07-17 00:00:00.000,2021,-2,True,3,"Q3",7,"July",28,"W28 2021",202128,-95,True,5,"Saturday","S​​​​​","Weekend","FY2022","FQ1 2022"
20210724,2021-07-24 00:00:00.000,2021,-2,True,3,"Q3",7,"July",29,"W29 2021",202129,-94,True,5,"Saturday","S​​​​​","Weekend","FY2022","FQ1 2022"
20210731,2021-07-31 00:00:00.000,2021,-2,True,3,"Q3",7,"July",30,"W30 2021",202130,-93,True,5,"Saturday","S​​​​​","Weekend","FY2022","FQ1 2022"
20210807,2021-08-07 00:00:00.000,2021,-2,True,3,"Q3",8,"August",31,"W31 2021",202131,-92,True,5,"Saturday","S​​​​​","Weekend","FY2022","FQ1 2022"
20210814,2021-08-14 00:00:00.000,2021,-2,True,3,"Q3",8,"August",32,"W32 2021",202132,-91,True,5,"Saturday","S​​​​​","Weekend","FY2022","FQ1 2022"
20210821,2021-08-21 00:00:00.000,2021,-2,True,3,"Q3",8,"August",33,"W33 2021",202133,-90,True,5,"Saturday","S​​​​​","Weekend","FY2022","FQ1 2022"
20210828,2021-08-28 00:00:00.000,2021,-2,True,3,"Q3",8,"August",34,"W34 2021",202134,-89,True,5,"Saturday","S​​​​​","Weekend","FY2022","FQ1 2022"
20210904,2021-09-04 00:00:00.000,2021,-2,True,3,"Q3",9,"September",35,"W35 2021",202135,-88,True,5,"Saturday","S​​​​​","Weekend","FY2022","FQ1 2022"
20210911,2021-09-11 00:00:00.000,2021,-2,True,3,"Q3",9,"September",36,"W36 2021",202136,-87,True,5,"Saturday","S​​​​​","Weekend","FY2022","FQ1 2022"
20210918,2021-09-18 00:00:00.000,2021,-2,True,3,"Q3",9,"September",37,"W37 2021",202137,-86,True,5,"Saturday","S​​​​​","Weekend","FY2022","FQ1 2022"
20210925,2021-09-25 00:00:00.000,2021,-2,True,3,"Q3",9,"September",38,"W38 2021",202138,-85,True,5,"Saturday","S​​​​​","Weekend","FY2022","FQ1 2022"
20211002,2021-10-02 00:00:00.000,2021,-2,True,4,"Q4",10,"October",39,"W39 2021",202139,-84,True,5,"Saturday","S​​​​​","Weekend","FY2022","FQ2 2022"
20211009,2021-10-09 00:00:00.000,2021,-2,True,4,"Q4",10,"October",40,"W40 2021",202140,-83,True,5,"Saturday","S​​​​​","Weekend","FY2022","FQ2 2022"
20211016,2021-10-16 00:00:00.000,2021,-2,True,4,"Q4",10,"October",41,"W41 2021",202141,-82,True,5,"Saturday","S​​​​​","Weekend","FY2022","FQ2 2022"
20211023,2021-10-23 00:00:00.000,2021,-2,True,4,"Q4",10,"October",42,"W42 2021",202142,-81,True,5,"Saturday","S​​​​​","Weekend","FY2022","FQ2 2022"
20211030,2021-10-30 00:00:00.000,2021,-2,True,4,"Q4",10,"October",43,"W43 2021",202143,-80,True,5,"Saturday","S​​​​​","Weekend","FY2022","FQ2 2022"
20211106,2021-11-06 00:00:00.000,2021,-2,True,4,"Q4",11,"November",44,"W44 2021",202144,-79,True,5,"Saturday","S​​​​​","Weekend","FY2022","FQ2 2022"
20211113,2021-11-13 00:00:00.000,2021,-2,True,4,"Q4",11,"November",45,"W45 2021",202145,-78,True,5,"Saturday","S​​​​​","Weekend","FY2022","FQ2 2022"
20211120,2021-11-20 00:00:00.000,2021,-2,True,4,"Q4",11,"November",46,"W46 2021",202146,-77,True,5,"Saturday","S​​​​​","Weekend","FY2022","FQ2 2022"
20211127,2021-11-27 00:00:00.000,2021,-2,True,4,"Q4",11,"November",47,"W47 2021",202147,-76,True,5,"Saturday","S​​​​​","Weekend","FY2022","FQ2 2022"
20211204,2021-12-04 00:00:00.000,2021,-2,True,4,"Q4",12,"December",48,"W48 2021",202148,-75,True,5,"Saturday","S​​​​​","Weekend","FY2022","FQ2 2022"
20211211,2021-12-11 00:00:00.000,2021,-2,True,4,"Q4",12,"December",49,"W49 2021",202149,-74,True,5,"Saturday","S​​​​​","Weekend","FY2022","FQ2 2022"
20211218,2021-12-18 00:00:00.000,2021,-2,True,4,"Q4",12,"December",50,"W50 2021",202150,-73,True,5,"Saturday","S​​​​​","Weekend","FY2022","FQ2 2022"
20211225,2021-12-25 00:00:00.000,2021,-2,True,4,"Q4",12,"December",51,"W51 2021",202151,-72,True,5,"Saturday","S​​​​​","Weekend","FY2022","FQ2 2022"
20220101,2022-01-01 00:00:00.000,2022,-1,True,1,"Q1",1,"January",52,"W52 2021",202152,-71,True,5,"Saturday","S​​​​​","Weekend","FY2022","FQ3 2022"
20220108,2022-01-08 00:00:00.000,2022,-1,True,1,"Q1",1,"January",1,"W01 2022",202201,-70,True,5,"Saturday","S​​​​​","Weekend","FY2022","FQ3 2022"
20220115,2022-01-15 00:00:00.000,2022,-1,True,1,"Q1",1,"January",2,"W02 2022",202202,-69,True,5,"Saturday","S​​​​​","Weekend","FY2022","FQ3 2022"
20220122,2022-01-22 00:00:00.000,2022,-1,True,1,"Q1",1,"January",3,"W03 2022",202203,-68,True,5,"Saturday","S​​​​​","Weekend","FY2022","FQ3 2022"
20220129,2022-01-29 00:00:00.000,2022,-1,True,1,"Q1",1,"January",4,"W04 2022",202204,-67,True,5,"Saturday","S​​​​​","Weekend","FY2022","FQ3 2022"
20220205,2022-02-05 00:00:00.000,2022,-1,True,1,"Q1",2,"February",5,"W05 2022",202205,-66,True,5,"Saturday","S​​​​​","Weekend","FY2022","FQ3 2022"
20220212,2022-02-12 00:00:00.000,2022,-1,True,1,"Q1",2,"February",6,"W06 2022",202206,-65,True,5,"Saturday","S​​​​​","Weekend","FY2022","FQ3 2022"
20220219,2022-02-19 00:00:00.000,2022,-1,True,1,"Q1",2,"February",7,"W07 2022",202207,-64,True,5,"Saturday","S​​​​​","Weekend","FY2022","FQ3 2022"
20220226,2022-02-26 00:00:00.000,2022,-1,True,1,"Q1",2,"February",8,"W08 2022",202208,-63,True,5,"Saturday","S​​​​​","Weekend","FY2022","FQ3 2022"
20220305,2022-03-05 00:00:00.000,2022,-1,True,1,"Q1",3,"March",9,"W09 2022",202209,-62,True,5,"Saturday","S​​​​​","Weekend","FY2022","FQ3 2022"
20220312,2022-03-12 00:00:00.000,2022,-1,True,1,"Q1",3,"March",10,"W10 2022",202210,-61,True,5,"Saturday","S​​​​​","Weekend","FY2022","FQ3 2022"
20220319,2022-03-19 00:00:00.000,2022,-1,True,1,"Q1",3,"March",11,"W11 2022",202211,-60,True,5,"Saturday","S​​​​​","Weekend","FY2022","FQ3 2022"
20220326,2022-03-26 00:00:00.000,2022,-1,True,1,"Q1",3,"March",12,"W12 2022",202212,-59,True,5,"Saturday","S​​​​​","Weekend","FY2022","FQ3 2022"
20220402,2022-04-02 00:00:00.000,2022,-1,True,2,"Q2",4,"April",13,"W13 2022",202213,-58,True,5,"Saturday","S​​​​​","Weekend","FY2022","FQ4 2022"
20220409,2022-04-09 00:00:00.000,2022,-1,True,2,"Q2",4,"April",14,"W14 2022",202214,-57,True,5,"Saturday","S​​​​​","Weekend","FY2022","FQ4 2022"
20220416,2022-04-16 00:00:00.000,2022,-1,True,2,"Q2",4,"April",15,"W15 2022",202215,-56,True,5,"Saturday","S​​​​​","Weekend","FY2022","FQ4 2022"
20220423,2022-04-23 00:00:00.000,2022,-1,True,2,"Q2",4,"April",16,"W16 2022",202216,-55,True,5,"Saturday","S​​​​​","Weekend","FY2022","FQ4 2022"
20220430,2022-04-30 00:00:00.000,2022,-1,True,2,"Q2",4,"April",17,"W17 2022",202217,-54,True,5,"Saturday","S​​​​​","Weekend","FY2022","FQ4 2022"
20220507,2022-05-07 00:00:00.000,2022,-1,True,2,"Q2",5,"May",18,"W18 2022",202218,-53,True,5,"Saturday","S​​​​​","Weekend","FY2022","FQ4 2022"
20220514,2022-05-14 00:00:00.000,2022,-1,True,2,"Q2",5,"May",19,"W19 2022",202219,-52,True,5,"Saturday","S​​​​​","Weekend","FY2022","FQ4 2022"
20220521,2022-05-21 00:00:00.000,2022,-1,True,2,"Q2",5,"May",20,"W20 2022",202220,-51,True,5,"Saturday","S​​​​​","Weekend","FY2022","FQ4 2022"
20220528,2022-05-28 00:00:00.000,2022,-1,True,2,"Q2",5,"May",21,"W21 2022",202221,-50,True,5,"Saturday","S​​​​​","Weekend","FY2022","FQ4 2022"
20220604,2022-06-04 00:00:00.000,2022,-1,True,2,"Q2",6,"June",22,"W22 2022",202222,-49,True,5,"Saturday","S​​​​​","Weekend","FY2022","FQ4 2022"
20220611,2022-06-11 00:00:00.000,2022,-1,True,2,"Q2",6,"June",23,"W23 2022",202223,-48,True,5,"Saturday","S​​​​​","Weekend","FY2022","FQ4 2022"
20220618,2022-06-18 00:00:00.000,2022,-1,True,2,"Q2",6,"June",24,"W24 2022",202224,-47,True,5,"Saturday","S​​​​​","Weekend","FY2022","FQ4 2022"
20220625,2022-06-25 00:00:00.000,2022,-1,True,2,"Q2",6,"June",25,"W25 2022",202225,-46,True,5,"Saturday","S​​​​​","Weekend","FY2022","FQ4 2022"
20220702,2022-07-02 00:00:00.000,2022,-1,True,3,"Q3",7,"July",26,"W26 2022",202226,-45,True,5,"Saturday","S​​​​​","Weekend","FY2023","FQ1 2023"
20220709,2022-07-09 00:00:00.000,2022,-1,True,3,"Q3",7,"July",27,"W27 2022",202227,-44,True,5,"Saturday","S​​​​​","Weekend","FY2023","FQ1 2023"
20220716,2022-07-16 00:00:00.000,2022,-1,True,3,"Q3",7,"July",28,"W28 2022",202228,-43,True,5,"Saturday","S​​​​​","Weekend","FY2023","FQ1 2023"
20220723,2022-07-23 00:00:00.000,2022,-1,True,3,"Q3",7,"July",29,"W29 2022",202229,-42,True,5,"Saturday","S​​​​​","Weekend","FY2023","FQ1 2023"
20220730,2022-07-30 00:00:00.000,2022,-1,True,3,"Q3",7,"July",30,"W30 2022",202230,-41,True,5,"Saturday","S​​​​​","Weekend","FY2023","FQ1 2023"
20220806,2022-08-06 00:00:00.000,2022,-1,True,3,"Q3",8,"August",31,"W31 2022",202231,-40,True,5,"Saturday","S​​​​​","Weekend","FY2023","FQ1 2023"
20220813,2022-08-13 00:00:00.000,2022,-1,True,3,"Q3",8,"August",32,"W32 2022",202232,-39,True,5,"Saturday","S​​​​​","Weekend","FY2023","FQ1 2023"
20220820,2022-08-20 00:00:00.000,2022,-1,True,3,"Q3",8,"August",33,"W33 2022",202233,-38,True,5,"Saturday","S​​​​​","Weekend","FY2023","FQ1 2023"
20220827,2022-08-27 00:00:00.000,2022,-1,True,3,"Q3",8,"August",34,"W34 2022",202234,-37,True,5,"Saturday","S​​​​​","Weekend","FY2023","FQ1 2023"
20220903,2022-09-03 00:00:00.000,2022,-1,True,3,"Q3",9,"September",35,"W35 2022",202235,-36,True,5,"Saturday","S​​​​​","Weekend","FY2023","FQ1 2023"
20220910,2022-09-10 00:00:00.000,2022,-1,True,3,"Q3",9,"September",36,"W36 2022",202236,-35,True,5,"Saturday","S​​​​​","Weekend","FY2023","FQ1 2023"
20220917,2022-09-17 00:00:00.000,2022,-1,True,3,"Q3",9,"September",37,"W37 2022",202237,-34,True,5,"Saturday","S​​​​​","Weekend","FY2023","FQ1 2023"
20220924,2022-09-24 00:00:00.000,2022,-1,True,3,"Q3",9,"September",38,"W38 2022",202238,-33,True,5,"Saturday","S​​​​​","Weekend","FY2023","FQ1 2023"
20221001,2022-10-01 00:00:00.000,2022,-1,True,4,"Q4",10,"October",39,"W39 2022",202239,-32,True,5,"Saturday","S​​​​​","Weekend","FY2023","FQ2 2023"
20221008,2022-10-08 00:00:00.000,2022,-1,True,4,"Q4",10,"October",40,"W40 2022",202240,-31,True,5,"Saturday","S​​​​​","Weekend","FY2023","FQ2 2023"
20221015,2022-10-15 00:00:00.000,2022,-1,True,4,"Q4",10,"October",41,"W41 2022",202241,-30,True,5,"Saturday","S​​​​​","Weekend","FY2023","FQ2 2023"
20221022,2022-10-22 00:00:00.000,2022,-1,True,4,"Q4",10,"October",42,"W42 2022",202242,-29,True,5,"Saturday","S​​​​​","Weekend","FY2023","FQ2 2023"
20221029,2022-10-29 00:00:00.000,2022,-1,True,4,"Q4",10,"October",43,"W43 2022",202243,-28,True,5,"Saturday","S​​​​​","Weekend","FY2023","FQ2 2023"
20221105,2022-11-05 00:00:00.000,2022,-1,True,4,"Q4",11,"November",44,"W44 2022",202244,-27,True,5,"Saturday","S​​​​​","Weekend","FY2023","FQ2 2023"
20221112,2022-11-12 00:00:00.000,2022,-1,True,4,"Q4",11,"November",45,"W45 2022",202245,-26,True,5,"Saturday","S​​​​​","Weekend","FY2023","FQ2 2023"
20221119,2022-11-19 00:00:00.000,2022,-1,True,4,"Q4",11,"November",46,"W46 2022",202246,-25,True,5,"Saturday","S​​​​​","Weekend","FY2023","FQ2 2023"
20221126,2022-11-26 00:00:00.000,2022,-1,True,4,"Q4",11,"November",47,"W47 2022",202247,-24,True,5,"Saturday","S​​​​​","Weekend","FY2023","FQ2 2023"
20221203,2022-12-03 00:00:00.000,2022,-1,True,4,"Q4",12,"December",48,"W48 2022",202248,-23,True,5,"Saturday","S​​​​​","Weekend","FY2023","FQ2 2023"
20221210,2022-12-10 00:00:00.000,2022,-1,True,4,"Q4",12,"December",49,"W49 2022",202249,-22,True,5,"Saturday","S​​​​​","Weekend","FY2023","FQ2 2023"
20221217,2022-12-17 00:00:00.000,2022,-1,True,4,"Q4",12,"December",50,"W50 2022",202250,-21,True,5,"Saturday","S​​​​​","Weekend","FY2023","FQ2 2023"
20221224,2022-12-24 00:00:00.000,2022,-1,True,4,"Q4",12,"December",51,"W51 2022",202251,-20,True,5,"Saturday","S​​​​​","Weekend","FY2023","FQ2 2023"
20221231,2022-12-31 00:00:00.000,2022,-1,True,4,"Q4",12,"December",52,"W52 2022",202252,-19,True,5,"Saturday","S​​​​​","Weekend","FY2023","FQ2 2023"
20230107,2023-01-07 00:00:00.000,2023,0,False,1,"Q1",1,"January",1,"W01 2023",202301,-18,True,5,"Saturday","S​​​​​","Weekend","FY2023","FQ3 2023"
20230114,2023-01-14 00:00:00.000,2023,0,False,1,"Q1",1,"January",2,"W02 2023",202302,-17,True,5,"Saturday","S​​​​​","Weekend","FY2023","FQ3 2023"
20230121,2023-01-21 00:00:00.000,2023,0,False,1,"Q1",1,"January",3,"W03 2023",202303,-16,True,5,"Saturday","S​​​​​","Weekend","FY2023","FQ3 2023"
20230128,2023-01-28 00:00:00.000,2023,0,False,1,"Q1",1,"January",4,"W04 2023",202304,-15,True,5,"Saturday","S​​​​​","Weekend","FY2023","FQ3 2023"
20230204,2023-02-04 00:00:00.000,2023,0,False,1,"Q1",2,"February",5,"W05 2023",202305,-14,True,5,"Saturday","S​​​​​","Weekend","FY2023","FQ3 2023"
20230211,2023-02-11 00:00:00.000,2023,0,False,1,"Q1",2,"February",6,"W06 2023",202306,-13,True,5,"Saturday","S​​​​​","Weekend","FY2023","FQ3 2023"
20230218,2023-02-18 00:00:00.000,2023,0,False,1,"Q1",2,"February",7,"W07 2023",202307,-12,True,5,"Saturday","S​​​​​","Weekend","FY2023","FQ3 2023"
20230225,2023-02-25 00:00:00.000,2023,0,False,1,"Q1",2,"February",8,"W08 2023",202308,-11,True,5,"Saturday","S​​​​​","Weekend","FY2023","FQ3 2023"
20230304,2023-03-04 00:00:00.000,2023,0,False,1,"Q1",3,"March",9,"W09 2023",202309,-10,True,5,"Saturday","S​​​​​","Weekend","FY2023","FQ3 2023"
20230311,2023-03-11 00:00:00.000,2023,0,False,1,"Q1",3,"March",10,"W10 2023",202310,-9,True,5,"Saturday","S​​​​​","Weekend","FY2023","FQ3 2023"
20230318,2023-03-18 00:00:00.000,2023,0,False,1,"Q1",3,"March",11,"W11 2023",202311,-8,True,5,"Saturday","S​​​​​","Weekend","FY2023","FQ3 2023"
20230325,2023-03-25 00:00:00.000,2023,0,False,1,"Q1",3,"March",12,"W12 2023",202312,-7,True,5,"Saturday","S​​​​​","Weekend","FY2023","FQ3 2023"
20230401,2023-04-01 00:00:00.000,2023,0,False,2,"Q2",4,"April",13,"W13 2023",202313,-6,True,5,"Saturday","S​​​​​","Weekend","FY2023","FQ4 2023"
20230408,2023-04-08 00:00:00.000,2023,0,False,2,"Q2",4,"April",14,"W14 2023",202314,-5,True,5,"Saturday","S​​​​​","Weekend","FY2023","FQ4 2023"
20230415,2023-04-15 00:00:00.000,2023,0,False,2,"Q2",4,"April",15,"W15 2023",202315,-4,True,5,"Saturday","S​​​​​","Weekend","FY2023","FQ4 2023"
20230422,2023-04-22 00:00:00.000,2023,0,False,2,"Q2",4,"April",16,"W16 2023",202316,-3,True,5,"Saturday","S​​​​​","Weekend","FY2023","FQ4 2023"
20230429,2023-04-29 00:00:00.000,2023,0,False,2,"Q2",4,"April",17,"W17 2023",202317,-2,True,5,"Saturday","S​​​​​","Weekend","FY2023","FQ4 2023"
20230506,2023-05-06 00:00:00.000,2023,0,False,2,"Q2",5,"May",18,"W18 2023",202318,-1,True,5,"Saturday","S​​​​​","Weekend","FY2023","FQ4 2023"
20230513,2023-05-13 00:00:00.000,2023,0,False,2,"Q2",5,"May",19,"W19 2023",202319,0,False,5,"Saturday","S​​​​​","Weekend","FY2023","FQ4 2023"
20230520,2023-05-20 00:00:00.000,2023,0,False,2,"Q2",5,"May",20,"W20 2023",202320,1,False,5,"Saturday","S​​​​​","Weekend","FY2023","FQ4 2023"
20230527,2023-05-27 00:00:00.000,2023,0,False,2,"Q2",5,"May",21,"W21 2023",202321,2,False,5,"Saturday","S​​​​​","Weekend","FY2023","FQ4 2023"
20230603,2023-06-03 00:00:00.000,2023,0,False,2,"Q2",6,"June",22,"W22 2023",202322,3,False,5,"Saturday","S​​​​​","Weekend","FY2023","FQ4 2023"
20230610,2023-06-10 00:00:00.000,2023,0,False,2,"Q2",6,"June",23,"W23 2023",202323,4,False,5,"Saturday","S​​​​​","Weekend","FY2023","FQ4 2023"
20230617,2023-06-17 00:00:00.000,2023,0,False,2,"Q2",6,"June",24,"W24 2023",202324,5,False,5,"Saturday","S​​​​​","Weekend","FY2023","FQ4 2023"
20230624,2023-06-24 00:00:00.000,2023,0,False,2,"Q2",6,"June",25,"W25 2023",202325,6,False,5,"Saturday","S​​​​​","Weekend","FY2023","FQ4 2023"
20230701,2023-07-01 00:00:00.000,2023,0,False,3,"Q3",7,"July",26,"W26 2023",202326,7,False,5,"Saturday","S​​​​​","Weekend","FY2024","FQ1 2024"
20230708,2023-07-08 00:00:00.000,2023,0,False,3,"Q3",7,"July",27,"W27 2023",202327,8,False,5,"Saturday","S​​​​​","Weekend","FY2024","FQ1 2024"
20230715,2023-07-15 00:00:00.000,2023,0,False,3,"Q3",7,"July",28,"W28 2023",202328,9,False,5,"Saturday","S​​​​​","Weekend","FY2024","FQ1 2024"
20230722,2023-07-22 00:00:00.000,2023,0,False,3,"Q3",7,"July",29,"W29 2023",202329,10,False,5,"Saturday","S​​​​​","Weekend","FY2024","FQ1 2024"
20230729,2023-07-29 00:00:00.000,2023,0,False,3,"Q3",7,"July",30,"W30 2023",202330,11,False,5,"Saturday","S​​​​​","Weekend","FY2024","FQ1 2024"
20230805,2023-08-05 00:00:00.000,2023,0,False,3,"Q3",8,"August",31,"W31 2023",202331,12,False,5,"Saturday","S​​​​​","Weekend","FY2024","FQ1 2024"
20230812,2023-08-12 00:00:00.000,2023,0,False,3,"Q3",8,"August",32,"W32 2023",202332,13,False,5,"Saturday","S​​​​​","Weekend","FY2024","FQ1 2024"
20230819,2023-08-19 00:00:00.000,2023,0,False,3,"Q3",8,"August",33,"W33 2023",202333,14,False,5,"Saturday","S​​​​​","Weekend","FY2024","FQ1 2024"
20230826,2023-08-26 00:00:00.000,2023,0,False,3,"Q3",8,"August",34,"W34 2023",202334,15,False,5,"Saturday","S​​​​​","Weekend","FY2024","FQ1 2024"
20230902,2023-09-02 00:00:00.000,2023,0,False,3,"Q3",9,"September",35,"W35 2023",202335,16,False,5,"Saturday","S​​​​​","Weekend","FY2024","FQ1 2024"
20230909,2023-09-09 00:00:00.000,2023,0,False,3,"Q3",9,"September",36,"W36 2023",202336,17,False,5,"Saturday","S​​​​​","Weekend","FY2024","FQ1 2024"
20230916,2023-09-16 00:00:00.000,2023,0,False,3,"Q3",9,"September",37,"W37 2023",202337,18,False,5,"Saturday","S​​​​​","Weekend","FY2024","FQ1 2024"
20230923,2023-09-23 00:00:00.000,2023,0,False,3,"Q3",9,"September",38,"W38 2023",202338,19,False,5,"Saturday","S​​​​​","Weekend","FY2024","FQ1 2024"
20230930,2023-09-30 00:00:00.000,2023,0,False,3,"Q3",9,"September",39,"W39 2023",202339,20,False,5,"Saturday","S​​​​​","Weekend","FY2024","FQ1 2024"
20231007,2023-10-07 00:00:00.000,2023,0,False,4,"Q4",10,"October",40,"W40 2023",202340,21,False,5,"Saturday","S​​​​​","Weekend","FY2024","FQ2 2024"
20231014,2023-10-14 00:00:00.000,2023,0,False,4,"Q4",10,"October",41,"W41 2023",202341,22,False,5,"Saturday","S​​​​​","Weekend","FY2024","FQ2 2024"
20231021,2023-10-21 00:00:00.000,2023,0,False,4,"Q4",10,"October",42,"W42 2023",202342,23,False,5,"Saturday","S​​​​​","Weekend","FY2024","FQ2 2024"
20231028,2023-10-28 00:00:00.000,2023,0,False,4,"Q4",10,"October",43,"W43 2023",202343,24,False,5,"Saturday","S​​​​​","Weekend","FY2024","FQ2 2024"
20231104,2023-11-04 00:00:00.000,2023,0,False,4,"Q4",11,"November",44,"W44 2023",202344,25,False,5,"Saturday","S​​​​​","Weekend","FY2024","FQ2 2024"
20231111,2023-11-11 00:00:00.000,2023,0,False,4,"Q4",11,"November",45,"W45 2023",202345,26,False,5,"Saturday","S​​​​​","Weekend","FY2024","FQ2 2024"
20231118,2023-11-18 00:00:00.000,2023,0,False,4,"Q4",11,"November",46,"W46 2023",202346,27,False,5,"Saturday","S​​​​​","Weekend","FY2024","FQ2 2024"
20231125,2023-11-25 00:00:00.000,2023,0,False,4,"Q4",11,"November",47,"W47 2023",202347,28,False,5,"Saturday","S​​​​​","Weekend","FY2024","FQ2 2024"
20231202,2023-12-02 00:00:00.000,2023,0,False,4,"Q4",12,"December",48,"W48 2023",202348,29,False,5,"Saturday","S​​​​​","Weekend","FY2024","FQ2 2024"
20231209,2023-12-09 00:00:00.000,2023,0,False,4,"Q4",12,"December",49,"W49 2023",202349,30,False,5,"Saturday","S​​​​​","Weekend","FY2024","FQ2 2024"
20231216,2023-12-16 00:00:00.000,2023,0,False,4,"Q4",12,"December",50,"W50 2023",202350,31,False,5,"Saturday","S​​​​​","Weekend","FY2024","FQ2 2024"
20231223,2023-12-23 00:00:00.000,2023,0,False,4,"Q4",12,"December",51,"W51 2023",202351,32,False,5,"Saturday","S​​​​​","Weekend","FY2024","FQ2 2024"
20231230,2023-12-30 00:00:00.000,2023,0,False,4,"Q4",12,"December",52,"W52 2023",202352,33,False,5,"Saturday","S​​​​​","Weekend","FY2024","FQ2 2024"
20240106,2024-01-06 00:00:00.000,2024,1,False,1,"Q1",1,"January",1,"W01 2024",202401,34,False,5,"Saturday","S​​​​​","Weekend","FY2024","FQ3 2024"
20240113,2024-01-13 00:00:00.000,2024,1,False,1,"Q1",1,"January",2,"W02 2024",202402,35,False,5,"Saturday","S​​​​​","Weekend","FY2024","FQ3 2024"
20240120,2024-01-20 00:00:00.000,2024,1,False,1,"Q1",1,"January",3,"W03 2024",202403,36,False,5,"Saturday","S​​​​​","Weekend","FY2024","FQ3 2024"
20240127,2024-01-27 00:00:00.000,2024,1,False,1,"Q1",1,"January",4,"W04 2024",202404,37,False,5,"Saturday","S​​​​​","Weekend","FY2024","FQ3 2024"
20240203,2024-02-03 00:00:00.000,2024,1,False,1,"Q1",2,"February",5,"W05 2024",202405,38,False,5,"Saturday","S​​​​​","Weekend","FY2024","FQ3 2024"
20240210,2024-02-10 00:00:00.000,2024,1,False,1,"Q1",2,"February",6,"W06 2024",202406,39,False,5,"Saturday","S​​​​​","Weekend","FY2024","FQ3 2024"
20240217,2024-02-17 00:00:00.000,2024,1,False,1,"Q1",2,"February",7,"W07 2024",202407,40,False,5,"Saturday","S​​​​​","Weekend","FY2024","FQ3 2024"
20240224,2024-02-24 00:00:00.000,2024,1,False,1,"Q1",2,"February",8,"W08 2024",202408,41,False,5,"Saturday","S​​​​​","Weekend","FY2024","FQ3 2024"
20240302,2024-03-02 00:00:00.000,2024,1,False,1,"Q1",3,"March",9,"W09 2024",202409,42,False,5,"Saturday","S​​​​​","Weekend","FY2024","FQ3 2024"
20240309,2024-03-09 00:00:00.000,2024,1,False,1,"Q1",3,"March",10,"W10 2024",202410,43,False,5,"Saturday","S​​​​​","Weekend","FY2024","FQ3 2024"
20240316,2024-03-16 00:00:00.000,2024,1,False,1,"Q1",3,"March",11,"W11 2024",202411,44,False,5,"Saturday","S​​​​​","Weekend","FY2024","FQ3 2024"
20240323,2024-03-23 00:00:00.000,2024,1,False,1,"Q1",3,"March",12,"W12 2024",202412,45,False,5,"Saturday","S​​​​​","Weekend","FY2024","FQ3 2024"
20240330,2024-03-30 00:00:00.000,2024,1,False,1,"Q1",3,"March",13,"W13 2024",202413,46,False,5,"Saturday","S​​​​​","Weekend","FY2024","FQ3 2024"
20240406,2024-04-06 00:00:00.000,2024,1,False,2,"Q2",4,"April",14,"W14 2024",202414,47,False,5,"Saturday","S​​​​​","Weekend","FY2024","FQ4 2024"
20240413,2024-04-13 00:00:00.000,2024,1,False,2,"Q2",4,"April",15,"W15 2024",202415,48,False,5,"Saturday","S​​​​​","Weekend","FY2024","FQ4 2024"
20240420,2024-04-20 00:00:00.000,2024,1,False,2,"Q2",4,"April",16,"W16 2024",202416,49,False,5,"Saturday","S​​​​​","Weekend","FY2024","FQ4 2024"
20240427,2024-04-27 00:00:00.000,2024,1,False,2,"Q2",4,"April",17,"W17 2024",202417,50,False,5,"Saturday","S​​​​​","Weekend","FY2024","FQ4 2024"
20240504,2024-05-04 00:00:00.000,2024,1,False,2,"Q2",5,"May",18,"W18 2024",202418,51,False,5,"Saturday","S​​​​​","Weekend","FY2024","FQ4 2024"
20240511,2024-05-11 00:00:00.000,2024,1,False,2,"Q2",5,"May",19,"W19 2024",202419,52,False,5,"Saturday","S​​​​​","Weekend","FY2024","FQ4 2024"
20240518,2024-05-18 00:00:00.000,2024,1,False,2,"Q2",5,"May",20,"W20 2024",202420,53,False,5,"Saturday","S​​​​​","Weekend","FY2024","FQ4 2024"
20240525,2024-05-25 00:00:00.000,2024,1,False,2,"Q2",5,"May",21,"W21 2024",202421,54,False,5,"Saturday","S​​​​​","Weekend","FY2024","FQ4 2024"
20240601,2024-06-01 00:00:00.000,2024,1,False,2,"Q2",6,"June",22,"W22 2024",202422,55,False,5,"Saturday","S​​​​​","Weekend","FY2024","FQ4 2024"
20240608,2024-06-08 00:00:00.000,2024,1,False,2,"Q2",6,"June",23,"W23 2024",202423,56,False,5,"Saturday","S​​​​​","Weekend","FY2024","FQ4 2024"
20240615,2024-06-15 00:00:00.000,2024,1,False,2,"Q2",6,"June",24,"W24 2024",202424,57,False,5,"Saturday","S​​​​​","Weekend","FY2024","FQ4 2024"
20240622,2024-06-22 00:00:00.000,2024,1,False,2,"Q2",6,"June",25,"W25 2024",202425,58,False,5,"Saturday","S​​​​​","Weekend","FY2024","FQ4 2024"
20240629,2024-06-29 00:00:00.000,2024,1,False,2,"Q2",6,"June",26,"W26 2024",202426,59,False,5,"Saturday","S​​​​​","Weekend","FY2024","FQ4 2024"
20240706,2024-07-06 00:00:00.000,2024,1,False,3,"Q3",7,"July",27,"W27 2024",202427,60,False,5,"Saturday","S​​​​​","Weekend","FY2025","FQ1 2025"
20240713,2024-07-13 00:00:00.000,2024,1,False,3,"Q3",7,"July",28,"W28 2024",202428,61,False,5,"Saturday","S​​​​​","Weekend","FY2025","FQ1 2025"
20240720,2024-07-20 00:00:00.000,2024,1,False,3,"Q3",7,"July",29,"W29 2024",202429,62,False,5,"Saturday","S​​​​​","Weekend","FY2025","FQ1 2025"
20240727,2024-07-27 00:00:00.000,2024,1,False,3,"Q3",7,"July",30,"W30 2024",202430,63,False,5,"Saturday","S​​​​​","Weekend","FY2025","FQ1 2025"
20240803,2024-08-03 00:00:00.000,2024,1,False,3,"Q3",8,"August",31,"W31 2024",202431,64,False,5,"Saturday","S​​​​​","Weekend","FY2025","FQ1 2025"
20240810,2024-08-10 00:00:00.000,2024,1,False,3,"Q3",8,"August",32,"W32 2024",202432,65,False,5,"Saturday","S​​​​​","Weekend","FY2025","FQ1 2025"
20240817,2024-08-17 00:00:00.000,2024,1,False,3,"Q3",8,"August",33,"W33 2024",202433,66,False,5,"Saturday","S​​​​​","Weekend","FY2025","FQ1 2025"
20240824,2024-08-24 00:00:00.000,2024,1,False,3,"Q3",8,"August",34,"W34 2024",202434,67,False,5,"Saturday","S​​​​​","Weekend","FY2025","FQ1 2025"
20240831,2024-08-31 00:00:00.000,2024,1,False,3,"Q3",8,"August",35,"W35 2024",202435,68,False,5,"Saturday","S​​​​​","Weekend","FY2025","FQ1 2025"
20240907,2024-09-07 00:00:00.000,2024,1,False,3,"Q3",9,"September",36,"W36 2024",202436,69,False,5,"Saturday","S​​​​​","Weekend","FY2025","FQ1 2025"
20240914,2024-09-14 00:00:00.000,2024,1,False,3,"Q3",9,"September",37,"W37 2024",202437,70,False,5,"Saturday","S​​​​​","Weekend","FY2025","FQ1 2025"
20240921,2024-09-21 00:00:00.000,2024,1,False,3,"Q3",9,"September",38,"W38 2024",202438,71,False,5,"Saturday","S​​​​​","Weekend","FY2025","FQ1 2025"
20240928,2024-09-28 00:00:00.000,2024,1,False,3,"Q3",9,"September",39,"W39 2024",202439,72,False,5,"Saturday","S​​​​​","Weekend","FY2025","FQ1 2025"
20241005,2024-10-05 00:00:00.000,2024,1,False,4,"Q4",10,"October",40,"W40 2024",202440,73,False,5,"Saturday","S​​​​​","Weekend","FY2025","FQ2 2025"
20241012,2024-10-12 00:00:00.000,2024,1,False,4,"Q4",10,"October",41,"W41 2024",202441,74,False,5,"Saturday","S​​​​​","Weekend","FY2025","FQ2 2025"
20241019,2024-10-19 00:00:00.000,2024,1,False,4,"Q4",10,"October",42,"W42 2024",202442,75,False,5,"Saturday","S​​​​​","Weekend","FY2025","FQ2 2025"
20241026,2024-10-26 00:00:00.000,2024,1,False,4,"Q4",10,"October",43,"W43 2024",202443,76,False,5,"Saturday","S​​​​​","Weekend","FY2025","FQ2 2025"
20241102,2024-11-02 00:00:00.000,2024,1,False,4,"Q4",11,"November",44,"W44 2024",202444,77,False,5,"Saturday","S​​​​​","Weekend","FY2025","FQ2 2025"
20241109,2024-11-09 00:00:00.000,2024,1,False,4,"Q4",11,"November",45,"W45 2024",202445,78,False,5,"Saturday","S​​​​​","Weekend","FY2025","FQ2 2025"
20241116,2024-11-16 00:00:00.000,2024,1,False,4,"Q4",11,"November",46,"W46 2024",202446,79,False,5,"Saturday","S​​​​​","Weekend","FY2025","FQ2 2025"
20241123,2024-11-23 00:00:00.000,2024,1,False,4,"Q4",11,"November",47,"W47 2024",202447,80,False,5,"Saturday","S​​​​​","Weekend","FY2025","FQ2 2025"
20241130,2024-11-30 00:00:00.000,2024,1,False,4,"Q4",11,"November",48,"W48 2024",202448,81,False,5,"Saturday","S​​​​​","Weekend","FY2025","FQ2 2025"
20241207,2024-12-07 00:00:00.000,2024,1,False,4,"Q4",12,"December",49,"W49 2024",202449,82,False,5,"Saturday","S​​​​​","Weekend","FY2025","FQ2 2025"
20241214,2024-12-14 00:00:00.000,2024,1,False,4,"Q4",12,"December",50,"W50 2024",202450,83,False,5,"Saturday","S​​​​​","Weekend","FY2025","FQ2 2025"
20241221,2024-12-21 00:00:00.000,2024,1,False,4,"Q4",12,"December",51,"W51 2024",202451,84,False,5,"Saturday","S​​​​​","Weekend","FY2025","FQ2 2025"
20241228,2024-12-28 00:00:00.000,2024,1,False,4,"Q4",12,"December",52,"W52 2024",202452,85,False,5,"Saturday","S​​​​​","Weekend","FY2025","FQ2 2025"
20250104,2025-01-04 00:00:00.000,2025,2,False,1,"Q1",1,"January",1,"W01 2025",202501,86,False,5,"Saturday","S​​​​​","Weekend","FY2025","FQ3 2025"
20250111,2025-01-11 00:00:00.000,2025,2,False,1,"Q1",1,"January",2,"W02 2025",202502,87,False,5,"Saturday","S​​​​​","Weekend","FY2025","FQ3 2025"
20250118,2025-01-18 00:00:00.000,2025,2,False,1,"Q1",1,"January",3,"W03 2025",202503,88,False,5,"Saturday","S​​​​​","Weekend","FY2025","FQ3 2025"
20250125,2025-01-25 00:00:00.000,2025,2,False,1,"Q1",1,"January",4,"W04 2025",202504,89,False,5,"Saturday","S​​​​​","Weekend","FY2025","FQ3 2025"
20250201,2025-02-01 00:00:00.000,2025,2,False,1,"Q1",2,"February",5,"W05 2025",202505,90,False,5,"Saturday","S​​​​​","Weekend","FY2025","FQ3 2025"
20250208,2025-02-08 00:00:00.000,2025,2,False,1,"Q1",2,"February",6,"W06 2025",202506,91,False,5,"Saturday","S​​​​​","Weekend","FY2025","FQ3 2025"
20250215,2025-02-15 00:00:00.000,2025,2,False,1,"Q1",2,"February",7,"W07 2025",202507,92,False,5,"Saturday","S​​​​​","Weekend","FY2025","FQ3 2025"
20250222,2025-02-22 00:00:00.000,2025,2,False,1,"Q1",2,"February",8,"W08 2025",202508,93,False,5,"Saturday","S​​​​​","Weekend","FY2025","FQ3 2025"
20250301,2025-03-01 00:00:00.000,2025,2,False,1,"Q1",3,"March",9,"W09 2025",202509,94,False,5,"Saturday","S​​​​​","Weekend","FY2025","FQ3 2025"
20250308,2025-03-08 00:00:00.000,2025,2,False,1,"Q1",3,"March",10,"W10 2025",202510,95,False,5,"Saturday","S​​​​​","Weekend","FY2025","FQ3 2025"
20250315,2025-03-15 00:00:00.000,2025,2,False,1,"Q1",3,"March",11,"W11 2025",202511,96,False,5,"Saturday","S​​​​​","Weekend","FY2025","FQ3 2025"
20250322,2025-03-22 00:00:00.000,2025,2,False,1,"Q1",3,"March",12,"W12 2025",202512,97,False,5,"Saturday","S​​​​​","Weekend","FY2025","FQ3 2025"
20250329,2025-03-29 00:00:00.000,2025,2,False,1,"Q1",3,"March",13,"W13 2025",202513,98,False,5,"Saturday","S​​​​​","Weekend","FY2025","FQ3 2025"
20250405,2025-04-05 00:00:00.000,2025,2,False,2,"Q2",4,"April",14,"W14 2025",202514,99,False,5,"Saturday","S​​​​​","Weekend","FY2025","FQ4 2025"
20250412,2025-04-12 00:00:00.000,2025,2,False,2,"Q2",4,"April",15,"W15 2025",202515,100,False,5,"Saturday","S​​​​​","Weekend","FY2025","FQ4 2025"
20250419,2025-04-19 00:00:00.000,2025,2,False,2,"Q2",4,"April",16,"W16 2025",202516,101,False,5,"Saturday","S​​​​​","Weekend","FY2025","FQ4 2025"
20250426,2025-04-26 00:00:00.000,2025,2,False,2,"Q2",4,"April",17,"W17 2025",202517,102,False,5,"Saturday","S​​​​​","Weekend","FY2025","FQ4 2025"
20250503,2025-05-03 00:00:00.000,2025,2,False,2,"Q2",5,"May",18,"W18 2025",202518,103,False,5,"Saturday","S​​​​​","Weekend","FY2025","FQ4 2025"
20250510,2025-05-10 00:00:00.000,2025,2,False,2,"Q2",5,"May",19,"W19 2025",202519,104,False,5,"Saturday","S​​​​​","Weekend","FY2025","FQ4 2025"
20250517,2025-05-17 00:00:00.000,2025,2,False,2,"Q2",5,"May",20,"W20 2025",202520,105,False,5,"Saturday","S​​​​​","Weekend","FY2025","FQ4 2025"
20250524,2025-05-24 00:00:00.000,2025,2,False,2,"Q2",5,"May",21,"W21 2025",202521,106,False,5,"Saturday","S​​​​​","Weekend","FY2025","FQ4 2025"
20250531,2025-05-31 00:00:00.000,2025,2,False,2,"Q2",5,"May",22,"W22 2025",202522,107,False,5,"Saturday","S​​​​​","Weekend","FY2025","FQ4 2025"
20250607,2025-06-07 00:00:00.000,2025,2,False,2,"Q2",6,"June",23,"W23 2025",202523,108,False,5,"Saturday","S​​​​​","Weekend","FY2025","FQ4 2025"
20250614,2025-06-14 00:00:00.000,2025,2,False,2,"Q2",6,"June",24,"W24 2025",202524,109,False,5,"Saturday","S​​​​​","Weekend","FY2025","FQ4 2025"
20250621,2025-06-21 00:00:00.000,2025,2,False,2,"Q2",6,"June",25,"W25 2025",202525,110,False,5,"Saturday","S​​​​​","Weekend","FY2025","FQ4 2025"
20250628,2025-06-28 00:00:00.000,2025,2,False,2,"Q2",6,"June",26,"W26 2025",202526,111,False,5,"Saturday","S​​​​​","Weekend","FY2025","FQ4 2025"
20250705,2025-07-05 00:00:00.000,2025,2,False,3,"Q3",7,"July",27,"W27 2025",202527,112,False,5,"Saturday","S​​​​​","Weekend","FY2026","FQ1 2026"
20250712,2025-07-12 00:00:00.000,2025,2,False,3,"Q3",7,"July",28,"W28 2025",202528,113,False,5,"Saturday","S​​​​​","Weekend","FY2026","FQ1 2026"
20250719,2025-07-19 00:00:00.000,2025,2,False,3,"Q3",7,"July",29,"W29 2025",202529,114,False,5,"Saturday","S​​​​​","Weekend","FY2026","FQ1 2026"
20250726,2025-07-26 00:00:00.000,2025,2,False,3,"Q3",7,"July",30,"W30 2025",202530,115,False,5,"Saturday","S​​​​​","Weekend","FY2026","FQ1 2026"
20250802,2025-08-02 00:00:00.000,2025,2,False,3,"Q3",8,"August",31,"W31 2025",202531,116,False,5,"Saturday","S​​​​​","Weekend","FY2026","FQ1 2026"
20250809,2025-08-09 00:00:00.000,2025,2,False,3,"Q3",8,"August",32,"W32 2025",202532,117,False,5,"Saturday","S​​​​​","Weekend","FY2026","FQ1 2026"
20250816,2025-08-16 00:00:00.000,2025,2,False,3,"Q3",8,"August",33,"W33 2025",202533,118,False,5,"Saturday","S​​​​​","Weekend","FY2026","FQ1 2026"
20250823,2025-08-23 00:00:00.000,2025,2,False,3,"Q3",8,"August",34,"W34 2025",202534,119,False,5,"Saturday","S​​​​​","Weekend","FY2026","FQ1 2026"
20250830,2025-08-30 00:00:00.000,2025,2,False,3,"Q3",8,"August",35,"W35 2025",202535,120,False,5,"Saturday","S​​​​​","Weekend","FY2026","FQ1 2026"
20250906,2025-09-06 00:00:00.000,2025,2,False,3,"Q3",9,"September",36,"W36 2025",202536,121,False,5,"Saturday","S​​​​​","Weekend","FY2026","FQ1 2026"
20250913,2025-09-13 00:00:00.000,2025,2,False,3,"Q3",9,"September",37,"W37 2025",202537,122,False,5,"Saturday","S​​​​​","Weekend","FY2026","FQ1 2026"
20250920,2025-09-20 00:00:00.000,2025,2,False,3,"Q3",9,"September",38,"W38 2025",202538,123,False,5,"Saturday","S​​​​​","Weekend","FY2026","FQ1 2026"
20250927,2025-09-27 00:00:00.000,2025,2,False,3,"Q3",9,"September",39,"W39 2025",202539,124,False,5,"Saturday","S​​​​​","Weekend","FY2026","FQ1 2026"
20251004,2025-10-04 00:00:00.000,2025,2,False,4,"Q4",10,"October",40,"W40 2025",202540,125,False,5,"Saturday","S​​​​​","Weekend","FY2026","FQ2 2026"
20251011,2025-10-11 00:00:00.000,2025,2,False,4,"Q4",10,"October",41,"W41 2025",202541,126,False,5,"Saturday","S​​​​​","Weekend","FY2026","FQ2 2026"
20251018,2025-10-18 00:00:00.000,2025,2,False,4,"Q4",10,"October",42,"W42 2025",202542,127,False,5,"Saturday","S​​​​​","Weekend","FY2026","FQ2 2026"
20251025,2025-10-25 00:00:00.000,2025,2,False,4,"Q4",10,"October",43,"W43 2025",202543,128,False,5,"Saturday","S​​​​​","Weekend","FY2026","FQ2 2026"
20251101,2025-11-01 00:00:00.000,2025,2,False,4,"Q4",11,"November",44,"W44 2025",202544,129,False,5,"Saturday","S​​​​​","Weekend","FY2026","FQ2 2026"
20251108,2025-11-08 00:00:00.000,2025,2,False,4,"Q4",11,"November",45,"W45 2025",202545,130,False,5,"Saturday","S​​​​​","Weekend","FY2026","FQ2 2026"
20251115,2025-11-15 00:00:00.000,2025,2,False,4,"Q4",11,"November",46,"W46 2025",202546,131,False,5,"Saturday","S​​​​​","Weekend","FY2026","FQ2 2026"
20251122,2025-11-22 00:00:00.000,2025,2,False,4,"Q4",11,"November",47,"W47 2025",202547,132,False,5,"Saturday","S​​​​​","Weekend","FY2026","FQ2 2026"
20251129,2025-11-29 00:00:00.000,2025,2,False,4,"Q4",11,"November",48,"W48 2025",202548,133,False,5,"Saturday","S​​​​​","Weekend","FY2026","FQ2 2026"
20251206,2025-12-06 00:00:00.000,2025,2,False,4,"Q4",12,"December",49,"W49 2025",202549,134,False,5,"Saturday","S​​​​​","Weekend","FY2026","FQ2 2026"
20251213,2025-12-13 00:00:00.000,2025,2,False,4,"Q4",12,"December",50,"W50 2025",202550,135,False,5,"Saturday","S​​​​​","Weekend","FY2026","FQ2 2026"
20251220,2025-12-20 00:00:00.000,2025,2,False,4,"Q4",12,"December",51,"W51 2025",202551,136,False,5,"Saturday","S​​​​​","Weekend","FY2026","FQ2 2026"
20251227,2025-12-27 00:00:00.000,2025,2,False,4,"Q4",12,"December",52,"W52 2025",202552,137,False,5,"Saturday","S​​​​​","Weekend","FY2026","FQ2 2026"
