ProductKey,ProductAlternateKey,ProductSubcategoryKey,Weight Unit Measure Code,Size Unit Measure Code,English Product Name,Standard Cost,Finished Goods Flag,Color,Safety Stock Level,Reorder Point,List Price,Size,Size Range,Weight,Days To Manufacture,Product Line,Dealer Price,Class,Style,Model Name,English Description,Start Date,End Date,Status,ProductCategoryKey,Category,Subcategory
1,"AR-5381",-1,"","","Adjustable Race","",False,"NA",1000,750,"","","NA",,0,"","","","","","",1998-06-01 00:00:00.000,"","Current",-1,"Miscellaneous","Miscellaneous"
2,"BA-8327",-1,"","","Bearing Ball","",False,"NA",1000,750,"","","NA",,0,"","","","","","",1998-06-01 00:00:00.000,"","Current",-1,"Miscellaneous","Miscellaneous"
12,"CR-9981",-1,"","","Crown Race","",False,"NA",1000,750,"","","NA",,0,"","","","","","",1998-06-01 00:00:00.000,"","Current",-1,"Miscellaneous","Miscellaneous"
14,"DC-8732",-1,"","","Decal 1","",False,"NA",1000,750,"","","NA",,0,"","","","","","",1998-06-01 00:00:00.000,"","Current",-1,"Miscellaneous","Miscellaneous"
15,"DC-9824",-1,"","","Decal 2","",False,"NA",1000,750,"","","NA",,0,"","","","","","",1998-06-01 00:00:00.000,"","Current",-1,"Miscellaneous","Miscellaneous"
22,"FW-1000",-1,"","","Flat Washer 1","",False,"NA",1000,750,"","","NA",,0,"","","","","","",1998-06-01 00:00:00.000,"","Current",-1,"Miscellaneous","Miscellaneous"
23,"FW-1200",-1,"","","Flat Washer 6","",False,"NA",1000,750,"","","NA",,0,"","","","","","",1998-06-01 00:00:00.000,"","Current",-1,"Miscellaneous","Miscellaneous"
24,"FW-1400",-1,"","","Flat Washer 2","",False,"NA",1000,750,"","","NA",,0,"","","","","","",1998-06-01 00:00:00.000,"","Current",-1,"Miscellaneous","Miscellaneous"
25,"FW-3400",-1,"","","Flat Washer 9","",False,"NA",1000,750,"","","NA",,0,"","","","","","",1998-06-01 00:00:00.000,"","Current",-1,"Miscellaneous","Miscellaneous"
26,"FW-3800",-1,"","","Flat Washer 4","",False,"NA",1000,750,"","","NA",,0,"","","","","","",1998-06-01 00:00:00.000,"","Current",-1,"Miscellaneous","Miscellaneous"
27,"FW-5160",-1,"","","Flat Washer 3","",False,"NA",1000,750,"","","NA",,0,"","","","","","",1998-06-01 00:00:00.000,"","Current",-1,"Miscellaneous","Miscellaneous"
28,"FW-5800",-1,"","","Flat Washer 8","",False,"NA",1000,750,"","","NA",,0,"","","","","","",1998-06-01 00:00:00.000,"","Current",-1,"Miscellaneous","Miscellaneous"
29,"FW-7160",-1,"","","Flat Washer 5","",False,"NA",1000,750,"","","NA",,0,"","","","","","",1998-06-01 00:00:00.000,"","Current",-1,"Miscellaneous","Miscellaneous"
30,"FW-9160",-1,"","","Flat Washer 7","",False,"NA",1000,750,"","","NA",,0,"","","","","","",1998-06-01 00:00:00.000,"","Current",-1,"Miscellaneous","Miscellaneous"
38,"HJ-1213",-1,"","","Thin-Jam Hex Nut 9","",False,"NA",1000,750,"","","NA",,0,"","","","","","",1998-06-01 00:00:00.000,"","Current",-1,"Miscellaneous","Miscellaneous"
39,"HJ-1220",-1,"","","Thin-Jam Hex Nut 10","",False,"NA",1000,750,"","","NA",,0,"","","","","","",1998-06-01 00:00:00.000,"","Current",-1,"Miscellaneous","Miscellaneous"
40,"HJ-1420",-1,"","","Thin-Jam Hex Nut 1","",False,"NA",1000,750,"","","NA",,0,"","","","","","",1998-06-01 00:00:00.000,"","Current",-1,"Miscellaneous","Miscellaneous"
41,"HJ-1428",-1,"","","Thin-Jam Hex Nut 2","",False,"NA",1000,750,"","","NA",,0,"","","","","","",1998-06-01 00:00:00.000,"","Current",-1,"Miscellaneous","Miscellaneous"
42,"HJ-3410",-1,"","","Thin-Jam Hex Nut 15","",False,"NA",1000,750,"","","NA",,0,"","","","","","",1998-06-01 00:00:00.000,"","Current",-1,"Miscellaneous","Miscellaneous"
43,"HJ-3416",-1,"","","Thin-Jam Hex Nut 16","",False,"NA",1000,750,"","","NA",,0,"","","","","","",1998-06-01 00:00:00.000,"","Current",-1,"Miscellaneous","Miscellaneous"
44,"HJ-3816",-1,"","","Thin-Jam Hex Nut 5","",False,"NA",1000,750,"","","NA",,0,"","","","","","",1998-06-01 00:00:00.000,"","Current",-1,"Miscellaneous","Miscellaneous"
45,"HJ-3824",-1,"","","Thin-Jam Hex Nut 6","",False,"NA",1000,750,"","","NA",,0,"","","","","","",1998-06-01 00:00:00.000,"","Current",-1,"Miscellaneous","Miscellaneous"
46,"HJ-5161",-1,"","","Thin-Jam Hex Nut 3","",False,"NA",1000,750,"","","NA",,0,"","","","","","",1998-06-01 00:00:00.000,"","Current",-1,"Miscellaneous","Miscellaneous"
47,"HJ-5162",-1,"","","Thin-Jam Hex Nut 4","",False,"NA",1000,750,"","","NA",,0,"","","","","","",1998-06-01 00:00:00.000,"","Current",-1,"Miscellaneous","Miscellaneous"
48,"HJ-5811",-1,"","","Thin-Jam Hex Nut 13","",False,"NA",1000,750,"","","NA",,0,"","","","","","",1998-06-01 00:00:00.000,"","Current",-1,"Miscellaneous","Miscellaneous"
49,"HJ-5818",-1,"","","Thin-Jam Hex Nut 14","",False,"NA",1000,750,"","","NA",,0,"","","","","","",1998-06-01 00:00:00.000,"","Current",-1,"Miscellaneous","Miscellaneous"
50,"HJ-7161",-1,"","","Thin-Jam Hex Nut 7","",False,"NA",1000,750,"","","NA",,0,"","","","","","",1998-06-01 00:00:00.000,"","Current",-1,"Miscellaneous","Miscellaneous"
51,"HJ-7162",-1,"","","Thin-Jam Hex Nut 8","",False,"NA",1000,750,"","","NA",,0,"","","","","","",1998-06-01 00:00:00.000,"","Current",-1,"Miscellaneous","Miscellaneous"
52,"HJ-9080",-1,"","","Thin-Jam Hex Nut 12","",False,"NA",1000,750,"","","NA",,0,"","","","","","",1998-06-01 00:00:00.000,"","Current",-1,"Miscellaneous","Miscellaneous"
53,"HJ-9161",-1,"","","Thin-Jam Hex Nut 11","",False,"NA",1000,750,"","","NA",,0,"","","","","","",1998-06-01 00:00:00.000,"","Current",-1,"Miscellaneous","Miscellaneous"
54,"HN-1024",-1,"","","Hex Nut 5","",False,"NA",1000,750,"","","NA",,0,"","","","","","",1998-06-01 00:00:00.000,"","Current",-1,"Miscellaneous","Miscellaneous"
55,"HN-1032",-1,"","","Hex Nut 6","",False,"NA",1000,750,"","","NA",,0,"","","","","","",1998-06-01 00:00:00.000,"","Current",-1,"Miscellaneous","Miscellaneous"
56,"HN-1213",-1,"","","Hex Nut 16","",False,"NA",1000,750,"","","NA",,0,"","","","","","",1998-06-01 00:00:00.000,"","Current",-1,"Miscellaneous","Miscellaneous"
57,"HN-1220",-1,"","","Hex Nut 17","",False,"NA",1000,750,"","","NA",,0,"","","","","","",1998-06-01 00:00:00.000,"","Current",-1,"Miscellaneous","Miscellaneous"
58,"HN-1224",-1,"","","Hex Nut 7","",False,"NA",1000,750,"","","NA",,0,"","","","","","",1998-06-01 00:00:00.000,"","Current",-1,"Miscellaneous","Miscellaneous"
59,"HN-1420",-1,"","","Hex Nut 8","",False,"NA",1000,750,"","","NA",,0,"","","","","","",1998-06-01 00:00:00.000,"","Current",-1,"Miscellaneous","Miscellaneous"
60,"HN-1428",-1,"","","Hex Nut 9","",False,"NA",1000,750,"","","NA",,0,"","","","","","",1998-06-01 00:00:00.000,"","Current",-1,"Miscellaneous","Miscellaneous"
61,"HN-3410",-1,"","","Hex Nut 22","",False,"NA",1000,750,"","","NA",,0,"","","","","","",1998-06-01 00:00:00.000,"","Current",-1,"Miscellaneous","Miscellaneous"
62,"HN-3416",-1,"","","Hex Nut 23","",False,"NA",1000,750,"","","NA",,0,"","","","","","",1998-06-01 00:00:00.000,"","Current",-1,"Miscellaneous","Miscellaneous"
63,"HN-3816",-1,"","","Hex Nut 12","",False,"NA",1000,750,"","","NA",,0,"","","","","","",1998-06-01 00:00:00.000,"","Current",-1,"Miscellaneous","Miscellaneous"
64,"HN-3824",-1,"","","Hex Nut 13","",False,"NA",1000,750,"","","NA",,0,"","","","","","",1998-06-01 00:00:00.000,"","Current",-1,"Miscellaneous","Miscellaneous"
65,"HN-4402",-1,"","","Hex Nut 1","",False,"NA",1000,750,"","","NA",,0,"","","","","","",1998-06-01 00:00:00.000,"","Current",-1,"Miscellaneous","Miscellaneous"
66,"HN-5161",-1,"","","Hex Nut 10","",False,"NA",1000,750,"","","NA",,0,"","","","","","",1998-06-01 00:00:00.000,"","Current",-1,"Miscellaneous","Miscellaneous"
67,"HN-5162",-1,"","","Hex Nut 11","",False,"NA",1000,750,"","","NA",,0,"","","","","","",1998-06-01 00:00:00.000,"","Current",-1,"Miscellaneous","Miscellaneous"
68,"HN-5400",-1,"","","Hex Nut 2","",False,"NA",1000,750,"","","NA",,0,"","","","","","",1998-06-01 00:00:00.000,"","Current",-1,"Miscellaneous","Miscellaneous"
69,"HN-5811",-1,"","","Hex Nut 20","",False,"NA",1000,750,"","","NA",,0,"","","","","","",1998-06-01 00:00:00.000,"","Current",-1,"Miscellaneous","Miscellaneous"
70,"HN-5818",-1,"","","Hex Nut 21","",False,"NA",1000,750,"","","NA",,0,"","","","","","",1998-06-01 00:00:00.000,"","Current",-1,"Miscellaneous","Miscellaneous"
71,"HN-6320",-1,"","","Hex Nut 3","",False,"NA",1000,750,"","","NA",,0,"","","","","","",1998-06-01 00:00:00.000,"","Current",-1,"Miscellaneous","Miscellaneous"
72,"HN-7161",-1,"","","Hex Nut 14","",False,"NA",1000,750,"","","NA",,0,"","","","","","",1998-06-01 00:00:00.000,"","Current",-1,"Miscellaneous","Miscellaneous"
73,"HN-7162",-1,"","","Hex Nut 15","",False,"NA",1000,750,"","","NA",,0,"","","","","","",1998-06-01 00:00:00.000,"","Current",-1,"Miscellaneous","Miscellaneous"
74,"HN-8320",-1,"","","Hex Nut 4","",False,"NA",1000,750,"","","NA",,0,"","","","","","",1998-06-01 00:00:00.000,"","Current",-1,"Miscellaneous","Miscellaneous"
75,"HN-9161",-1,"","","Hex Nut 18","",False,"NA",1000,750,"","","NA",,0,"","","","","","",1998-06-01 00:00:00.000,"","Current",-1,"Miscellaneous","Miscellaneous"
76,"HN-9168",-1,"","","Hex Nut 19","",False,"NA",1000,750,"","","NA",,0,"","","","","","",1998-06-01 00:00:00.000,"","Current",-1,"Miscellaneous","Miscellaneous"
81,"KW-4091",-1,"","","Keyed Washer","",False,"NA",1000,750,"","","NA",,0,"","","","","","",1998-06-01 00:00:00.000,"","Current",-1,"Miscellaneous","Miscellaneous"
82,"LE-1000",-1,"","","External Lock Washer 3","",False,"NA",1000,750,"","","NA",,0,"","","","","","",1998-06-01 00:00:00.000,"","Current",-1,"Miscellaneous","Miscellaneous"
83,"LE-1200",-1,"","","External Lock Washer 4","",False,"NA",1000,750,"","","NA",,0,"","","","","","",1998-06-01 00:00:00.000,"","Current",-1,"Miscellaneous","Miscellaneous"
84,"LE-1201",-1,"","","External Lock Washer 9","",False,"NA",1000,750,"","","NA",,0,"","","","","","",1998-06-01 00:00:00.000,"","Current",-1,"Miscellaneous","Miscellaneous"
85,"LE-1400",-1,"","","External Lock Washer 5","",False,"NA",1000,750,"","","NA",,0,"","","","","","",1998-06-01 00:00:00.000,"","Current",-1,"Miscellaneous","Miscellaneous"
86,"LE-3800",-1,"","","External Lock Washer 7","",False,"NA",1000,750,"","","NA",,0,"","","","","","",1998-06-01 00:00:00.000,"","Current",-1,"Miscellaneous","Miscellaneous"
87,"LE-5160",-1,"","","External Lock Washer 6","",False,"NA",1000,750,"","","NA",,0,"","","","","","",1998-06-01 00:00:00.000,"","Current",-1,"Miscellaneous","Miscellaneous"
88,"LE-6000",-1,"","","External Lock Washer 1","",False,"NA",1000,750,"","","NA",,0,"","","","","","",1998-06-01 00:00:00.000,"","Current",-1,"Miscellaneous","Miscellaneous"
89,"LE-7160",-1,"","","External Lock Washer 8","",False,"NA",1000,750,"","","NA",,0,"","","","","","",1998-06-01 00:00:00.000,"","Current",-1,"Miscellaneous","Miscellaneous"
90,"LE-8000",-1,"","","External Lock Washer 2","",False,"NA",1000,750,"","","NA",,0,"","","","","","",1998-06-01 00:00:00.000,"","Current",-1,"Miscellaneous","Miscellaneous"
91,"LI-1000",-1,"","","Internal Lock Washer 3","",False,"NA",1000,750,"","","NA",,0,"","","","","","",1998-06-01 00:00:00.000,"","Current",-1,"Miscellaneous","Miscellaneous"
92,"LI-1200",-1,"","","Internal Lock Washer 4","",False,"NA",1000,750,"","","NA",,0,"","","","","","",1998-06-01 00:00:00.000,"","Current",-1,"Miscellaneous","Miscellaneous"
93,"LI-1201",-1,"","","Internal Lock Washer 9","",False,"NA",1000,750,"","","NA",,0,"","","","","","",1998-06-01 00:00:00.000,"","Current",-1,"Miscellaneous","Miscellaneous"
94,"LI-1400",-1,"","","Internal Lock Washer 5","",False,"NA",1000,750,"","","NA",,0,"","","","","","",1998-06-01 00:00:00.000,"","Current",-1,"Miscellaneous","Miscellaneous"
95,"LI-3800",-1,"","","Internal Lock Washer 7","",False,"NA",1000,750,"","","NA",,0,"","","","","","",1998-06-01 00:00:00.000,"","Current",-1,"Miscellaneous","Miscellaneous"
96,"LI-5160",-1,"","","Internal Lock Washer 6","",False,"NA",1000,750,"","","NA",,0,"","","","","","",1998-06-01 00:00:00.000,"","Current",-1,"Miscellaneous","Miscellaneous"
97,"LI-5800",-1,"","","Internal Lock Washer 10","",False,"NA",1000,750,"","","NA",,0,"","","","","","",1998-06-01 00:00:00.000,"","Current",-1,"Miscellaneous","Miscellaneous"
98,"LI-6000",-1,"","","Internal Lock Washer 1","",False,"NA",1000,750,"","","NA",,0,"","","","","","",1998-06-01 00:00:00.000,"","Current",-1,"Miscellaneous","Miscellaneous"
99,"LI-7160",-1,"","","Internal Lock Washer 8","",False,"NA",1000,750,"","","NA",,0,"","","","","","",1998-06-01 00:00:00.000,"","Current",-1,"Miscellaneous","Miscellaneous"
100,"LI-8000",-1,"","","Internal Lock Washer 2","",False,"NA",1000,750,"","","NA",,0,"","","","","","",1998-06-01 00:00:00.000,"","Current",-1,"Miscellaneous","Miscellaneous"
101,"LJ-1213",-1,"","","Thin-Jam Lock Nut 9","",False,"NA",1000,750,"","","NA",,0,"","","","","","",1998-06-01 00:00:00.000,"","Current",-1,"Miscellaneous","Miscellaneous"
102,"LJ-1220",-1,"","","Thin-Jam Lock Nut 10","",False,"NA",1000,750,"","","NA",,0,"","","","","","",1998-06-01 00:00:00.000,"","Current",-1,"Miscellaneous","Miscellaneous"
103,"LJ-1420",-1,"","","Thin-Jam Lock Nut 1","",False,"NA",1000,750,"","","NA",,0,"","","","","","",1998-06-01 00:00:00.000,"","Current",-1,"Miscellaneous","Miscellaneous"
104,"LJ-1428",-1,"","","Thin-Jam Lock Nut 2","",False,"NA",1000,750,"","","NA",,0,"","","","","","",1998-06-01 00:00:00.000,"","Current",-1,"Miscellaneous","Miscellaneous"
105,"LJ-3410",-1,"","","Thin-Jam Lock Nut 15","",False,"NA",1000,750,"","","NA",,0,"","","","","","",1998-06-01 00:00:00.000,"","Current",-1,"Miscellaneous","Miscellaneous"
106,"LJ-3416",-1,"","","Thin-Jam Lock Nut 16","",False,"NA",1000,750,"","","NA",,0,"","","","","","",1998-06-01 00:00:00.000,"","Current",-1,"Miscellaneous","Miscellaneous"
107,"LJ-3816",-1,"","","Thin-Jam Lock Nut 5","",False,"NA",1000,750,"","","NA",,0,"","","","","","",1998-06-01 00:00:00.000,"","Current",-1,"Miscellaneous","Miscellaneous"
108,"LJ-3824",-1,"","","Thin-Jam Lock Nut 6","",False,"NA",1000,750,"","","NA",,0,"","","","","","",1998-06-01 00:00:00.000,"","Current",-1,"Miscellaneous","Miscellaneous"
109,"LJ-5161",-1,"","","Thin-Jam Lock Nut 3","",False,"NA",1000,750,"","","NA",,0,"","","","","","",1998-06-01 00:00:00.000,"","Current",-1,"Miscellaneous","Miscellaneous"
110,"LJ-5162",-1,"","","Thin-Jam Lock Nut 4","",False,"NA",1000,750,"","","NA",,0,"","","","","","",1998-06-01 00:00:00.000,"","Current",-1,"Miscellaneous","Miscellaneous"
111,"LJ-5811",-1,"","","Thin-Jam Lock Nut 13","",False,"NA",1000,750,"","","NA",,0,"","","","","","",1998-06-01 00:00:00.000,"","Current",-1,"Miscellaneous","Miscellaneous"
112,"LJ-5818",-1,"","","Thin-Jam Lock Nut 14","",False,"NA",1000,750,"","","NA",,0,"","","","","","",1998-06-01 00:00:00.000,"","Current",-1,"Miscellaneous","Miscellaneous"
113,"LJ-7161",-1,"","","Thin-Jam Lock Nut 7","",False,"NA",1000,750,"","","NA",,0,"","","","","","",1998-06-01 00:00:00.000,"","Current",-1,"Miscellaneous","Miscellaneous"
114,"LJ-7162",-1,"","","Thin-Jam Lock Nut 8","",False,"NA",1000,750,"","","NA",,0,"","","","","","",1998-06-01 00:00:00.000,"","Current",-1,"Miscellaneous","Miscellaneous"
115,"LJ-9080",-1,"","","Thin-Jam Lock Nut 12","",False,"NA",1000,750,"","","NA",,0,"","","","","","",1998-06-01 00:00:00.000,"","Current",-1,"Miscellaneous","Miscellaneous"
116,"LJ-9161",-1,"","","Thin-Jam Lock Nut 11","",False,"NA",1000,750,"","","NA",,0,"","","","","","",1998-06-01 00:00:00.000,"","Current",-1,"Miscellaneous","Miscellaneous"
117,"LN-1024",-1,"","","Lock Nut 5","",False,"NA",1000,750,"","","NA",,0,"","","","","","",1998-06-01 00:00:00.000,"","Current",-1,"Miscellaneous","Miscellaneous"
118,"LN-1032",-1,"","","Lock Nut 6","",False,"NA",1000,750,"","","NA",,0,"","","","","","",1998-06-01 00:00:00.000,"","Current",-1,"Miscellaneous","Miscellaneous"
119,"LN-1213",-1,"","","Lock Nut 16","",False,"NA",1000,750,"","","NA",,0,"","","","","","",1998-06-01 00:00:00.000,"","Current",-1,"Miscellaneous","Miscellaneous"
120,"LN-1220",-1,"","","Lock Nut 17","",False,"NA",1000,750,"","","NA",,0,"","","","","","",1998-06-01 00:00:00.000,"","Current",-1,"Miscellaneous","Miscellaneous"
121,"LN-1224",-1,"","","Lock Nut 7","",False,"NA",1000,750,"","","NA",,0,"","","","","","",1998-06-01 00:00:00.000,"","Current",-1,"Miscellaneous","Miscellaneous"
122,"LN-1420",-1,"","","Lock Nut 8","",False,"NA",1000,750,"","","NA",,0,"","","","","","",1998-06-01 00:00:00.000,"","Current",-1,"Miscellaneous","Miscellaneous"
123,"LN-1428",-1,"","","Lock Nut 9","",False,"NA",1000,750,"","","NA",,0,"","","","","","",1998-06-01 00:00:00.000,"","Current",-1,"Miscellaneous","Miscellaneous"
124,"LN-3410",-1,"","","Lock Nut 22","",False,"NA",1000,750,"","","NA",,0,"","","","","","",1998-06-01 00:00:00.000,"","Current",-1,"Miscellaneous","Miscellaneous"
125,"LN-3416",-1,"","","Lock Nut 23","",False,"NA",1000,750,"","","NA",,0,"","","","","","",1998-06-01 00:00:00.000,"","Current",-1,"Miscellaneous","Miscellaneous"
126,"LN-3816",-1,"","","Lock Nut 12","",False,"NA",1000,750,"","","NA",,0,"","","","","","",1998-06-01 00:00:00.000,"","Current",-1,"Miscellaneous","Miscellaneous"
127,"LN-3824",-1,"","","Lock Nut 13","",False,"NA",1000,750,"","","NA",,0,"","","","","","",1998-06-01 00:00:00.000,"","Current",-1,"Miscellaneous","Miscellaneous"
128,"LN-4400",-1,"","","Lock Nut 1","",False,"NA",1000,750,"","","NA",,0,"","","","","","",1998-06-01 00:00:00.000,"","Current",-1,"Miscellaneous","Miscellaneous"
129,"LN-5161",-1,"","","Lock Nut 10","",False,"NA",1000,750,"","","NA",,0,"","","","","","",1998-06-01 00:00:00.000,"","Current",-1,"Miscellaneous","Miscellaneous"
130,"LN-5162",-1,"","","Lock Nut 11","",False,"NA",1000,750,"","","NA",,0,"","","","","","",1998-06-01 00:00:00.000,"","Current",-1,"Miscellaneous","Miscellaneous"
131,"LN-5400",-1,"","","Lock Nut 2","",False,"NA",1000,750,"","","NA",,0,"","","","","","",1998-06-01 00:00:00.000,"","Current",-1,"Miscellaneous","Miscellaneous"
132,"LN-5811",-1,"","","Lock Nut 20","",False,"NA",1000,750,"","","NA",,0,"","","","","","",1998-06-01 00:00:00.000,"","Current",-1,"Miscellaneous","Miscellaneous"
133,"LN-5818",-1,"","","Lock Nut 21","",False,"NA",1000,750,"","","NA",,0,"","","","","","",1998-06-01 00:00:00.000,"","Current",-1,"Miscellaneous","Miscellaneous"
134,"LN-6320",-1,"","","Lock Nut 3","",False,"NA",1000,750,"","","NA",,0,"","","","","","",1998-06-01 00:00:00.000,"","Current",-1,"Miscellaneous","Miscellaneous"
135,"LN-7161",-1,"","","Lock Nut 14","",False,"NA",1000,750,"","","NA",,0,"","","","","","",1998-06-01 00:00:00.000,"","Current",-1,"Miscellaneous","Miscellaneous"
136,"LN-7162",-1,"","","Lock Nut 15","",False,"NA",1000,750,"","","NA",,0,"","","","","","",1998-06-01 00:00:00.000,"","Current",-1,"Miscellaneous","Miscellaneous"
137,"LN-8320",-1,"","","Lock Nut 4","",False,"NA",1000,750,"","","NA",,0,"","","","","","",1998-06-01 00:00:00.000,"","Current",-1,"Miscellaneous","Miscellaneous"
138,"LN-9080",-1,"","","Lock Nut 19","",False,"NA",1000,750,"","","NA",,0,"","","","","","",1998-06-01 00:00:00.000,"","Current",-1,"Miscellaneous","Miscellaneous"
139,"LN-9161",-1,"","","Lock Nut 18","",False,"NA",1000,750,"","","NA",,0,"","","","","","",1998-06-01 00:00:00.000,"","Current",-1,"Miscellaneous","Miscellaneous"
141,"LR-8520",-1,"","","Lower Head Race","",False,"NA",1000,750,"","","NA",,0,"","","","","","",1998-06-01 00:00:00.000,"","Current",-1,"Miscellaneous","Miscellaneous"
142,"LW-1000",-1,"","","Lock Washer 4","",False,"NA",1000,750,"","","NA",,0,"","","","","","",1998-06-01 00:00:00.000,"","Current",-1,"Miscellaneous","Miscellaneous"
143,"LW-1200",-1,"","","Lock Washer 5","",False,"NA",1000,750,"","","NA",,0,"","","","","","",1998-06-01 00:00:00.000,"","Current",-1,"Miscellaneous","Miscellaneous"
144,"LW-1201",-1,"","","Lock Washer 10","",False,"NA",1000,750,"","","NA",,0,"","","","","","",1998-06-01 00:00:00.000,"","Current",-1,"Miscellaneous","Miscellaneous"
145,"LW-1400",-1,"","","Lock Washer 6","",False,"NA",1000,750,"","","NA",,0,"","","","","","",1998-06-01 00:00:00.000,"","Current",-1,"Miscellaneous","Miscellaneous"
146,"LW-3400",-1,"","","Lock Washer 13","",False,"NA",1000,750,"","","NA",,0,"","","","","","",1998-06-01 00:00:00.000,"","Current",-1,"Miscellaneous","Miscellaneous"
147,"LW-3800",-1,"","","Lock Washer 8","",False,"NA",1000,750,"","","NA",,0,"","","","","","",1998-06-01 00:00:00.000,"","Current",-1,"Miscellaneous","Miscellaneous"
148,"LW-4000",-1,"","","Lock Washer 1","",False,"NA",1000,750,"","","NA",,0,"","","","","","",1998-06-01 00:00:00.000,"","Current",-1,"Miscellaneous","Miscellaneous"
149,"LW-5160",-1,"","","Lock Washer 7","",False,"NA",1000,750,"","","NA",,0,"","","","","","",1998-06-01 00:00:00.000,"","Current",-1,"Miscellaneous","Miscellaneous"
150,"LW-5800",-1,"","","Lock Washer 12","",False,"NA",1000,750,"","","NA",,0,"","","","","","",1998-06-01 00:00:00.000,"","Current",-1,"Miscellaneous","Miscellaneous"
151,"LW-6000",-1,"","","Lock Washer 2","",False,"NA",1000,750,"","","NA",,0,"","","","","","",1998-06-01 00:00:00.000,"","Current",-1,"Miscellaneous","Miscellaneous"
152,"LW-7160",-1,"","","Lock Washer 9","",False,"NA",1000,750,"","","NA",,0,"","","","","","",1998-06-01 00:00:00.000,"","Current",-1,"Miscellaneous","Miscellaneous"
153,"LW-8000",-1,"","","Lock Washer 3","",False,"NA",1000,750,"","","NA",,0,"","","","","","",1998-06-01 00:00:00.000,"","Current",-1,"Miscellaneous","Miscellaneous"
154,"LW-9160",-1,"","","Lock Washer 11","",False,"NA",1000,750,"","","NA",,0,"","","","","","",1998-06-01 00:00:00.000,"","Current",-1,"Miscellaneous","Miscellaneous"
155,"MA-7075",-1,"","","Metal Angle","",False,"NA",1000,750,"","","NA",,0,"","","","","","",1998-06-01 00:00:00.000,"","Current",-1,"Miscellaneous","Miscellaneous"
156,"MB-2024",-1,"","","Metal Bar 1","",False,"NA",1000,750,"","","NA",,0,"","","","","","",1998-06-01 00:00:00.000,"","Current",-1,"Miscellaneous","Miscellaneous"
157,"MB-6061",-1,"","","Metal Bar 2","",False,"NA",1000,750,"","","NA",,0,"","","","","","",1998-06-01 00:00:00.000,"","Current",-1,"Miscellaneous","Miscellaneous"
158,"MP-2066",-1,"","","Metal Plate 2","",False,"NA",1000,750,"","","NA",,0,"","","","","","",1998-06-01 00:00:00.000,"","Current",-1,"Miscellaneous","Miscellaneous"
159,"MP-2503",-1,"","","Metal Plate 1","",False,"NA",1000,750,"","","NA",,0,"","","","","","",1998-06-01 00:00:00.000,"","Current",-1,"Miscellaneous","Miscellaneous"
160,"MP-4960",-1,"","","Metal Plate 3","",False,"NA",1000,750,"","","NA",,0,"","","","","","",1998-06-01 00:00:00.000,"","Current",-1,"Miscellaneous","Miscellaneous"
161,"MS-0253",-1,"","","Metal Sheet 2","",False,"NA",1000,750,"","","NA",,0,"","","","","","",1998-06-01 00:00:00.000,"","Current",-1,"Miscellaneous","Miscellaneous"
162,"MS-1256",-1,"","","Metal Sheet 3","",False,"NA",1000,750,"","","NA",,0,"","","","","","",1998-06-01 00:00:00.000,"","Current",-1,"Miscellaneous","Miscellaneous"
163,"MS-1981",-1,"","","Metal Sheet 7","",False,"NA",1000,750,"","","NA",,0,"","","","","","",1998-06-01 00:00:00.000,"","Current",-1,"Miscellaneous","Miscellaneous"
164,"MS-2259",-1,"","","Metal Sheet 4","",False,"NA",1000,750,"","","NA",,0,"","","","","","",1998-06-01 00:00:00.000,"","Current",-1,"Miscellaneous","Miscellaneous"
165,"MS-2341",-1,"","","Metal Sheet 5","",False,"NA",1000,750,"","","NA",,0,"","","","","","",1998-06-01 00:00:00.000,"","Current",-1,"Miscellaneous","Miscellaneous"
166,"MS-2348",-1,"","","Metal Sheet 6","",False,"NA",1000,750,"","","NA",,0,"","","","","","",1998-06-01 00:00:00.000,"","Current",-1,"Miscellaneous","Miscellaneous"
167,"MS-6061",-1,"","","Metal Sheet 1","",False,"NA",1000,750,"","","NA",,0,"","","","","","",1998-06-01 00:00:00.000,"","Current",-1,"Miscellaneous","Miscellaneous"
168,"MT-1000",-1,"","","Metal Tread Plate","",False,"NA",1000,750,"","","NA",,0,"","","","","","",1998-06-01 00:00:00.000,"","Current",-1,"Miscellaneous","Miscellaneous"
170,"NI-9522",-1,"","","HL Nipple","",False,"NA",1000,750,"","","NA",,0,"","","","","","",1998-06-01 00:00:00.000,"","Current",-1,"Miscellaneous","Miscellaneous"
176,"PB-6109",-1,"","","Pinch Bolt","",False,"NA",1000,750,"","","NA",,0,"","","","","","",1998-06-01 00:00:00.000,"","Current",-1,"Miscellaneous","Miscellaneous"
177,"RA-2345",-1,"","","Cup-Shaped Race","",False,"NA",1000,750,"","","NA",,0,"","","","","","",1998-06-01 00:00:00.000,"","Current",-1,"Miscellaneous","Miscellaneous"
178,"RA-7490",-1,"","","Cone-Shaped Race","",False,"NA",1000,750,"","","NA",,0,"","","","","","",1998-06-01 00:00:00.000,"","Current",-1,"Miscellaneous","Miscellaneous"
179,"RF-9198",-1,"","","Reflector","",False,"NA",1000,750,"","","NA",,0,"","","","","","",1998-06-01 00:00:00.000,"","Current",-1,"Miscellaneous","Miscellaneous"
200,"SK-9283",-1,"","","Spokes","",False,"NA",1000,750,"","","NA",,0,"","","","","","",1998-06-01 00:00:00.000,"","Current",-1,"Miscellaneous","Miscellaneous"
201,"SL-0931",-1,"","","Seat Lug","",False,"NA",1000,750,"","","NA",,0,"","","","","","",1998-06-01 00:00:00.000,"","Current",-1,"Miscellaneous","Miscellaneous"
13,"CS-2812",-1,"","","Chain Stays","",False,"NA",1000,750,"","","NA",,1,"","","","","","",1998-06-01 00:00:00.000,"","Current",-1,"Miscellaneous","Miscellaneous"
17,"EC-M092",-1,"","","Mountain End Caps","",False,"NA",1000,750,"","","NA",,1,"","","","","","",1998-06-01 00:00:00.000,"","Current",-1,"Miscellaneous","Miscellaneous"
18,"EC-R098",-1,"","","Road End Caps","",False,"NA",1000,750,"","","NA",,1,"","","","","","",1998-06-01 00:00:00.000,"","Current",-1,"Miscellaneous","Miscellaneous"
19,"EC-T209",-1,"","","Touring End Caps","",False,"NA",1000,750,"","","NA",,1,"","","","","","",1998-06-01 00:00:00.000,"","Current",-1,"Miscellaneous","Miscellaneous"
169,"NI-4127",-1,"","","LL Nipple","",False,"NA",1000,750,"","","NA",,0,"","","L","","","",1998-06-01 00:00:00.000,"","Current",-1,"Miscellaneous","Miscellaneous"
3,"BE-2349",-1,"","","BB Ball Bearing","",False,"NA",800,600,"","","NA",,1,"","","","","","",1998-06-01 00:00:00.000,"","Current",-1,"Miscellaneous","Miscellaneous"
4,"BE-2908",-1,"","","Headset Ball Bearings","",False,"NA",800,600,"","","NA",,0,"","","","","","",1998-06-01 00:00:00.000,"","Current",-1,"Miscellaneous","Miscellaneous"
5,"BL-2036",-1,"","","Blade","",False,"NA",800,600,"","","NA",,1,"","","","","","",1998-06-01 00:00:00.000,"","Current",-1,"Miscellaneous","Miscellaneous"
16,"DT-2377",-1,"","","Down Tube","",False,"NA",800,600,"","","NA",,1,"","","","","","",1998-06-01 00:00:00.000,"","Current",-1,"Miscellaneous","Miscellaneous"
20,"FE-3760",-1,"","","Fork End","",False,"NA",800,600,"","","NA",,1,"","","","","","",1998-06-01 00:00:00.000,"","Current",-1,"Miscellaneous","Miscellaneous"
31,"FC-3654",-1,"","","Fork Crown","",False,"NA",800,600,"","","NA",,1,"","","","","","",1998-06-01 00:00:00.000,"","Current",-1,"Miscellaneous","Miscellaneous"
34,"GP-0982",-1,"","","Guide Pulley","",False,"NA",800,600,"","","NA",,0,"","","","","","",1998-06-01 00:00:00.000,"","Current",-1,"Miscellaneous","Miscellaneous"
35,"GT-0820",-1,"","","LL Grip Tape","",False,"NA",800,600,"","","NA",,0,"","","L","","","",1998-06-01 00:00:00.000,"","Current",-1,"Miscellaneous","Miscellaneous"
36,"GT-1209",-1,"","","ML Grip Tape","",False,"NA",800,600,"","","NA",,0,"","","M","","","",1998-06-01 00:00:00.000,"","Current",-1,"Miscellaneous","Miscellaneous"
37,"GT-2908",-1,"","","HL Grip Tape","",False,"NA",800,600,"","","NA",,0,"","","","","","",1998-06-01 00:00:00.000,"","Current",-1,"Miscellaneous","Miscellaneous"
77,"HT-2981",-1,"","","Handlebar Tube","",False,"NA",800,600,"","","NA",,1,"","","","","","",1998-06-01 00:00:00.000,"","Current",-1,"Miscellaneous","Miscellaneous"
78,"HT-8019",-1,"","","Head Tube","",False,"NA",800,600,"","","NA",,1,"","","","","","",1998-06-01 00:00:00.000,"","Current",-1,"Miscellaneous","Miscellaneous"
79,"HU-6280",-1,"","","LL Hub","",False,"NA",500,375,"","","NA",,1,"","","L","","","",1998-06-01 00:00:00.000,"","Current",-1,"Miscellaneous","Miscellaneous"
80,"HU-8998",-1,"","","HL Hub","",False,"NA",500,375,"","","NA",,1,"","","","","","",1998-06-01 00:00:00.000,"","Current",-1,"Miscellaneous","Miscellaneous"
171,"PA-187B",-1,"","","Paint - Black","",False,"NA",60,45,"","","NA",,0,"","","","","","",1998-06-01 00:00:00.000,"","Current",-1,"Miscellaneous","Miscellaneous"
172,"PA-361R",-1,"","","Paint - Red","",False,"NA",60,45,"","","NA",,0,"","","","","","",1998-06-01 00:00:00.000,"","Current",-1,"Miscellaneous","Miscellaneous"
173,"PA-529S",-1,"","","Paint - Silver","",False,"NA",60,45,"","","NA",,0,"","","","","","",1998-06-01 00:00:00.000,"","Current",-1,"Miscellaneous","Miscellaneous"
174,"PA-632U",-1,"","","Paint - Blue","",False,"NA",60,45,"","","NA",,0,"","","","","","",1998-06-01 00:00:00.000,"","Current",-1,"Miscellaneous","Miscellaneous"
175,"PA-823Y",-1,"","","Paint - Yellow","",False,"NA",60,45,"","","NA",,0,"","","","","","",1998-06-01 00:00:00.000,"","Current",-1,"Miscellaneous","Miscellaneous"
187,"SA-M198",-1,"","","LL Mountain Seat Assembly","",False,"NA",500,375,"","","NA",,1,"","","L","","","",1998-06-01 00:00:00.000,"","Current",-1,"Miscellaneous","Miscellaneous"
188,"SA-M237",-1,"","","ML Mountain Seat Assembly","",False,"NA",500,375,"","","NA",,1,"","","M","","","",1998-06-01 00:00:00.000,"","Current",-1,"Miscellaneous","Miscellaneous"
189,"SA-M687",-1,"","","HL Mountain Seat Assembly","",False,"NA",500,375,"","","NA",,1,"","","","","","",1998-06-01 00:00:00.000,"","Current",-1,"Miscellaneous","Miscellaneous"
190,"SA-R127",-1,"","","LL Road Seat Assembly","",False,"NA",500,375,"","","NA",,1,"","","L","","","",1998-06-01 00:00:00.000,"","Current",-1,"Miscellaneous","Miscellaneous"
191,"SA-R430",-1,"","","ML Road Seat Assembly","",False,"NA",500,375,"","","NA",,1,"","","M","","","",1998-06-01 00:00:00.000,"","Current",-1,"Miscellaneous","Miscellaneous"
192,"SA-R522",-1,"","","HL Road Seat Assembly","",False,"NA",500,375,"","","NA",,1,"","","","","","",1998-06-01 00:00:00.000,"","Current",-1,"Miscellaneous","Miscellaneous"
193,"SA-T467",-1,"","","LL Touring Seat Assembly","",False,"NA",500,375,"","","NA",,1,"","","L","","","",1998-06-01 00:00:00.000,"","Current",-1,"Miscellaneous","Miscellaneous"
194,"SA-T612",-1,"","","ML Touring Seat Assembly","",False,"NA",500,375,"","","NA",,1,"","","M","","","",1998-06-01 00:00:00.000,"","Current",-1,"Miscellaneous","Miscellaneous"
195,"SA-T872",-1,"","","HL Touring Seat Assembly","",False,"NA",500,375,"","","NA",,1,"","","","","","",1998-06-01 00:00:00.000,"","Current",-1,"Miscellaneous","Miscellaneous"
196,"SD-2342",-1,"","","LL Spindle/Axle","",False,"NA",500,375,"","","NA",,0,"","","L","","","",1998-06-01 00:00:00.000,"","Current",-1,"Miscellaneous","Miscellaneous"
197,"SD-9872",-1,"","","HL Spindle/Axle","",False,"NA",500,375,"","","NA",,0,"","","","","","",1998-06-01 00:00:00.000,"","Current",-1,"Miscellaneous","Miscellaneous"
198,"SH-4562",-1,"","","LL Shell","",False,"NA",800,600,"","","NA",,0,"","","L","","","",1998-06-01 00:00:00.000,"","Current",-1,"Miscellaneous","Miscellaneous"
199,"SH-9312",-1,"","","HL Shell","",False,"NA",800,600,"","","NA",,0,"","","","","","",1998-06-01 00:00:00.000,"","Current",-1,"Miscellaneous","Miscellaneous"
202,"SM-9087",-1,"","","Stem","",False,"NA",500,375,"","","NA",,1,"","","","","","",1998-06-01 00:00:00.000,"","Current",-1,"Miscellaneous","Miscellaneous"
203,"SP-2981",-1,"","","Seat Post","",False,"NA",500,375,"","","NA",,0,"","","","","","",1998-06-01 00:00:00.000,"","Current",-1,"Miscellaneous","Miscellaneous"
204,"SR-2098",-1,"","","Steerer","",False,"NA",500,375,"","","NA",,1,"","","","","","",1998-06-01 00:00:00.000,"","Current",-1,"Miscellaneous","Miscellaneous"
205,"SS-2985",-1,"","","Seat Stays","",False,"NA",800,600,"","","NA",,1,"","","","","","",1998-06-01 00:00:00.000,"","Current",-1,"Miscellaneous","Miscellaneous"
206,"ST-9828",-1,"","","Seat Tube","",False,"NA",500,375,"","","NA",,1,"","","","","","",1998-06-01 00:00:00.000,"","Current",-1,"Miscellaneous","Miscellaneous"
207,"TO-2301",-1,"","","Top Tube","",False,"NA",500,375,"","","NA",,1,"","","","","","",1998-06-01 00:00:00.000,"","Current",-1,"Miscellaneous","Miscellaneous"
208,"TP-0923",-1,"","","Tension Pulley","",False,"NA",800,600,"","","NA",,0,"","","","","","",1998-06-01 00:00:00.000,"","Current",-1,"Miscellaneous","Miscellaneous"
6,"CA-5965",-1,"","","LL Crankarm","",False,"Black",500,375,"","","NA",,0,"","","L","","","",1998-06-01 00:00:00.000,"","Current",-1,"Miscellaneous","Miscellaneous"
7,"CA-6738",-1,"","","ML Crankarm","",False,"Black",500,375,"","","NA",,0,"","","M","","","",1998-06-01 00:00:00.000,"","Current",-1,"Miscellaneous","Miscellaneous"
8,"CA-7457",-1,"","","HL Crankarm","",False,"Black",500,375,"","","NA",,0,"","","","","","",1998-06-01 00:00:00.000,"","Current",-1,"Miscellaneous","Miscellaneous"
9,"CB-2903",-1,"","","Chainring Bolts","",False,"Silver",1000,750,"","","NA",,0,"","","","","","",1998-06-01 00:00:00.000,"","Current",-1,"Miscellaneous","Miscellaneous"
10,"CN-6137",-1,"","","Chainring Nut","",False,"Silver",1000,750,"","","NA",,0,"","","","","","",1998-06-01 00:00:00.000,"","Current",-1,"Miscellaneous","Miscellaneous"
11,"CR-7833",-1,"","","Chainring","",False,"Black",1000,750,"","","NA",,0,"","","","","","",1998-06-01 00:00:00.000,"","Current",-1,"Miscellaneous","Miscellaneous"
21,"FH-2981",-1,"","","Freewheel","",False,"Silver",500,375,"","","NA",,0,"","","","","","",1998-06-01 00:00:00.000,"","Current",-1,"Miscellaneous","Miscellaneous"
32,"FC-3982",-1,"","","Front Derailleur Cage","",False,"Silver",800,600,"","","NA",,0,"","","","","","",1998-06-01 00:00:00.000,"","Current",-1,"Miscellaneous","Miscellaneous"
33,"FL-2301",-1,"","","Front Derailleur Linkage","",False,"Silver",800,600,"","","NA",,0,"","","","","","",1998-06-01 00:00:00.000,"","Current",-1,"Miscellaneous","Miscellaneous"
140,"LR-2398",-1,"","","Lock Ring","",False,"Silver",1000,750,"","","NA",,0,"","","","","","",1998-06-01 00:00:00.000,"","Current",-1,"Miscellaneous","Miscellaneous"
209,"RC-0291",-1,"","","Rear Derailleur Cage","",False,"Silver",500,375,"","","NA",,0,"","","","","","",1998-06-01 00:00:00.000,"","Current",-1,"Miscellaneous","Miscellaneous"
212,"HL-U509-R",31,"","","Sport-100 Helmet, Red","12.0278",True,"Red",4,3,"33.6442","","NA",,0,"S","20.1865","","","Sport-100","Universal fit, well-vented, lightweight , snap-on visor.",2005-07-01 00:00:00.000,"6/30/2002","",4,"Accessories","Helmets"
213,"HL-U509-R",31,"","","Sport-100 Helmet, Red","13.8782",True,"Red",4,3,"33.6442","","NA",,0,"S","20.1865","","","Sport-100","Universal fit, well-vented, lightweight , snap-on visor.",2006-07-01 00:00:00.000,"6/30/2003","",4,"Accessories","Helmets"
214,"HL-U509-R",31,"","","Sport-100 Helmet, Red","13.0863",True,"Red",4,3,"34.99","","NA",,0,"S","20.994","","","Sport-100","Universal fit, well-vented, lightweight , snap-on visor.",2007-07-01 00:00:00.000,"","Current",4,"Accessories","Helmets"
215,"HL-U509",31,"","","Sport-100 Helmet, Black","12.0278",True,"Black",4,3,"33.6442","","NA",,0,"S","20.1865","","","Sport-100","Universal fit, well-vented, lightweight , snap-on visor.",2005-07-01 00:00:00.000,"6/30/2002","",4,"Accessories","Helmets"
216,"HL-U509",31,"","","Sport-100 Helmet, Black","13.8782",True,"Black",4,3,"33.6442","","NA",,0,"S","20.1865","","","Sport-100","Universal fit, well-vented, lightweight , snap-on visor.",2006-07-01 00:00:00.000,"6/30/2003","",4,"Accessories","Helmets"
217,"HL-U509",31,"","","Sport-100 Helmet, Black","13.0863",True,"Black",4,3,"34.99","","NA",,0,"S","20.994","","","Sport-100","Universal fit, well-vented, lightweight , snap-on visor.",2007-07-01 00:00:00.000,"","Current",4,"Accessories","Helmets"
220,"HL-U509-B",31,"","","Sport-100 Helmet, Blue","12.0278",True,"Blue",4,3,"33.6442","","NA",,0,"S","20.1865","","","Sport-100","Universal fit, well-vented, lightweight , snap-on visor.",2005-07-01 00:00:00.000,"6/30/2002","",4,"Accessories","Helmets"
221,"HL-U509-B",31,"","","Sport-100 Helmet, Blue","13.8782",True,"Blue",4,3,"33.6442","","NA",,0,"S","20.1865","","","Sport-100","Universal fit, well-vented, lightweight , snap-on visor.",2006-07-01 00:00:00.000,"6/30/2003","",4,"Accessories","Helmets"
222,"HL-U509-B",31,"","","Sport-100 Helmet, Blue","13.0863",True,"Blue",4,3,"34.99","","NA",,0,"S","20.994","","","Sport-100","Universal fit, well-vented, lightweight , snap-on visor.",2007-07-01 00:00:00.000,"","Current",4,"Accessories","Helmets"
223,"CA-1098",19,"","","AWC Logo Cap","5.7052",True,"Multi",4,3,"8.6442","","NA",,0,"S","5.1865","","U","Cycling Cap","Traditional style with a flip-up brim; one-size fits all.",2005-07-01 00:00:00.000,"6/30/2002","",3,"Clothing","Caps"
224,"CA-1098",19,"","","AWC Logo Cap","5.2297",True,"Multi",4,3,"8.6442","","NA",,0,"S","5.1865","","U","Cycling Cap","Traditional style with a flip-up brim; one-size fits all.",2006-07-01 00:00:00.000,"6/30/2003","",3,"Clothing","Caps"
225,"CA-1098",19,"","","AWC Logo Cap","6.9223",True,"Multi",4,3,"8.99","","NA",,0,"S","5.394","","U","Cycling Cap","Traditional style with a flip-up brim; one-size fits all.",2007-07-01 00:00:00.000,"","Current",3,"Clothing","Caps"
391,"FK-1639",10,"","","LL Fork","65.8097",True,"NA",500,375,"148.22","","NA",,1,"","88.932","L","","LL Fork","Stout design absorbs shock and offers more precise steering.",2006-07-01 00:00:00.000,"6/30/2003","",2,"Components","Forks"
392,"FK-5136",10,"","","ML Fork","77.9176",True,"NA",500,375,"175.49","","NA",,1,"","105.294","M","","ML Fork","Composite road fork with an aluminum steerer tube.",2006-07-01 00:00:00.000,"6/30/2003","",2,"Components","Forks"
393,"FK-9939",10,"","","HL Fork","101.8936",True,"NA",500,375,"229.49","","NA",,1,"","137.694","H","","HL Fork","High-performance carbon road fork with curved legs.",2006-07-01 00:00:00.000,"6/30/2003","",2,"Components","Forks"
394,"HS-0296",11,"","","LL Headset","15.1848",True,"NA",500,375,"34.2","","NA",,1,"","20.52","L","","LL Headset","Threadless headset provides quality at an economical price.",2006-07-01 00:00:00.000,"6/30/2003","",2,"Components","Headsets"
395,"HS-2451",11,"","","ML Headset","45.4168",True,"NA",500,375,"102.29","","NA",,1,"","61.374","M","","ML Headset","Sealed cartridge keeps dirt out.",2006-07-01 00:00:00.000,"6/30/2003","",2,"Components","Headsets"
396,"HS-3479",11,"","","HL Headset","55.3801",True,"NA",500,375,"124.73","","NA",,1,"","74.838","H","","HL Headset","High-quality 1"" threadless headset with a grease port for quick lubrication.",2006-07-01 00:00:00.000,"6/30/2003","",2,"Components","Headsets"
397,"HB-M243",4,"","","LL Mountain Handlebars","17.978",True,"NA",500,375,"40.4909","","NA",,1,"M","24.2945","L","","LL Mountain Handlebars","All-purpose bar for on or off-road.",2006-07-01 00:00:00.000,"6/30/2003","",2,"Components","Handlebars"
398,"HB-M243",4,"","","LL Mountain Handlebars","19.7758",True,"NA",500,375,"44.54","","NA",,1,"M","26.724","L","","LL Mountain Handlebars","All-purpose bar for on or off-road.",2007-07-01 00:00:00.000,"","Current",2,"Components","Handlebars"
399,"HB-M763",4,"","","ML Mountain Handlebars","24.9932",True,"NA",500,375,"56.2909","","NA",,1,"M","33.7745","M","","ML Mountain Handlebars","Tough aluminum alloy bars for downhill.",2006-07-01 00:00:00.000,"6/30/2003","",2,"Components","Handlebars"
400,"HB-M763",4,"","","ML Mountain Handlebars","27.4925",True,"NA",500,375,"61.92","","NA",,1,"M","37.152","M","","ML Mountain Handlebars","Tough aluminum alloy bars for downhill.",2007-07-01 00:00:00.000,"","Current",2,"Components","Handlebars"
401,"HB-M918",4,"","","HL Mountain Handlebars","48.5453",True,"NA",500,375,"109.3364","","NA",,1,"M","65.6018","H","","HL Mountain Handlebars","Flat bar strong enough for the pro circuit.",2006-07-01 00:00:00.000,"6/30/2003","",2,"Components","Handlebars"
402,"HB-M918",4,"","","HL Mountain Handlebars","53.3999",True,"NA",500,375,"120.27","","NA",,1,"M","72.162","H","","HL Mountain Handlebars","Flat bar strong enough for the pro circuit.",2007-07-01 00:00:00.000,"","Current",2,"Components","Handlebars"
403,"HB-R504",4,"","","LL Road Handlebars","17.978",True,"NA",500,375,"40.4909","","NA",,1,"R","24.2945","L","","LL Road Handlebars","Unique shape provides easier reach to the levers.",2006-07-01 00:00:00.000,"6/30/2003","",2,"Components","Handlebars"
404,"HB-R504",4,"","","LL Road Handlebars","19.7758",True,"NA",500,375,"44.54","","NA",,1,"R","26.724","L","","LL Road Handlebars","Unique shape provides easier reach to the levers.",2007-07-01 00:00:00.000,"","Current",2,"Components","Handlebars"
405,"HB-R720",4,"","","ML Road Handlebars","24.9932",True,"NA",500,375,"56.2909","","NA",,1,"R","33.7745","M","","ML Road Handlebars","Anatomically shaped aluminum tube bar will suit all riders.",2006-07-01 00:00:00.000,"6/30/2003","",2,"Components","Handlebars"
406,"HB-R720",4,"","","ML Road Handlebars","27.4925",True,"NA",500,375,"61.92","","NA",,1,"R","37.152","M","","ML Road Handlebars","Anatomically shaped aluminum tube bar will suit all riders.",2007-07-01 00:00:00.000,"","Current",2,"Components","Handlebars"
407,"HB-R956",4,"","","HL Road Handlebars","48.5453",True,"NA",500,375,"109.3364","","NA",,1,"R","65.6018","H","","HL Road Handlebars","Designed for racers; high-end anatomically shaped bar from aluminum alloy.",2006-07-01 00:00:00.000,"6/30/2003","",2,"Components","Handlebars"
408,"HB-R956",4,"","","HL Road Handlebars","53.3999",True,"NA",500,375,"120.27","","NA",,1,"R","72.162","H","","HL Road Handlebars","Designed for racers; high-end anatomically shaped bar from aluminum alloy.",2007-07-01 00:00:00.000,"","Current",2,"Components","Handlebars"
410,"FW-M423",17,"","","LL Mountain Front Wheel","26.9708",True,"Black",500,375,"60.745","","NA",,1,"M","36.447","L","","LL Mountain Front Wheel","Replacement mountain wheel for entry-level rider.",2006-07-01 00:00:00.000,"6/30/2003","",2,"Components","Wheels"
411,"FW-M762",17,"","","ML Mountain Front Wheel","92.8071",True,"Black",500,375,"209.025","","NA",,1,"M","125.415","M","","ML Mountain Front Wheel","Replacement mountain wheel for the casual to serious rider.",2006-07-01 00:00:00.000,"6/30/2003","",2,"Components","Wheels"
412,"FW-M928",17,"","","HL Mountain Front Wheel","133.2955",True,"Black",500,375,"300.215","","NA",,1,"M","180.129","H","","HL Mountain Front Wheel","High-performance mountain replacement wheel.",2006-07-01 00:00:00.000,"6/30/2003","",2,"Components","Wheels"
416,"FW-T905",17,"","","Touring Front Wheel","96.7964",True,"Black",500,375,"218.01","","NA",,1,"T","130.806","","","Touring Front Wheel","Aerodynamic rims for smooth riding.",2006-07-01 00:00:00.000,"6/30/2003","",2,"Components","Wheels"
419,"RW-M423",17,"","","LL Mountain Rear Wheel","38.9588",True,"Black",500,375,"87.745","","NA",,1,"M","52.647","L","","LL Mountain Rear Wheel","Replacement mountain wheel for entry-level rider.",2006-07-01 00:00:00.000,"6/30/2003","",2,"Components","Wheels"
420,"RW-M762",17,"","","ML Mountain Rear Wheel","104.7951",True,"Black",500,375,"236.025","","NA",,1,"M","141.615","M","","ML Mountain Rear Wheel","Replacement mountain wheel for the casual to serious rider.",2006-07-01 00:00:00.000,"6/30/2003","",2,"Components","Wheels"
421,"RW-M928",17,"","","HL Mountain Rear Wheel","145.2835",True,"Black",500,375,"327.215","","NA",,1,"M","196.329","H","","HL Mountain Rear Wheel","High-performance mountain replacement wheel.",2006-07-01 00:00:00.000,"6/30/2003","",2,"Components","Wheels"
425,"RW-T905",17,"","","Touring Rear Wheel","108.7844",True,"Black",500,375,"245.01","","NA",,1,"T","147.006","","","Touring Rear Wheel","Excellent aerodynamic rims guarantee a smooth ride.",2006-07-01 00:00:00.000,"6/30/2003","",2,"Components","Wheels"
446,"PA-T100",35,"","","Touring-Panniers, Large","51.5625",True,"Grey",4,3,"125","","NA",,0,"T","75","","","Touring-Panniers","Durable, water-proof nylon construction with easy access. Large enough for weekend trips.",2006-07-01 00:00:00.000,"6/30/2003","",4,"Accessories","Panniers"
447,"LO-C100",34,"","","Cable Lock","10.3125",True,"NA",4,3,"25","","NA",,0,"S","15","","","Cable Lock","Wraps to fit front and rear tires, carrier and 2 keys included.",2006-07-01 00:00:00.000,"6/30/2003","",4,"Accessories","Locks"
448,"PU-0452",36,"","","Minipump","8.2459",True,"NA",4,3,"19.99","","NA",,0,"S","11.994","","","Minipump","Designed for convenience. Fits in your pocket. Aluminum barrel. 160psi rated.",2006-07-01 00:00:00.000,"6/30/2003","",4,"Accessories","Pumps"
449,"PU-M044",36,"","","Mountain Pump","10.3084",True,"NA",4,3,"24.99","","NA",,0,"M","14.994","","","Mountain Pump","Simple and light-weight. Emergency patches stored in handle.",2006-07-01 00:00:00.000,"6/30/2003","",4,"Accessories","Pumps"
450,"LT-T990",33,"","","Taillights - Battery-Powered","5.7709",True,"NA",4,3,"13.99","","NA",,0,"R","8.394","","","Taillight","Affordable light for safe night riding - uses 3 AAA batteries",2006-07-01 00:00:00.000,"6/30/2003","",4,"Accessories","Lights"
451,"LT-H902",33,"","","Headlights - Dual-Beam","14.4334",True,"NA",4,3,"34.99","","NA",,0,"R","20.994","","","Headlights - Dual-Beam","Rechargeable dual-beam headlight.",2006-07-01 00:00:00.000,"6/30/2003","",4,"Accessories","Lights"
452,"LT-H903",33,"","","Headlights - Weatherproof","18.5584",True,"NA",4,3,"44.99","","NA",,0,"R","26.994","","","Headlights - Weatherproof","Rugged weatherproof headlight.",2006-07-01 00:00:00.000,"6/30/2003","",4,"Accessories","Lights"
477,"WB-H098",28,"","","Water Bottle - 30 oz.","1.8663",True,"NA",4,3,"4.99","","NA",,0,"S","2.994","","","Water Bottle","AWC logo water bottle - holds 30 oz; leak-proof.",2007-07-01 00:00:00.000,"","Current",4,"Accessories","Bottles and Cages"
478,"BC-M005",28,"","","Mountain Bottle Cage","3.7363",True,"NA",4,3,"9.99","","NA",,0,"M","5.994","","","Mountain Bottle Cage","Tough aluminum cage holds bottle securly on tough terrain.",2007-07-01 00:00:00.000,"","Current",4,"Accessories","Bottles and Cages"
479,"BC-R205",28,"","","Road Bottle Cage","3.3623",True,"NA",4,3,"8.99","","NA",,0,"R","5.394","","","Road Bottle Cage","Aluminum cage is lighter than our mountain version; perfect for long distance trips.",2007-07-01 00:00:00.000,"","Current",4,"Accessories","Bottles and Cages"
480,"PK-7098",37,"","","Patch Kit/8 Patches","0.8565",True,"NA",4,3,"2.29","","NA",,0,"S","1.374","","","Patch kit","Includes 8 different size patches, glue and sandpaper.",2007-07-01 00:00:00.000,"","Current",4,"Accessories","Tires and Tubes"
483,"RA-H123",26,"","","Hitch Rack - 4-Bike","44.88",True,"NA",4,3,"120","","NA",,0,"S","72","","","Hitch Rack - 4-Bike","Carries 4 bikes securely; steel construction, fits 2"" receiver hitch.",2007-07-01 00:00:00.000,"","Current",4,"Accessories","Bike Racks"
484,"CL-9009",29,"","","Bike Wash - Dissolver","2.9733",True,"NA",4,3,"7.95","","NA",,0,"S","4.77","","","Bike Wash","Washes off the toughest road grime; dissolves grease, environmentally safe. 1-liter bottle.",2007-07-01 00:00:00.000,"","Current",4,"Accessories","Cleaners"
485,"FE-6654",30,"","","Fender Set - Mountain","8.2205",True,"NA",4,3,"21.98","","NA",,0,"M","13.188","","","Fender Set - Mountain","Clip-on fenders fit most mountain bikes.",2007-07-01 00:00:00.000,"","Current",4,"Accessories","Fenders"
486,"ST-1401",27,"","","All-Purpose Bike Stand","59.466",True,"NA",4,3,"159","","NA",,0,"M","95.4","","","All-Purpose Bike Stand","Perfect all-purpose bike stand for working on your bike at home. Quick-adjusting clamps and steel construction.",2007-07-01 00:00:00.000,"","Current",4,"Accessories","Bike Stands"
515,"SE-M236",15,"","","LL Mountain Seat/Saddle","12.0413",True,"NA",500,375,"27.12","","NA",,1,"M","16.272","L","","LL Mountain Seat/Saddle 2","Synthetic leather. Features gel for increased comfort.",2007-07-01 00:00:00.000,"","Current",2,"Components","Saddles"
516,"SE-M798",15,"","","ML Mountain Seat/Saddle","17.3782",True,"NA",500,375,"39.14","","NA",,1,"M","23.484","M","","ML Mountain Seat/Saddle 2","Designed to absorb shock.",2007-07-01 00:00:00.000,"","Current",2,"Components","Saddles"
517,"SE-M940",15,"","","HL Mountain Seat/Saddle","23.3722",True,"NA",500,375,"52.64","","NA",,1,"M","31.584","H","","HL Mountain Seat/Saddle 2","Anatomic design for a full-day of riding in comfort. Durable leather.",2007-07-01 00:00:00.000,"","Current",2,"Components","Saddles"
518,"SE-R581",15,"","","LL Road Seat/Saddle","12.0413",True,"NA",500,375,"27.12","","NA",,1,"R","16.272","L","","LL Road Seat/Saddle 1","Lightweight foam-padded saddle.",2007-07-01 00:00:00.000,"","Current",2,"Components","Saddles"
519,"SE-R908",15,"","","ML Road Seat/Saddle","17.3782",True,"NA",500,375,"39.14","","NA",,1,"T","23.484","M","","ML Road Seat/Saddle 2","Rubber bumpers absorb bumps.",2007-07-01 00:00:00.000,"","Current",2,"Components","Saddles"
520,"SE-R995",15,"","","HL Road Seat/Saddle","23.3722",True,"NA",500,375,"52.64","","NA",,1,"R","31.584","H","","HL Road Seat/Saddle 2","Lightweight kevlar racing saddle. Leather.",2007-07-01 00:00:00.000,"","Current",2,"Components","Saddles"
521,"SE-T312",15,"","","LL Touring Seat/Saddle","12.0413",True,"NA",500,375,"27.12","","NA",,1,"T","16.272","L","","LL Touring Seat/Saddle","Comfortable, ergonomically shaped gel saddle.",2007-07-01 00:00:00.000,"","Current",2,"Components","Saddles"
522,"SE-T762",15,"","","ML Touring Seat/Saddle","17.3782",True,"NA",500,375,"39.14","","NA",,1,"T","23.484","M","","ML Touring Seat/Saddle","New design relieves pressure for long rides.",2007-07-01 00:00:00.000,"","Current",2,"Components","Saddles"
523,"SE-T924",15,"","","HL Touring Seat/Saddle","23.3722",True,"NA",500,375,"52.64","","NA",,1,"T","31.584","H","","HL Touring Seat/Saddle","Cut-out shell for a more comfortable ride.",2007-07-01 00:00:00.000,"","Current",2,"Components","Saddles"
528,"TT-M928",37,"","","Mountain Tire Tube","1.8663",True,"NA",500,375,"4.99","","NA",,0,"M","2.994","","","Mountain Tire Tube","Self-sealing tube.",2007-07-01 00:00:00.000,"","Current",4,"Accessories","Tires and Tubes"
529,"TT-R982",37,"","","Road Tire Tube","1.4923",True,"NA",500,375,"3.99","","NA",,0,"R","2.394","","","Road Tire Tube","Conventional all-purpose tube.",2007-07-01 00:00:00.000,"","Current",4,"Accessories","Tires and Tubes"
530,"TT-T092",37,"","","Touring Tire Tube","1.8663",True,"NA",500,375,"4.99","","NA",,0,"T","2.994","","","Touring Tire Tube","General purpose tube.",2007-07-01 00:00:00.000,"","Current",4,"Accessories","Tires and Tubes"
535,"TI-M267",37,"","","LL Mountain Tire","9.3463",True,"NA",500,375,"24.99","","NA",,0,"M","14.994","L","","LL Mountain Tire","Comparible traction, less expensive wire bead casing.",2007-07-01 00:00:00.000,"","Current",4,"Accessories","Tires and Tubes"
536,"TI-M602",37,"","","ML Mountain Tire","11.2163",True,"NA",500,375,"29.99","","NA",,0,"M","17.994","M","","ML Mountain Tire","Great traction, high-density rubber.",2007-07-01 00:00:00.000,"","Current",4,"Accessories","Tires and Tubes"
537,"TI-M823",37,"","","HL Mountain Tire","13.09",True,"NA",500,375,"35","","NA",,0,"M","21","H","","HL Mountain Tire","Incredible traction, lightweight carbon reinforced.",2007-07-01 00:00:00.000,"","Current",4,"Accessories","Tires and Tubes"
538,"TI-R092",37,"","","LL Road Tire","8.0373",True,"NA",500,375,"21.49","","NA",,0,"R","12.894","L","","LL Road Tire","Same great treads as more expensive tire with a less expensive wire bead casing.",2007-07-01 00:00:00.000,"","Current",4,"Accessories","Tires and Tubes"
539,"TI-R628",37,"","","ML Road Tire","9.3463",True,"NA",500,375,"24.99","","NA",,0,"R","14.994","M","","ML Road Tire","Higher density rubber.",2007-07-01 00:00:00.000,"","Current",4,"Accessories","Tires and Tubes"
540,"TI-R982",37,"","","HL Road Tire","12.1924",True,"NA",500,375,"32.6","","NA",,0,"R","19.56","H","","HL Road Tire","Lightweight carbon reinforced  for an unrivaled ride at an un-compromised weight.",2007-07-01 00:00:00.000,"","Current",4,"Accessories","Tires and Tubes"
541,"TI-T723",37,"","","Touring Tire","10.8423",True,"NA",500,375,"28.99","","NA",,0,"T","17.394","","","Touring Tire","High-density rubber.",2007-07-01 00:00:00.000,"","Current",4,"Accessories","Tires and Tubes"
548,"PD-T852",13,"","","Touring Pedal","35.9596",True,"Silver/Black",500,375,"80.99","","NA",,1,"T","48.594","","","Touring Pedal","A stable pedal for all-day riding.",2007-07-01 00:00:00.000,"","Current",2,"Components","Pedals"
553,"HB-T721",4,"","","LL Touring Handlebars","20.464",True,"NA",500,375,"46.09","","NA",,1,"T","27.654","L","","LL Touring Handlebars","Unique shape reduces fatigue for entry level riders.",2007-07-01 00:00:00.000,"","Current",2,"Components","Handlebars"
554,"HB-T928",4,"","","HL Touring Handlebars","40.6571",True,"NA",500,375,"91.57","","NA",,1,"T","54.942","H","","HL Touring Handlebars","A light yet stiff aluminum bar for long distance riding.",2007-07-01 00:00:00.000,"","Current",2,"Components","Handlebars"
559,"CH-0234",7,"","","Chain","8.9866",True,"Silver",500,375,"20.24","","NA",,1,"","12.144","","","Chain","Superior shifting performance.",2007-07-01 00:00:00.000,"","Current",2,"Components","Chains"
218,"SO-B909-M",23,"","","Mountain Bike Socks, M","3.3963",True,"White",4,3,"9.5","M","M",,0,"M","5.7","","U","Mountain Bike Socks","Combination of natural and synthetic fibers stays dry and provides just the right cushioning.",2005-07-01 00:00:00.000,"6/30/2002","",3,"Clothing","Socks"
219,"SO-B909-L",23,"","","Mountain Bike Socks, L","3.3963",True,"White",4,3,"9.5","L","L",,0,"M","5.7","","U","Mountain Bike Socks","Combination of natural and synthetic fibers stays dry and provides just the right cushioning.",2005-07-01 00:00:00.000,"6/30/2002","",3,"Clothing","Socks"
226,"LJ-0192-S",21,"","","Long-Sleeve Logo Jersey, S","31.7244",True,"Multi",4,3,"48.0673","S","S",,0,"S","28.8404","","U","Long-Sleeve Logo Jersey","Unisex long-sleeve AWC logo microfiber cycling jersey",2005-07-01 00:00:00.000,"6/30/2002","",3,"Clothing","Jerseys"
227,"LJ-0192-S",21,"","","Long-Sleeve Logo Jersey, S","29.0807",True,"Multi",4,3,"48.0673","S","S",,0,"S","28.8404","","U","Long-Sleeve Logo Jersey","Unisex long-sleeve AWC logo microfiber cycling jersey",2006-07-01 00:00:00.000,"6/30/2003","",3,"Clothing","Jerseys"
228,"LJ-0192-S",21,"","","Long-Sleeve Logo Jersey, S","38.4923",True,"Multi",4,3,"49.99","S","S",,0,"S","29.994","","U","Long-Sleeve Logo Jersey","Unisex long-sleeve AWC logo microfiber cycling jersey",2007-07-01 00:00:00.000,"","Current",3,"Clothing","Jerseys"
229,"LJ-0192-M",21,"","","Long-Sleeve Logo Jersey, M","31.7244",True,"Multi",4,3,"48.0673","M","M",,0,"S","28.8404","","U","Long-Sleeve Logo Jersey","Unisex long-sleeve AWC logo microfiber cycling jersey",2005-07-01 00:00:00.000,"6/30/2002","",3,"Clothing","Jerseys"
230,"LJ-0192-M",21,"","","Long-Sleeve Logo Jersey, M","29.0807",True,"Multi",4,3,"48.0673","M","M",,0,"S","28.8404","","U","Long-Sleeve Logo Jersey","Unisex long-sleeve AWC logo microfiber cycling jersey",2006-07-01 00:00:00.000,"6/30/2003","",3,"Clothing","Jerseys"
231,"LJ-0192-M",21,"","","Long-Sleeve Logo Jersey, M","38.4923",True,"Multi",4,3,"49.99","M","M",,0,"S","29.994","","U","Long-Sleeve Logo Jersey","Unisex long-sleeve AWC logo microfiber cycling jersey",2007-07-01 00:00:00.000,"","Current",3,"Clothing","Jerseys"
232,"LJ-0192-L",21,"","","Long-Sleeve Logo Jersey, L","31.7244",True,"Multi",4,3,"48.0673","L","L",,0,"S","28.8404","","U","Long-Sleeve Logo Jersey","Unisex long-sleeve AWC logo microfiber cycling jersey",2005-07-01 00:00:00.000,"6/30/2002","",3,"Clothing","Jerseys"
233,"LJ-0192-L",21,"","","Long-Sleeve Logo Jersey, L","29.0807",True,"Multi",4,3,"48.0673","L","L",,0,"S","28.8404","","U","Long-Sleeve Logo Jersey","Unisex long-sleeve AWC logo microfiber cycling jersey",2006-07-01 00:00:00.000,"6/30/2003","",3,"Clothing","Jerseys"
234,"LJ-0192-L",21,"","","Long-Sleeve Logo Jersey, L","38.4923",True,"Multi",4,3,"49.99","L","L",,0,"S","29.994","","U","Long-Sleeve Logo Jersey","Unisex long-sleeve AWC logo microfiber cycling jersey",2007-07-01 00:00:00.000,"","Current",3,"Clothing","Jerseys"
235,"LJ-0192-X",21,"","","Long-Sleeve Logo Jersey, XL","31.7244",True,"Multi",4,3,"48.0673","XL","XL",,0,"S","28.8404","","U","Long-Sleeve Logo Jersey","Unisex long-sleeve AWC logo microfiber cycling jersey",2005-07-01 00:00:00.000,"6/30/2002","",3,"Clothing","Jerseys"
236,"LJ-0192-X",21,"","","Long-Sleeve Logo Jersey, XL","29.0807",True,"Multi",4,3,"48.0673","XL","XL",,0,"S","28.8404","","U","Long-Sleeve Logo Jersey","Unisex long-sleeve AWC logo microfiber cycling jersey",2006-07-01 00:00:00.000,"6/30/2003","",3,"Clothing","Jerseys"
237,"LJ-0192-X",21,"","","Long-Sleeve Logo Jersey, XL","38.4923",True,"Multi",4,3,"49.99","XL","XL",,0,"S","29.994","","U","Long-Sleeve Logo Jersey","Unisex long-sleeve AWC logo microfiber cycling jersey",2007-07-01 00:00:00.000,"","Current",3,"Clothing","Jerseys"
445,"SH-M897-S",22,"","","Men's Sports Shorts, S","24.7459",True,"Black",4,3,"59.99","S","S",,0,"S","35.994","","M","Men's Sports Shorts","Men's 8-panel racing shorts - lycra with an elastic waistband and leg grippers.",2006-07-01 00:00:00.000,"6/30/2003","",3,"Clothing","Shorts"
453,"SH-M897-M",22,"","","Men's Sports Shorts, M","24.7459",True,"Black",4,3,"59.99","M","M",,0,"S","35.994","","M","Men's Sports Shorts","Men's 8-panel racing shorts - lycra with an elastic waistband and leg grippers.",2006-07-01 00:00:00.000,"6/30/2003","",3,"Clothing","Shorts"
454,"SH-M897-L",22,"","","Men's Sports Shorts, L","24.7459",True,"Black",4,3,"59.99","L","L",,0,"S","35.994","","M","Men's Sports Shorts","Men's 8-panel racing shorts - lycra with an elastic waistband and leg grippers.",2006-07-01 00:00:00.000,"6/30/2003","",3,"Clothing","Shorts"
455,"SH-M897-X",22,"","","Men's Sports Shorts, XL","24.7459",True,"Black",4,3,"59.99","XL","XL",,0,"S","35.994","","M","Men's Sports Shorts","Men's 8-panel racing shorts - lycra with an elastic waistband and leg grippers.",2006-07-01 00:00:00.000,"6/30/2003","",3,"Clothing","Shorts"
456,"TG-W091-S",24,"","","Women's Tights, S","30.9334",True,"Black",4,3,"74.99","S","S",,0,"S","44.994","","W","Women's Tights","Warm spandex tights for winter riding; seamless chamois construction eliminates pressure points.",2006-07-01 00:00:00.000,"6/30/2003","",3,"Clothing","Tights"
457,"TG-W091-M",24,"","","Women's Tights, M","30.9334",True,"Black",4,3,"74.99","M","M",,0,"S","44.994","","W","Women's Tights","Warm spandex tights for winter riding; seamless chamois construction eliminates pressure points.",2006-07-01 00:00:00.000,"6/30/2003","",3,"Clothing","Tights"
458,"TG-W091-L",24,"","","Women's Tights, L","30.9334",True,"Black",4,3,"74.99","L","L",,0,"S","44.994","","W","Women's Tights","Warm spandex tights for winter riding; seamless chamois construction eliminates pressure points.",2006-07-01 00:00:00.000,"6/30/2003","",3,"Clothing","Tights"
459,"SB-M891-S",18,"","","Men's Bib-Shorts, S","37.1209",True,"Multi",4,3,"89.99","S","S",,0,"S","53.994","","M","Men's Bib-Shorts","Designed for the AWC team with stay-put straps, moisture-control, chamois padding, and leg grippers.",2006-07-01 00:00:00.000,"6/30/2003","",3,"Clothing","Bib-Shorts"
460,"SB-M891-M",18,"","","Men's Bib-Shorts, M","37.1209",True,"Multi",4,3,"89.99","M","M",,0,"S","53.994","","M","Men's Bib-Shorts","Designed for the AWC team with stay-put straps, moisture-control, chamois padding, and leg grippers.",2006-07-01 00:00:00.000,"6/30/2003","",3,"Clothing","Bib-Shorts"
461,"SB-M891-L",18,"","","Men's Bib-Shorts, L","37.1209",True,"Multi",4,3,"89.99","L","L",,0,"S","53.994","","M","Men's Bib-Shorts","Designed for the AWC team with stay-put straps, moisture-control, chamois padding, and leg grippers.",2006-07-01 00:00:00.000,"6/30/2003","",3,"Clothing","Bib-Shorts"
462,"GL-H102-S",20,"","","Half-Finger Gloves, S","9.7136",True,"Black",4,3,"23.5481","S","S",,0,"S","14.1289","","U","Half-Finger Gloves","Full padding, improved finger flex, durable palm, adjustable closure.",2006-07-01 00:00:00.000,"6/30/2003","",3,"Clothing","Gloves"
463,"GL-H102-S",20,"","","Half-Finger Gloves, S","9.1593",True,"Black",4,3,"24.49","S","S",,0,"S","14.694","","U","Half-Finger Gloves","Full padding, improved finger flex, durable palm, adjustable closure.",2007-07-01 00:00:00.000,"","Current",3,"Clothing","Gloves"
464,"GL-H102-M",20,"","","Half-Finger Gloves, M","9.7136",True,"Black",4,3,"23.5481","M","M",,0,"S","14.1289","","U","Half-Finger Gloves","Full padding, improved finger flex, durable palm, adjustable closure.",2006-07-01 00:00:00.000,"6/30/2003","",3,"Clothing","Gloves"
465,"GL-H102-M",20,"","","Half-Finger Gloves, M","9.1593",True,"Black",4,3,"24.49","M","M",,0,"S","14.694","","U","Half-Finger Gloves","Full padding, improved finger flex, durable palm, adjustable closure.",2007-07-01 00:00:00.000,"","Current",3,"Clothing","Gloves"
466,"GL-H102-L",20,"","","Half-Finger Gloves, L","9.7136",True,"Black",4,3,"23.5481","L","L",,0,"S","14.1289","","U","Half-Finger Gloves","Full padding, improved finger flex, durable palm, adjustable closure.",2006-07-01 00:00:00.000,"6/30/2003","",3,"Clothing","Gloves"
467,"GL-H102-L",20,"","","Half-Finger Gloves, L","9.1593",True,"Black",4,3,"24.49","L","L",,0,"S","14.694","","U","Half-Finger Gloves","Full padding, improved finger flex, durable palm, adjustable closure.",2007-07-01 00:00:00.000,"","Current",3,"Clothing","Gloves"
468,"GL-F110-S",20,"","","Full-Finger Gloves, S","15.6709",True,"Black",4,3,"37.99","S","S",,0,"M","22.794","","U","Full-Finger Gloves","Synthetic palm, flexible knuckles, breathable mesh upper. Worn by the AWC team riders.",2006-07-01 00:00:00.000,"6/30/2003","",3,"Clothing","Gloves"
469,"GL-F110-M",20,"","","Full-Finger Gloves, M","15.6709",True,"Black",4,3,"37.99","M","M",,0,"M","22.794","","U","Full-Finger Gloves","Synthetic palm, flexible knuckles, breathable mesh upper. Worn by the AWC team riders.",2006-07-01 00:00:00.000,"6/30/2003","",3,"Clothing","Gloves"
470,"GL-F110-L",20,"","","Full-Finger Gloves, L","15.6709",True,"Black",4,3,"37.99","L","L",,0,"M","22.794","","U","Full-Finger Gloves","Synthetic palm, flexible knuckles, breathable mesh upper. Worn by the AWC team riders.",2006-07-01 00:00:00.000,"6/30/2003","",3,"Clothing","Gloves"
471,"VE-C304-S",25,"","","Classic Vest, S","23.749",True,"Blue",4,3,"63.5","S","S",,0,"S","38.1","","U","Classic Vest","Light-weight, wind-resistant, packs to fit into a pocket.",2007-07-01 00:00:00.000,"","Current",3,"Clothing","Vests"
472,"VE-C304-M",25,"","","Classic Vest, M","23.749",True,"Blue",4,3,"63.5","M","M",,0,"S","38.1","","U","Classic Vest","Light-weight, wind-resistant, packs to fit into a pocket.",2007-07-01 00:00:00.000,"","Current",3,"Clothing","Vests"
473,"VE-C304-L",25,"","","Classic Vest, L","23.749",True,"Blue",4,3,"63.5","L","L",,0,"S","38.1","","U","Classic Vest","Light-weight, wind-resistant, packs to fit into a pocket.",2007-07-01 00:00:00.000,"","Current",3,"Clothing","Vests"
474,"SH-W890-S",22,"","","Women's Mountain Shorts, S","26.1763",True,"Black",4,3,"69.99","S","S",,0,"M","41.994","","W","Women's Mountain Shorts","Heavy duty, abrasion-resistant shorts feature seamless, lycra inner shorts with anti-bacterial chamois for comfort.",2007-07-01 00:00:00.000,"","Current",3,"Clothing","Shorts"
475,"SH-W890-M",22,"","","Women's Mountain Shorts, M","26.1763",True,"Black",4,3,"69.99","M","M",,0,"M","41.994","","W","Women's Mountain Shorts","Heavy duty, abrasion-resistant shorts feature seamless, lycra inner shorts with anti-bacterial chamois for comfort.",2007-07-01 00:00:00.000,"","Current",3,"Clothing","Shorts"
476,"SH-W890-L",22,"","","Women's Mountain Shorts, L","26.1763",True,"Black",4,3,"69.99","L","L",,0,"M","41.994","","W","Women's Mountain Shorts","Heavy duty, abrasion-resistant shorts feature seamless, lycra inner shorts with anti-bacterial chamois for comfort.",2007-07-01 00:00:00.000,"","Current",3,"Clothing","Shorts"
481,"SO-R809-M",23,"","","Racing Socks, M","3.3623",True,"White",4,3,"8.99","M","M",,0,"R","5.394","","U","Racing Socks","Thin, lightweight and durable with cuffs that stay up.",2007-07-01 00:00:00.000,"","Current",3,"Clothing","Socks"
482,"SO-R809-L",23,"","","Racing Socks, L","3.3623",True,"White",4,3,"8.99","L","L",,0,"R","5.394","","U","Racing Socks","Thin, lightweight and durable with cuffs that stay up.",2007-07-01 00:00:00.000,"","Current",3,"Clothing","Socks"
487,"HY-1023-70",32,"","","Hydration Pack - 70 oz.","20.5663",True,"Silver",4,3,"54.99","70","70",,0,"S","32.994","","","Hydration Pack","Versatile 70 oz hydration pack offers extra storage, easy-fill access, and a waist belt.",2007-07-01 00:00:00.000,"","Current",4,"Accessories","Hydration Packs"
488,"SJ-0194-S",21,"","","Short-Sleeve Classic Jersey, S","41.5723",True,"Yellow",4,3,"53.99","S","S",,0,"S","32.394","","U","Short-Sleeve Classic Jersey","Short sleeve classic breathable jersey with superior moisture control, front zipper, and 3 back pockets.",2007-07-01 00:00:00.000,"","Current",3,"Clothing","Jerseys"
489,"SJ-0194-M",21,"","","Short-Sleeve Classic Jersey, M","41.5723",True,"Yellow",4,3,"53.99","M","M",,0,"S","32.394","","U","Short-Sleeve Classic Jersey","Short sleeve classic breathable jersey with superior moisture control, front zipper, and 3 back pockets.",2007-07-01 00:00:00.000,"","Current",3,"Clothing","Jerseys"
490,"SJ-0194-L",21,"","","Short-Sleeve Classic Jersey, L","41.5723",True,"Yellow",4,3,"53.99","L","L",,0,"S","32.394","","U","Short-Sleeve Classic Jersey","Short sleeve classic breathable jersey with superior moisture control, front zipper, and 3 back pockets.",2007-07-01 00:00:00.000,"","Current",3,"Clothing","Jerseys"
491,"SJ-0194-X",21,"","","Short-Sleeve Classic Jersey, XL","41.5723",True,"Yellow",4,3,"53.99","XL","XL",,0,"S","32.394","","U","Short-Sleeve Classic Jersey","Short sleeve classic breathable jersey with superior moisture control, front zipper, and 3 back pockets.",2007-07-01 00:00:00.000,"","Current",3,"Clothing","Jerseys"
417,"FR-R72Y-38",14,"LB","CM","ML Road Frame-W - Yellow, 38","300.1188",True,"Yellow",500,375,"540.7545","38","38-40 CM",2,2,"R","324.4527","M","W","ML Road Frame-W","Made from the same aluminum alloy as our top-of-the line HL frame, the ML features a lightweight down-tube milled to the perfect diameter for optimal strength. Women's version.",2006-07-01 00:00:00.000,"6/30/2003","",2,"Components","Road Frames"
418,"FR-R72Y-38",14,"LB","CM","ML Road Frame-W - Yellow, 38","360.9428",True,"Yellow",500,375,"594.83","38","38-40 CM",2,2,"R","356.898","M","W","ML Road Frame-W","Made from the same aluminum alloy as our top-of-the line HL frame, the ML features a lightweight down-tube milled to the perfect diameter for optimal strength. Women's version.",2007-07-01 00:00:00.000,"","Current",2,"Components","Road Frames"
210,"FR-R92B-58",14,"LB","CM","HL Road Frame - Black, 58","",True,"Black",500,375,"","58","54-58 CM",2,1,"R","","H","U","HL Road Frame","Our lightest and best quality aluminum frame made from the newest alloy; it is welded and heat-treated for strength. Our innovative design results in maximum comfort and performance.",1998-06-01 00:00:00.000,"","Current",2,"Components","Road Frames"
211,"FR-R92R-58",14,"LB","CM","HL Road Frame - Red, 58","",True,"Red",500,375,"","58","54-58 CM",2,1,"R","","H","U","HL Road Frame","Our lightest and best quality aluminum frame made from the newest alloy; it is welded and heat-treated for strength. Our innovative design results in maximum comfort and performance.",1998-06-01 00:00:00.000,"","Current",2,"Components","Road Frames"
238,"FR-R92R-62",14,"LB","CM","HL Road Frame - Red, 62","747.9682",True,"Red",500,375,"1263.4598","62","60-62 CM",2,1,"R","758.0759","H","U","HL Road Frame","Our lightest and best quality aluminum frame made from the newest alloy; it is welded and heat-treated for strength. Our innovative design results in maximum comfort and performance.",2005-07-01 00:00:00.000,"6/30/2002","",2,"Components","Road Frames"
239,"FR-R92R-62",14,"LB","CM","HL Road Frame - Red, 62","722.2568",True,"Red",500,375,"1301.3636","62","60-62 CM",2,1,"R","780.8182","H","U","HL Road Frame","Our lightest and best quality aluminum frame made from the newest alloy; it is welded and heat-treated for strength. Our innovative design results in maximum comfort and performance.",2006-07-01 00:00:00.000,"6/30/2003","",2,"Components","Road Frames"
240,"FR-R92R-62",14,"LB","CM","HL Road Frame - Red, 62","868.6342",True,"Red",500,375,"1431.5","62","60-62 CM",2,1,"R","858.9","H","U","HL Road Frame","Our lightest and best quality aluminum frame made from the newest alloy; it is welded and heat-treated for strength. Our innovative design results in maximum comfort and performance.",2007-07-01 00:00:00.000,"","Current",2,"Components","Road Frames"
241,"FR-R92R-44",14,"LB","CM","HL Road Frame - Red, 44","747.9682",True,"Red",500,375,"1263.4598","44","42-46 CM",2,1,"R","758.0759","H","U","HL Road Frame","Our lightest and best quality aluminum frame made from the newest alloy; it is welded and heat-treated for strength. Our innovative design results in maximum comfort and performance.",2005-07-01 00:00:00.000,"6/30/2002","",2,"Components","Road Frames"
242,"FR-R92R-44",14,"LB","CM","HL Road Frame - Red, 44","722.2568",True,"Red",500,375,"1301.3636","44","42-46 CM",2,1,"R","780.8182","H","U","HL Road Frame","Our lightest and best quality aluminum frame made from the newest alloy; it is welded and heat-treated for strength. Our innovative design results in maximum comfort and performance.",2006-07-01 00:00:00.000,"6/30/2003","",2,"Components","Road Frames"
243,"FR-R92R-44",14,"LB","CM","HL Road Frame - Red, 44","868.6342",True,"Red",500,375,"1431.5","44","42-46 CM",2,1,"R","858.9","H","U","HL Road Frame","Our lightest and best quality aluminum frame made from the newest alloy; it is welded and heat-treated for strength. Our innovative design results in maximum comfort and performance.",2007-07-01 00:00:00.000,"","Current",2,"Components","Road Frames"
244,"FR-R92R-48",14,"LB","CM","HL Road Frame - Red, 48","747.9682",True,"Red",500,375,"1263.4598","48","48-52 CM",2,1,"R","758.0759","H","U","HL Road Frame","Our lightest and best quality aluminum frame made from the newest alloy; it is welded and heat-treated for strength. Our innovative design results in maximum comfort and performance.",2005-07-01 00:00:00.000,"6/30/2002","",2,"Components","Road Frames"
245,"FR-R92R-48",14,"LB","CM","HL Road Frame - Red, 48","722.2568",True,"Red",500,375,"1301.3636","48","48-52 CM",2,1,"R","780.8182","H","U","HL Road Frame","Our lightest and best quality aluminum frame made from the newest alloy; it is welded and heat-treated for strength. Our innovative design results in maximum comfort and performance.",2006-07-01 00:00:00.000,"6/30/2003","",2,"Components","Road Frames"
246,"FR-R92R-48",14,"LB","CM","HL Road Frame - Red, 48","868.6342",True,"Red",500,375,"1431.5","48","48-52 CM",2,1,"R","858.9","H","U","HL Road Frame","Our lightest and best quality aluminum frame made from the newest alloy; it is welded and heat-treated for strength. Our innovative design results in maximum comfort and performance.",2007-07-01 00:00:00.000,"","Current",2,"Components","Road Frames"
247,"FR-R92R-52",14,"LB","CM","HL Road Frame - Red, 52","747.9682",True,"Red",500,375,"1263.4598","52","48-52 CM",2,1,"R","758.0759","H","U","HL Road Frame","Our lightest and best quality aluminum frame made from the newest alloy; it is welded and heat-treated for strength. Our innovative design results in maximum comfort and performance.",2005-07-01 00:00:00.000,"6/30/2002","",2,"Components","Road Frames"
248,"FR-R92R-52",14,"LB","CM","HL Road Frame - Red, 52","722.2568",True,"Red",500,375,"1301.3636","52","48-52 CM",2,1,"R","780.8182","H","U","HL Road Frame","Our lightest and best quality aluminum frame made from the newest alloy; it is welded and heat-treated for strength. Our innovative design results in maximum comfort and performance.",2006-07-01 00:00:00.000,"6/30/2003","",2,"Components","Road Frames"
249,"FR-R92R-52",14,"LB","CM","HL Road Frame - Red, 52","868.6342",True,"Red",500,375,"1431.5","52","48-52 CM",2,1,"R","858.9","H","U","HL Road Frame","Our lightest and best quality aluminum frame made from the newest alloy; it is welded and heat-treated for strength. Our innovative design results in maximum comfort and performance.",2007-07-01 00:00:00.000,"","Current",2,"Components","Road Frames"
250,"FR-R92R-56",14,"LB","CM","HL Road Frame - Red, 56","747.9682",True,"Red",500,375,"1263.4598","56","54-58 CM",2,1,"R","758.0759","H","U","HL Road Frame","Our lightest and best quality aluminum frame made from the newest alloy; it is welded and heat-treated for strength. Our innovative design results in maximum comfort and performance.",2005-07-01 00:00:00.000,"6/30/2002","",2,"Components","Road Frames"
251,"FR-R92R-56",14,"LB","CM","HL Road Frame - Red, 56","722.2568",True,"Red",500,375,"1301.3636","56","54-58 CM",2,1,"R","780.8182","H","U","HL Road Frame","Our lightest and best quality aluminum frame made from the newest alloy; it is welded and heat-treated for strength. Our innovative design results in maximum comfort and performance.",2006-07-01 00:00:00.000,"6/30/2003","",2,"Components","Road Frames"
252,"FR-R92R-56",14,"LB","CM","HL Road Frame - Red, 56","868.6342",True,"Red",500,375,"1431.5","56","54-58 CM",2,1,"R","858.9","H","U","HL Road Frame","Our lightest and best quality aluminum frame made from the newest alloy; it is welded and heat-treated for strength. Our innovative design results in maximum comfort and performance.",2007-07-01 00:00:00.000,"","Current",2,"Components","Road Frames"
253,"FR-R38B-58",14,"LB","CM","LL Road Frame - Black, 58","176.1997",True,"Black",500,375,"297.6346","58","54-58 CM",2,1,"R","178.5808","L","U","LL Road Frame","The LL Frame provides a safe comfortable ride, while offering superior bump absorption in a value-priced aluminum frame.",2005-07-01 00:00:00.000,"6/30/2002","",2,"Components","Road Frames"
254,"FR-R38B-58",14,"LB","CM","LL Road Frame - Black, 58","170.1428",True,"Black",500,375,"306.5636","58","54-58 CM",2,1,"R","183.9382","L","U","LL Road Frame","The LL Frame provides a safe comfortable ride, while offering superior bump absorption in a value-priced aluminum frame.",2006-07-01 00:00:00.000,"6/30/2003","",2,"Components","Road Frames"
255,"FR-R38B-58",14,"LB","CM","LL Road Frame - Black, 58","204.6251",True,"Black",500,375,"337.22","58","54-58 CM",2,1,"R","202.332","L","U","LL Road Frame","The LL Frame provides a safe comfortable ride, while offering superior bump absorption in a value-priced aluminum frame.",2007-07-01 00:00:00.000,"","Current",2,"Components","Road Frames"
256,"FR-R38B-60",14,"LB","CM","LL Road Frame - Black, 60","176.1997",True,"Black",500,375,"297.6346","60","60-62 CM",2,1,"R","178.5808","L","U","LL Road Frame","The LL Frame provides a safe comfortable ride, while offering superior bump absorption in a value-priced aluminum frame.",2005-07-01 00:00:00.000,"6/30/2002","",2,"Components","Road Frames"
257,"FR-R38B-60",14,"LB","CM","LL Road Frame - Black, 60","170.1428",True,"Black",500,375,"306.5636","60","60-62 CM",2,1,"R","183.9382","L","U","LL Road Frame","The LL Frame provides a safe comfortable ride, while offering superior bump absorption in a value-priced aluminum frame.",2006-07-01 00:00:00.000,"6/30/2003","",2,"Components","Road Frames"
258,"FR-R38B-60",14,"LB","CM","LL Road Frame - Black, 60","204.6251",True,"Black",500,375,"337.22","60","60-62 CM",2,1,"R","202.332","L","U","LL Road Frame","The LL Frame provides a safe comfortable ride, while offering superior bump absorption in a value-priced aluminum frame.",2007-07-01 00:00:00.000,"","Current",2,"Components","Road Frames"
259,"FR-R38B-62",14,"LB","CM","LL Road Frame - Black, 62","176.1997",True,"Black",500,375,"297.6346","62","60-62 CM",2,1,"R","178.5808","L","U","LL Road Frame","The LL Frame provides a safe comfortable ride, while offering superior bump absorption in a value-priced aluminum frame.",2005-07-01 00:00:00.000,"6/30/2002","",2,"Components","Road Frames"
260,"FR-R38B-62",14,"LB","CM","LL Road Frame - Black, 62","170.1428",True,"Black",500,375,"306.5636","62","60-62 CM",2,1,"R","183.9382","L","U","LL Road Frame","The LL Frame provides a safe comfortable ride, while offering superior bump absorption in a value-priced aluminum frame.",2006-07-01 00:00:00.000,"6/30/2003","",2,"Components","Road Frames"
261,"FR-R38B-62",14,"LB","CM","LL Road Frame - Black, 62","204.6251",True,"Black",500,375,"337.22","62","60-62 CM",2,1,"R","202.332","L","U","LL Road Frame","The LL Frame provides a safe comfortable ride, while offering superior bump absorption in a value-priced aluminum frame.",2007-07-01 00:00:00.000,"","Current",2,"Components","Road Frames"
262,"FR-R38R-44",14,"LB","CM","LL Road Frame - Red, 44","181.4857",True,"Red",500,375,"306.5636","44","42-46 CM",2,1,"R","183.9382","L","U","LL Road Frame","The LL Frame provides a safe comfortable ride, while offering superior bump absorption in a value-priced aluminum frame.",2005-07-01 00:00:00.000,"6/30/2002","",2,"Components","Road Frames"
263,"FR-R38R-44",14,"LB","CM","LL Road Frame - Red, 44","187.1571",True,"Red",500,375,"337.22","44","42-46 CM",2,1,"R","202.332","L","U","LL Road Frame","The LL Frame provides a safe comfortable ride, while offering superior bump absorption in a value-priced aluminum frame.",2006-07-01 00:00:00.000,"6/30/2003","",2,"Components","Road Frames"
264,"FR-R38R-48",14,"LB","CM","LL Road Frame - Red, 48","181.4857",True,"Red",500,375,"306.5636","48","48-52 CM",2,1,"R","183.9382","L","U","LL Road Frame","The LL Frame provides a safe comfortable ride, while offering superior bump absorption in a value-priced aluminum frame.",2005-07-01 00:00:00.000,"6/30/2002","",2,"Components","Road Frames"
265,"FR-R38R-48",14,"LB","CM","LL Road Frame - Red, 48","187.1571",True,"Red",500,375,"337.22","48","48-52 CM",2,1,"R","202.332","L","U","LL Road Frame","The LL Frame provides a safe comfortable ride, while offering superior bump absorption in a value-priced aluminum frame.",2006-07-01 00:00:00.000,"6/30/2003","",2,"Components","Road Frames"
266,"FR-R38R-52",14,"LB","CM","LL Road Frame - Red, 52","181.4857",True,"Red",500,375,"306.5636","52","48-52 CM",2,1,"R","183.9382","L","U","LL Road Frame","The LL Frame provides a safe comfortable ride, while offering superior bump absorption in a value-priced aluminum frame.",2005-07-01 00:00:00.000,"6/30/2002","",2,"Components","Road Frames"
267,"FR-R38R-52",14,"LB","CM","LL Road Frame - Red, 52","187.1571",True,"Red",500,375,"337.22","52","48-52 CM",2,1,"R","202.332","L","U","LL Road Frame","The LL Frame provides a safe comfortable ride, while offering superior bump absorption in a value-priced aluminum frame.",2006-07-01 00:00:00.000,"6/30/2003","",2,"Components","Road Frames"
268,"FR-R38R-58",14,"LB","CM","LL Road Frame - Red, 58","181.4857",True,"Red",500,375,"306.5636","58","54-58 CM",2,1,"R","183.9382","L","U","LL Road Frame","The LL Frame provides a safe comfortable ride, while offering superior bump absorption in a value-priced aluminum frame.",2005-07-01 00:00:00.000,"6/30/2002","",2,"Components","Road Frames"
269,"FR-R38R-58",14,"LB","CM","LL Road Frame - Red, 58","187.1571",True,"Red",500,375,"337.22","58","54-58 CM",2,1,"R","202.332","L","U","LL Road Frame","The LL Frame provides a safe comfortable ride, while offering superior bump absorption in a value-priced aluminum frame.",2006-07-01 00:00:00.000,"6/30/2003","",2,"Components","Road Frames"
270,"FR-R38R-60",14,"LB","CM","LL Road Frame - Red, 60","181.4857",True,"Red",500,375,"306.5636","60","60-62 CM",2,1,"R","183.9382","L","U","LL Road Frame","The LL Frame provides a safe comfortable ride, while offering superior bump absorption in a value-priced aluminum frame.",2005-07-01 00:00:00.000,"6/30/2002","",2,"Components","Road Frames"
271,"FR-R38R-60",14,"LB","CM","LL Road Frame - Red, 60","187.1571",True,"Red",500,375,"337.22","60","60-62 CM",2,1,"R","202.332","L","U","LL Road Frame","The LL Frame provides a safe comfortable ride, while offering superior bump absorption in a value-priced aluminum frame.",2006-07-01 00:00:00.000,"6/30/2003","",2,"Components","Road Frames"
272,"FR-R38R-62",14,"LB","CM","LL Road Frame - Red, 62","181.4857",True,"Red",500,375,"306.5636","62","60-62 CM",2,1,"R","183.9382","L","U","LL Road Frame","The LL Frame provides a safe comfortable ride, while offering superior bump absorption in a value-priced aluminum frame.",2005-07-01 00:00:00.000,"6/30/2002","",2,"Components","Road Frames"
273,"FR-R38R-62",14,"LB","CM","LL Road Frame - Red, 62","187.1571",True,"Red",500,375,"337.22","62","60-62 CM",2,1,"R","202.332","L","U","LL Road Frame","The LL Frame provides a safe comfortable ride, while offering superior bump absorption in a value-priced aluminum frame.",2006-07-01 00:00:00.000,"6/30/2003","",2,"Components","Road Frames"
274,"FR-R72R-44",14,"LB","CM","ML Road Frame - Red, 44","352.1394",True,"Red",500,375,"594.83","44","42-46 CM",2,1,"R","356.898","M","U","ML Road Frame","Made from the same aluminum alloy as our top-of-the line HL frame, the ML features a lightweight down-tube milled to the perfect diameter for optimal strength. Men's version.",2005-07-01 00:00:00.000,"6/30/2002","",2,"Components","Road Frames"
275,"FR-R72R-48",14,"LB","CM","ML Road Frame - Red, 48","352.1394",True,"Red",500,375,"594.83","48","48-52 CM",2,1,"R","356.898","M","U","ML Road Frame","Made from the same aluminum alloy as our top-of-the line HL frame, the ML features a lightweight down-tube milled to the perfect diameter for optimal strength. Men's version.",2005-07-01 00:00:00.000,"6/30/2002","",2,"Components","Road Frames"
276,"FR-R72R-52",14,"LB","CM","ML Road Frame - Red, 52","352.1394",True,"Red",500,375,"594.83","52","48-52 CM",2,1,"R","356.898","M","U","ML Road Frame","Made from the same aluminum alloy as our top-of-the line HL frame, the ML features a lightweight down-tube milled to the perfect diameter for optimal strength. Men's version.",2005-07-01 00:00:00.000,"6/30/2002","",2,"Components","Road Frames"
277,"FR-R72R-58",14,"LB","CM","ML Road Frame - Red, 58","352.1394",True,"Red",500,375,"594.83","58","54-58 CM",2,1,"R","356.898","M","U","ML Road Frame","Made from the same aluminum alloy as our top-of-the line HL frame, the ML features a lightweight down-tube milled to the perfect diameter for optimal strength. Men's version.",2005-07-01 00:00:00.000,"6/30/2002","",2,"Components","Road Frames"
278,"FR-R72R-60",14,"LB","CM","ML Road Frame - Red, 60","352.1394",True,"Red",500,375,"594.83","60","60-62 CM",2,1,"R","356.898","M","U","ML Road Frame","Made from the same aluminum alloy as our top-of-the line HL frame, the ML features a lightweight down-tube milled to the perfect diameter for optimal strength. Men's version.",2005-07-01 00:00:00.000,"6/30/2002","",2,"Components","Road Frames"
279,"FR-R38B-44",14,"LB","CM","LL Road Frame - Black, 44","176.1997",True,"Black",500,375,"297.6346","44","42-46 CM",2,1,"R","178.5808","L","U","LL Road Frame","The LL Frame provides a safe comfortable ride, while offering superior bump absorption in a value-priced aluminum frame.",2005-07-01 00:00:00.000,"6/30/2002","",2,"Components","Road Frames"
280,"FR-R38B-44",14,"LB","CM","LL Road Frame - Black, 44","170.1428",True,"Black",500,375,"306.5636","44","42-46 CM",2,1,"R","183.9382","L","U","LL Road Frame","The LL Frame provides a safe comfortable ride, while offering superior bump absorption in a value-priced aluminum frame.",2006-07-01 00:00:00.000,"6/30/2003","",2,"Components","Road Frames"
281,"FR-R38B-44",14,"LB","CM","LL Road Frame - Black, 44","204.6251",True,"Black",500,375,"337.22","44","42-46 CM",2,1,"R","202.332","L","U","LL Road Frame","The LL Frame provides a safe comfortable ride, while offering superior bump absorption in a value-priced aluminum frame.",2007-07-01 00:00:00.000,"","Current",2,"Components","Road Frames"
282,"FR-R38B-48",14,"LB","CM","LL Road Frame - Black, 48","176.1997",True,"Black",500,375,"297.6346","48","48-52 CM",2,1,"R","178.5808","L","U","LL Road Frame","The LL Frame provides a safe comfortable ride, while offering superior bump absorption in a value-priced aluminum frame.",2005-07-01 00:00:00.000,"6/30/2002","",2,"Components","Road Frames"
283,"FR-R38B-48",14,"LB","CM","LL Road Frame - Black, 48","170.1428",True,"Black",500,375,"306.5636","48","48-52 CM",2,1,"R","183.9382","L","U","LL Road Frame","The LL Frame provides a safe comfortable ride, while offering superior bump absorption in a value-priced aluminum frame.",2006-07-01 00:00:00.000,"6/30/2003","",2,"Components","Road Frames"
284,"FR-R38B-48",14,"LB","CM","LL Road Frame - Black, 48","204.6251",True,"Black",500,375,"337.22","48","48-52 CM",2,1,"R","202.332","L","U","LL Road Frame","The LL Frame provides a safe comfortable ride, while offering superior bump absorption in a value-priced aluminum frame.",2007-07-01 00:00:00.000,"","Current",2,"Components","Road Frames"
285,"FR-R38B-52",14,"LB","CM","LL Road Frame - Black, 52","176.1997",True,"Black",500,375,"297.6346","52","48-52 CM",2,1,"R","178.5808","L","U","LL Road Frame","The LL Frame provides a safe comfortable ride, while offering superior bump absorption in a value-priced aluminum frame.",2005-07-01 00:00:00.000,"6/30/2002","",2,"Components","Road Frames"
286,"FR-R38B-52",14,"LB","CM","LL Road Frame - Black, 52","170.1428",True,"Black",500,375,"306.5636","52","48-52 CM",2,1,"R","183.9382","L","U","LL Road Frame","The LL Frame provides a safe comfortable ride, while offering superior bump absorption in a value-priced aluminum frame.",2006-07-01 00:00:00.000,"6/30/2003","",2,"Components","Road Frames"
287,"FR-R38B-52",14,"LB","CM","LL Road Frame - Black, 52","204.6251",True,"Black",500,375,"337.22","52","48-52 CM",2,1,"R","202.332","L","U","LL Road Frame","The LL Frame provides a safe comfortable ride, while offering superior bump absorption in a value-priced aluminum frame.",2007-07-01 00:00:00.000,"","Current",2,"Components","Road Frames"
429,"FR-R72Y-40",14,"LB","CM","ML Road Frame-W - Yellow, 40","300.1188",True,"Yellow",500,375,"540.7545","40","38-40 CM",2,1,"R","324.4527","M","W","ML Road Frame-W","Made from the same aluminum alloy as our top-of-the line HL frame, the ML features a lightweight down-tube milled to the perfect diameter for optimal strength. Women's version.",2006-07-01 00:00:00.000,"6/30/2003","",2,"Components","Road Frames"
430,"FR-R72Y-40",14,"LB","CM","ML Road Frame-W - Yellow, 40","360.9428",True,"Yellow",500,375,"594.83","40","38-40 CM",2,1,"R","356.898","M","W","ML Road Frame-W","Made from the same aluminum alloy as our top-of-the line HL frame, the ML features a lightweight down-tube milled to the perfect diameter for optimal strength. Women's version.",2007-07-01 00:00:00.000,"","Current",2,"Components","Road Frames"
431,"FR-R72Y-42",14,"LB","CM","ML Road Frame-W - Yellow, 42","300.1188",True,"Yellow",500,375,"540.7545","42","42-46 CM",2,1,"R","324.4527","M","W","ML Road Frame-W","Made from the same aluminum alloy as our top-of-the line HL frame, the ML features a lightweight down-tube milled to the perfect diameter for optimal strength. Women's version.",2006-07-01 00:00:00.000,"6/30/2003","",2,"Components","Road Frames"
432,"FR-R72Y-42",14,"LB","CM","ML Road Frame-W - Yellow, 42","360.9428",True,"Yellow",500,375,"594.83","42","42-46 CM",2,1,"R","356.898","M","W","ML Road Frame-W","Made from the same aluminum alloy as our top-of-the line HL frame, the ML features a lightweight down-tube milled to the perfect diameter for optimal strength. Women's version.",2007-07-01 00:00:00.000,"","Current",2,"Components","Road Frames"
433,"FR-R72Y-44",14,"LB","CM","ML Road Frame-W - Yellow, 44","300.1188",True,"Yellow",500,375,"540.7545","44","42-46 CM",2,1,"R","324.4527","M","W","ML Road Frame-W","Made from the same aluminum alloy as our top-of-the line HL frame, the ML features a lightweight down-tube milled to the perfect diameter for optimal strength. Women's version.",2006-07-01 00:00:00.000,"6/30/2003","",2,"Components","Road Frames"
434,"FR-R72Y-44",14,"LB","CM","ML Road Frame-W - Yellow, 44","360.9428",True,"Yellow",500,375,"594.83","44","42-46 CM",2,1,"R","356.898","M","W","ML Road Frame-W","Made from the same aluminum alloy as our top-of-the line HL frame, the ML features a lightweight down-tube milled to the perfect diameter for optimal strength. Women's version.",2007-07-01 00:00:00.000,"","Current",2,"Components","Road Frames"
435,"FR-R72Y-48",14,"LB","CM","ML Road Frame-W - Yellow, 48","300.1188",True,"Yellow",500,375,"540.7545","48","48-52 CM",2,1,"R","324.4527","M","W","ML Road Frame-W","Made from the same aluminum alloy as our top-of-the line HL frame, the ML features a lightweight down-tube milled to the perfect diameter for optimal strength. Women's version.",2006-07-01 00:00:00.000,"6/30/2003","",2,"Components","Road Frames"
436,"FR-R72Y-48",14,"LB","CM","ML Road Frame-W - Yellow, 48","360.9428",True,"Yellow",500,375,"594.83","48","48-52 CM",2,1,"R","356.898","M","W","ML Road Frame-W","Made from the same aluminum alloy as our top-of-the line HL frame, the ML features a lightweight down-tube milled to the perfect diameter for optimal strength. Women's version.",2007-07-01 00:00:00.000,"","Current",2,"Components","Road Frames"
437,"FR-R92B-62",14,"LB","CM","HL Road Frame - Black, 62","722.2568",True,"Black",500,375,"1301.3636","62","60-62 CM",2,1,"R","780.8182","H","U","HL Road Frame","Our lightest and best quality aluminum frame made from the newest alloy; it is welded and heat-treated for strength. Our innovative design results in maximum comfort and performance.",2006-07-01 00:00:00.000,"6/30/2003","",2,"Components","Road Frames"
438,"FR-R92B-62",14,"LB","CM","HL Road Frame - Black, 62","868.6342",True,"Black",500,375,"1431.5","62","60-62 CM",2,1,"R","858.9","H","U","HL Road Frame","Our lightest and best quality aluminum frame made from the newest alloy; it is welded and heat-treated for strength. Our innovative design results in maximum comfort and performance.",2007-07-01 00:00:00.000,"","Current",2,"Components","Road Frames"
439,"FR-R92B-44",14,"LB","CM","HL Road Frame - Black, 44","722.2568",True,"Black",500,375,"1301.3636","44","42-46 CM",2,1,"R","780.8182","H","U","HL Road Frame","Our lightest and best quality aluminum frame made from the newest alloy; it is welded and heat-treated for strength. Our innovative design results in maximum comfort and performance.",2006-07-01 00:00:00.000,"6/30/2003","",2,"Components","Road Frames"
440,"FR-R92B-44",14,"LB","CM","HL Road Frame - Black, 44","868.6342",True,"Black",500,375,"1431.5","44","42-46 CM",2,1,"R","858.9","H","U","HL Road Frame","Our lightest and best quality aluminum frame made from the newest alloy; it is welded and heat-treated for strength. Our innovative design results in maximum comfort and performance.",2007-07-01 00:00:00.000,"","Current",2,"Components","Road Frames"
441,"FR-R92B-48",14,"LB","CM","HL Road Frame - Black, 48","722.2568",True,"Black",500,375,"1301.3636","48","48-52 CM",2,1,"R","780.8182","H","U","HL Road Frame","Our lightest and best quality aluminum frame made from the newest alloy; it is welded and heat-treated for strength. Our innovative design results in maximum comfort and performance.",2006-07-01 00:00:00.000,"6/30/2003","",2,"Components","Road Frames"
442,"FR-R92B-48",14,"LB","CM","HL Road Frame - Black, 48","868.6342",True,"Black",500,375,"1431.5","48","48-52 CM",2,1,"R","858.9","H","U","HL Road Frame","Our lightest and best quality aluminum frame made from the newest alloy; it is welded and heat-treated for strength. Our innovative design results in maximum comfort and performance.",2007-07-01 00:00:00.000,"","Current",2,"Components","Road Frames"
443,"FR-R92B-52",14,"LB","CM","HL Road Frame - Black, 52","722.2568",True,"Black",500,375,"1301.3636","52","48-52 CM",2,1,"R","780.8182","H","U","HL Road Frame","Our lightest and best quality aluminum frame made from the newest alloy; it is welded and heat-treated for strength. Our innovative design results in maximum comfort and performance.",2006-07-01 00:00:00.000,"6/30/2003","",2,"Components","Road Frames"
444,"FR-R92B-52",14,"LB","CM","HL Road Frame - Black, 52","868.6342",True,"Black",500,375,"1431.5","52","48-52 CM",2,1,"R","858.9","H","U","HL Road Frame","Our lightest and best quality aluminum frame made from the newest alloy; it is welded and heat-treated for strength. Our innovative design results in maximum comfort and performance.",2007-07-01 00:00:00.000,"","Current",2,"Components","Road Frames"
180,"RM-M464",-1,"G","","LL Mountain Rim","",False,"NA",800,600,"","","NA",435,0,"","","L","","","",1998-06-01 00:00:00.000,"","Current",-1,"Miscellaneous","Miscellaneous"
181,"RM-M692",-1,"G","","ML Mountain Rim","",False,"NA",800,600,"","","NA",450,0,"","","M","","","",1998-06-01 00:00:00.000,"","Current",-1,"Miscellaneous","Miscellaneous"
182,"RM-M823",-1,"G","","HL Mountain Rim","",False,"NA",800,600,"","","NA",400,0,"","","","","","",1998-06-01 00:00:00.000,"","Current",-1,"Miscellaneous","Miscellaneous"
183,"RM-R436",-1,"G","","LL Road Rim","",False,"NA",800,600,"","","NA",445,0,"","","L","","","",1998-06-01 00:00:00.000,"","Current",-1,"Miscellaneous","Miscellaneous"
184,"RM-R600",-1,"G","","ML Road Rim","",False,"NA",800,600,"","","NA",450,0,"","","M","","","",1998-06-01 00:00:00.000,"","Current",-1,"Miscellaneous","Miscellaneous"
185,"RM-R800",-1,"G","","HL Road Rim","",False,"NA",800,600,"","","NA",400,0,"","","","","","",1998-06-01 00:00:00.000,"","Current",-1,"Miscellaneous","Miscellaneous"
186,"RM-T801",-1,"G","","Touring Rim","",False,"NA",800,600,"","","NA",460,0,"","","","","","",1998-06-01 00:00:00.000,"","Current",-1,"Miscellaneous","Miscellaneous"
304,"FR-M94B-38",12,"LB","CM","HL Mountain Frame - Black, 38","617.0281",True,"Black",500,375,"1191.1739","38","38-40 CM",3,2,"M","714.7043","H","U","HL Mountain Frame","Each frame is hand-crafted in our Bothell facility to the optimum diameter and wall-thickness required of a premium mountain frame. The heat-treated welded aluminum frame has a larger diameter tube that absorbs the bumps.",2005-07-01 00:00:00.000,"6/30/2002","",2,"Components","Mountain Frames"
305,"FR-M94B-38",12,"LB","CM","HL Mountain Frame - Black, 38","653.6971",True,"Black",500,375,"1226.9091","38","38-40 CM",3,2,"M","736.1455","H","U","HL Mountain Frame","Each frame is hand-crafted in our Bothell facility to the optimum diameter and wall-thickness required of a premium mountain frame. The heat-treated welded aluminum frame has a larger diameter tube that absorbs the bumps.",2006-07-01 00:00:00.000,"6/30/2003","",2,"Components","Mountain Frames"
306,"FR-M94B-38",12,"LB","CM","HL Mountain Frame - Black, 38","739.041",True,"Black",500,375,"1349.6","38","38-40 CM",3,2,"M","809.76","H","U","HL Mountain Frame","Each frame is hand-crafted in our Bothell facility to the optimum diameter and wall-thickness required of a premium mountain frame. The heat-treated welded aluminum frame has a larger diameter tube that absorbs the bumps.",2007-07-01 00:00:00.000,"","Current",2,"Components","Mountain Frames"
307,"FR-M94S-38",12,"LB","CM","HL Mountain Frame - Silver, 38","623.8403",True,"Silver",500,375,"1204.3248","38","38-40 CM",3,2,"M","722.5949","H","U","HL Mountain Frame","Each frame is hand-crafted in our Bothell facility to the optimum diameter and wall-thickness required of a premium mountain frame. The heat-treated welded aluminum frame has a larger diameter tube that absorbs the bumps.",2005-07-01 00:00:00.000,"6/30/2002","",2,"Components","Mountain Frames"
308,"FR-M94S-38",12,"LB","CM","HL Mountain Frame - Silver, 38","660.9142",True,"Silver",500,375,"1240.4545","38","38-40 CM",3,2,"M","744.2727","H","U","HL Mountain Frame","Each frame is hand-crafted in our Bothell facility to the optimum diameter and wall-thickness required of a premium mountain frame. The heat-treated welded aluminum frame has a larger diameter tube that absorbs the bumps.",2006-07-01 00:00:00.000,"6/30/2003","",2,"Components","Mountain Frames"
309,"FR-M94S-38",12,"LB","CM","HL Mountain Frame - Silver, 38","747.2002",True,"Silver",500,375,"1364.5","38","38-40 CM",3,2,"M","818.7","H","U","HL Mountain Frame","Each frame is hand-crafted in our Bothell facility to the optimum diameter and wall-thickness required of a premium mountain frame. The heat-treated welded aluminum frame has a larger diameter tube that absorbs the bumps.",2007-07-01 00:00:00.000,"","Current",2,"Components","Mountain Frames"
409,"FR-M63B-38",12,"LB","CM","ML Mountain Frame - Black, 38","185.8193",True,"Black",500,375,"348.76","38","38-40 CM",3,2,"M","209.256","M","U","ML Mountain Frame-W","The ML frame is a heat-treated aluminum frame made with the same detail and quality as our HL frame. It offers superior performance. Men's version.",2006-07-01 00:00:00.000,"6/30/2003","",2,"Components","Mountain Frames"
549,"FR-M63S-38",12,"LB","CM","ML Mountain Frame-W - Silver, 38","199.3757",True,"Silver",500,375,"364.09","38","38-40 CM",3,2,"M","218.454","M","W","ML Mountain Frame-W","The ML frame is a heat-treated aluminum frame made with the same detail and quality as our HL frame. It offers superior performance. Men's version.",2007-07-01 00:00:00.000,"","Current",2,"Components","Mountain Frames"
550,"FR-M21B-40",12,"LB","CM","LL Mountain Frame - Black, 40","136.785",True,"Black",500,375,"249.79","40","38-40 CM",3,2,"M","149.874","L","U","LL Mountain Frame","Our best value utilizing the same, ground-breaking frame technology as the ML aluminum frame.",2007-07-01 00:00:00.000,"","Current",2,"Components","Mountain Frames"
551,"FR-M21S-40",12,"LB","CM","LL Mountain Frame - Silver, 40","144.5938",True,"Silver",500,375,"264.05","40","38-40 CM",3,2,"M","158.43","L","U","LL Mountain Frame","Our best value utilizing the same, ground-breaking frame technology as the ML aluminum frame.",2007-07-01 00:00:00.000,"","Current",2,"Components","Mountain Frames"
288,"FR-M94S-42",12,"LB","CM","HL Mountain Frame - Silver, 42","623.8403",True,"Silver",500,375,"1204.3248","42","42-46 CM",3,1,"M","722.5949","H","U","HL Mountain Frame","Each frame is hand-crafted in our Bothell facility to the optimum diameter and wall-thickness required of a premium mountain frame. The heat-treated welded aluminum frame has a larger diameter tube that absorbs the bumps.",2005-07-01 00:00:00.000,"6/30/2002","",2,"Components","Mountain Frames"
289,"FR-M94S-42",12,"LB","CM","HL Mountain Frame - Silver, 42","660.9142",True,"Silver",500,375,"1240.4545","42","42-46 CM",3,1,"M","744.2727","H","U","HL Mountain Frame","Each frame is hand-crafted in our Bothell facility to the optimum diameter and wall-thickness required of a premium mountain frame. The heat-treated welded aluminum frame has a larger diameter tube that absorbs the bumps.",2006-07-01 00:00:00.000,"6/30/2003","",2,"Components","Mountain Frames"
290,"FR-M94S-42",12,"LB","CM","HL Mountain Frame - Silver, 42","747.2002",True,"Silver",500,375,"1364.5","42","42-46 CM",3,1,"M","818.7","H","U","HL Mountain Frame","Each frame is hand-crafted in our Bothell facility to the optimum diameter and wall-thickness required of a premium mountain frame. The heat-treated welded aluminum frame has a larger diameter tube that absorbs the bumps.",2007-07-01 00:00:00.000,"","Current",2,"Components","Mountain Frames"
291,"FR-M94S-44",12,"LB","CM","HL Mountain Frame - Silver, 44","706.811",True,"Silver",500,375,"1364.5","44","42-46 CM",3,1,"M","818.7","H","U","HL Mountain Frame","Each frame is hand-crafted in our Bothell facility to the optimum diameter and wall-thickness required of a premium mountain frame. The heat-treated welded aluminum frame has a larger diameter tube that absorbs the bumps.",2005-07-01 00:00:00.000,"6/30/2002","",2,"Components","Mountain Frames"
292,"FR-M94S-52",12,"LB","CM","HL Mountain Frame - Silver, 48","706.811",True,"Silver",500,375,"1364.5","48","48-52 CM",3,1,"M","818.7","H","U","HL Mountain Frame","Each frame is hand-crafted in our Bothell facility to the optimum diameter and wall-thickness required of a premium mountain frame. The heat-treated welded aluminum frame has a larger diameter tube that absorbs the bumps.",2005-07-01 00:00:00.000,"6/30/2002","",2,"Components","Mountain Frames"
293,"FR-M94S-46",12,"LB","CM","HL Mountain Frame - Silver, 46","623.8403",True,"Silver",500,375,"1204.3248","46","42-46 CM",3,1,"M","722.5949","H","U","HL Mountain Frame","Each frame is hand-crafted in our Bothell facility to the optimum diameter and wall-thickness required of a premium mountain frame. The heat-treated welded aluminum frame has a larger diameter tube that absorbs the bumps.",2005-07-01 00:00:00.000,"6/30/2002","",2,"Components","Mountain Frames"
294,"FR-M94S-46",12,"LB","CM","HL Mountain Frame - Silver, 46","660.9142",True,"Silver",500,375,"1240.4545","46","42-46 CM",3,1,"M","744.2727","H","U","HL Mountain Frame","Each frame is hand-crafted in our Bothell facility to the optimum diameter and wall-thickness required of a premium mountain frame. The heat-treated welded aluminum frame has a larger diameter tube that absorbs the bumps.",2006-07-01 00:00:00.000,"6/30/2003","",2,"Components","Mountain Frames"
295,"FR-M94S-46",12,"LB","CM","HL Mountain Frame - Silver, 46","747.2002",True,"Silver",500,375,"1364.5","46","42-46 CM",3,1,"M","818.7","H","U","HL Mountain Frame","Each frame is hand-crafted in our Bothell facility to the optimum diameter and wall-thickness required of a premium mountain frame. The heat-treated welded aluminum frame has a larger diameter tube that absorbs the bumps.",2007-07-01 00:00:00.000,"","Current",2,"Components","Mountain Frames"
296,"FR-M94B-42",12,"LB","CM","HL Mountain Frame - Black, 42","617.0281",True,"Black",500,375,"1191.1739","42","42-46 CM",3,1,"M","714.7043","H","U","HL Mountain Frame","Each frame is hand-crafted in our Bothell facility to the optimum diameter and wall-thickness required of a premium mountain frame. The heat-treated welded aluminum frame has a larger diameter tube that absorbs the bumps.",2005-07-01 00:00:00.000,"6/30/2002","",2,"Components","Mountain Frames"
297,"FR-M94B-42",12,"LB","CM","HL Mountain Frame - Black, 42","653.6971",True,"Black",500,375,"1226.9091","42","42-46 CM",3,1,"M","736.1455","H","U","HL Mountain Frame","Each frame is hand-crafted in our Bothell facility to the optimum diameter and wall-thickness required of a premium mountain frame. The heat-treated welded aluminum frame has a larger diameter tube that absorbs the bumps.",2006-07-01 00:00:00.000,"6/30/2003","",2,"Components","Mountain Frames"
298,"FR-M94B-42",12,"LB","CM","HL Mountain Frame - Black, 42","739.041",True,"Black",500,375,"1349.6","42","42-46 CM",3,1,"M","809.76","H","U","HL Mountain Frame","Each frame is hand-crafted in our Bothell facility to the optimum diameter and wall-thickness required of a premium mountain frame. The heat-treated welded aluminum frame has a larger diameter tube that absorbs the bumps.",2007-07-01 00:00:00.000,"","Current",2,"Components","Mountain Frames"
299,"FR-M94B-44",12,"LB","CM","HL Mountain Frame - Black, 44","699.0928",True,"Black",500,375,"1349.6","44","42-46 CM",3,1,"M","809.76","H","U","HL Mountain Frame","Each frame is hand-crafted in our Bothell facility to the optimum diameter and wall-thickness required of a premium mountain frame. The heat-treated welded aluminum frame has a larger diameter tube that absorbs the bumps.",2005-07-01 00:00:00.000,"6/30/2002","",2,"Components","Mountain Frames"
300,"FR-M94B-48",12,"LB","CM","HL Mountain Frame - Black, 48","699.0928",True,"Black",500,375,"1349.6","48","48-52 CM",3,1,"M","809.76","H","U","HL Mountain Frame","Each frame is hand-crafted in our Bothell facility to the optimum diameter and wall-thickness required of a premium mountain frame. The heat-treated welded aluminum frame has a larger diameter tube that absorbs the bumps.",2005-07-01 00:00:00.000,"6/30/2002","",2,"Components","Mountain Frames"
301,"FR-M94B-46",12,"LB","CM","HL Mountain Frame - Black, 46","617.0281",True,"Black",500,375,"1191.1739","46","42-46 CM",3,1,"M","714.7043","H","U","HL Mountain Frame","Each frame is hand-crafted in our Bothell facility to the optimum diameter and wall-thickness required of a premium mountain frame. The heat-treated welded aluminum frame has a larger diameter tube that absorbs the bumps.",2005-07-01 00:00:00.000,"6/30/2002","",2,"Components","Mountain Frames"
302,"FR-M94B-46",12,"LB","CM","HL Mountain Frame - Black, 46","653.6971",True,"Black",500,375,"1226.9091","46","42-46 CM",3,1,"M","736.1455","H","U","HL Mountain Frame","Each frame is hand-crafted in our Bothell facility to the optimum diameter and wall-thickness required of a premium mountain frame. The heat-treated welded aluminum frame has a larger diameter tube that absorbs the bumps.",2006-07-01 00:00:00.000,"6/30/2003","",2,"Components","Mountain Frames"
303,"FR-M94B-46",12,"LB","CM","HL Mountain Frame - Black, 46","739.041",True,"Black",500,375,"1349.6","46","42-46 CM",3,1,"M","809.76","H","U","HL Mountain Frame","Each frame is hand-crafted in our Bothell facility to the optimum diameter and wall-thickness required of a premium mountain frame. The heat-treated welded aluminum frame has a larger diameter tube that absorbs the bumps.",2007-07-01 00:00:00.000,"","Current",2,"Components","Mountain Frames"
413,"FW-R623",17,"G","","LL Road Front Wheel","37.9909",True,"Black",500,375,"85.565","","NA",900,1,"R","51.339","L","","LL Road Front Wheel","Replacement road front wheel for entry-level cyclist.",2006-07-01 00:00:00.000,"6/30/2003","",2,"Components","Wheels"
414,"FW-R762",17,"G","","ML Road Front Wheel","110.2829",True,"Black",500,375,"248.385","","NA",850,1,"R","149.031","M","","ML Road Front Wheel","Sturdy alloy features a quick-release hub.",2006-07-01 00:00:00.000,"6/30/2003","",2,"Components","Wheels"
415,"FW-R820",17,"G","","HL Road Front Wheel","146.5466",True,"Black",500,375,"330.06","","NA",650,1,"R","198.036","H","","HL Road Front Wheel","Strong wheel with double-walled rim.",2006-07-01 00:00:00.000,"6/30/2003","",2,"Components","Wheels"
422,"RW-R623",17,"G","","LL Road Rear Wheel","49.9789",True,"Black",500,375,"112.565","","NA",1050,1,"R","67.539","L","","LL Road Rear Wheel","Replacement road rear wheel for entry-level cyclist.",2006-07-01 00:00:00.000,"6/30/2003","",2,"Components","Wheels"
423,"RW-R762",17,"G","","ML Road Rear Wheel","122.2709",True,"Black",500,375,"275.385","","NA",1000,1,"R","165.231","M","","ML Road Rear Wheel","Aluminum alloy rim with stainless steel spokes; built for speed.",2006-07-01 00:00:00.000,"6/30/2003","",2,"Components","Wheels"
424,"RW-R820",17,"G","","HL Road Rear Wheel","158.5346",True,"Black",500,375,"357.06","","NA",890,1,"R","214.236","H","","HL Road Rear Wheel","Strong rear wheel with double-walled rim.",2006-07-01 00:00:00.000,"6/30/2003","",2,"Components","Wheels"
426,"FR-M63B-40",12,"LB","CM","ML Mountain Frame - Black, 40","185.8193",True,"Black",500,375,"348.76","40","38-40 CM",3,1,"M","209.256","M","U","ML Mountain Frame","The ML frame is a heat-treated aluminum frame made with the same detail and quality as our HL frame. It offers superior performance. Women's version.",2006-07-01 00:00:00.000,"6/30/2003","",2,"Components","Mountain Frames"
427,"FR-M63B-44",12,"LB","CM","ML Mountain Frame - Black, 44","185.8193",True,"Black",500,375,"348.76","44","42-46 CM",3,1,"M","209.256","M","U","ML Mountain Frame","The ML frame is a heat-treated aluminum frame made with the same detail and quality as our HL frame. It offers superior performance. Women's version.",2006-07-01 00:00:00.000,"6/30/2003","",2,"Components","Mountain Frames"
428,"FR-M63B-48",12,"LB","CM","ML Mountain Frame - Black, 48","185.8193",True,"Black",500,375,"348.76","48","48-52 CM",3,1,"M","209.256","M","U","ML Mountain Frame","The ML frame is a heat-treated aluminum frame made with the same detail and quality as our HL frame. It offers superior performance. Women's version.",2006-07-01 00:00:00.000,"6/30/2003","",2,"Components","Mountain Frames"
492,"FR-T98Y-60",16,"LB","CM","HL Touring Frame - Yellow, 60","601.7437",True,"Yellow",500,375,"1003.91","60","60-62 CM",3,1,"T","602.346","H","U","HL Touring Frame","The HL aluminum frame is custom-shaped for both good looks and strength; it will withstand the most rigorous challenges of daily riding. Men's version.",2007-07-01 00:00:00.000,"","Current",2,"Components","Touring Frames"
493,"FR-T67Y-62",16,"LB","CM","LL Touring Frame - Yellow, 62","199.8519",True,"Yellow",500,375,"333.42","62","60-62 CM",3,1,"T","200.052","L","U","LL Touring Frame","Lightweight butted aluminum frame provides a more upright riding position for a trip around town.  Our ground-breaking design provides optimum comfort.",2007-07-01 00:00:00.000,"","Current",2,"Components","Touring Frames"
494,"FR-T98Y-46",16,"LB","CM","HL Touring Frame - Yellow, 46","601.7437",True,"Yellow",500,375,"1003.91","46","42-46 CM",3,1,"T","602.346","H","U","HL Touring Frame","The HL aluminum frame is custom-shaped for both good looks and strength; it will withstand the most rigorous challenges of daily riding. Men's version.",2007-07-01 00:00:00.000,"","Current",2,"Components","Touring Frames"
495,"FR-T98Y-50",16,"LB","CM","HL Touring Frame - Yellow, 50","601.7437",True,"Yellow",500,375,"1003.91","50","48-52 CM",3,1,"T","602.346","H","U","HL Touring Frame","The HL aluminum frame is custom-shaped for both good looks and strength; it will withstand the most rigorous challenges of daily riding. Men's version.",2007-07-01 00:00:00.000,"","Current",2,"Components","Touring Frames"
496,"FR-T98Y-54",16,"LB","CM","HL Touring Frame - Yellow, 54","601.7437",True,"Yellow",500,375,"1003.91","54","54-58 CM",3,1,"T","602.346","H","U","HL Touring Frame","The HL aluminum frame is custom-shaped for both good looks and strength; it will withstand the most rigorous challenges of daily riding. Men's version.",2007-07-01 00:00:00.000,"","Current",2,"Components","Touring Frames"
497,"FR-T98U-46",16,"LB","CM","HL Touring Frame - Blue, 46","601.7437",True,"Blue",500,375,"1003.91","46","42-46 CM",3,1,"T","602.346","H","U","HL Touring Frame","The HL aluminum frame is custom-shaped for both good looks and strength; it will withstand the most rigorous challenges of daily riding. Men's version.",2007-07-01 00:00:00.000,"","Current",2,"Components","Touring Frames"
498,"FR-T98U-50",16,"LB","CM","HL Touring Frame - Blue, 50","601.7437",True,"Blue",500,375,"1003.91","50","48-52 CM",3,1,"T","602.346","H","U","HL Touring Frame","The HL aluminum frame is custom-shaped for both good looks and strength; it will withstand the most rigorous challenges of daily riding. Men's version.",2007-07-01 00:00:00.000,"","Current",2,"Components","Touring Frames"
499,"FR-T98U-54",16,"LB","CM","HL Touring Frame - Blue, 54","601.7437",True,"Blue",500,375,"1003.91","54","54-58 CM",3,1,"T","602.346","H","U","HL Touring Frame","The HL aluminum frame is custom-shaped for both good looks and strength; it will withstand the most rigorous challenges of daily riding. Men's version.",2007-07-01 00:00:00.000,"","Current",2,"Components","Touring Frames"
500,"FR-T98U-60",16,"LB","CM","HL Touring Frame - Blue, 60","601.7437",True,"Blue",500,375,"1003.91","60","60-62 CM",3,1,"T","602.346","H","U","HL Touring Frame","The HL aluminum frame is custom-shaped for both good looks and strength; it will withstand the most rigorous challenges of daily riding. Men's version.",2007-07-01 00:00:00.000,"","Current",2,"Components","Touring Frames"
501,"RD-2308",9,"G","","Rear Derailleur","53.9282",True,"Silver",500,375,"121.46","","NA",215,1,"","72.876","","","Rear Derailleur","Wide-link design.",2007-07-01 00:00:00.000,"","Current",2,"Components","Derailleurs"
502,"FR-T67U-50",16,"LB","CM","LL Touring Frame - Blue, 50","199.8519",True,"Blue",500,375,"333.42","50","48-52 CM",3,1,"T","200.052","L","U","LL Touring Frame","Lightweight butted aluminum frame provides a more upright riding position for a trip around town.  Our ground-breaking design provides optimum comfort.",2007-07-01 00:00:00.000,"","Current",2,"Components","Touring Frames"
503,"FR-T67U-54",16,"LB","CM","LL Touring Frame - Blue, 54","199.8519",True,"Blue",500,375,"333.42","54","54-58 CM",3,1,"T","200.052","L","U","LL Touring Frame","Lightweight butted aluminum frame provides a more upright riding position for a trip around town.  Our ground-breaking design provides optimum comfort.",2007-07-01 00:00:00.000,"","Current",2,"Components","Touring Frames"
504,"FR-T67U-58",16,"LB","CM","LL Touring Frame - Blue, 58","199.8519",True,"Blue",500,375,"333.42","58","54-58 CM",3,1,"T","200.052","L","U","LL Touring Frame","Lightweight butted aluminum frame provides a more upright riding position for a trip around town.  Our ground-breaking design provides optimum comfort.",2007-07-01 00:00:00.000,"","Current",2,"Components","Touring Frames"
505,"FR-T67U-62",16,"LB","CM","LL Touring Frame - Blue, 62","199.8519",True,"Blue",500,375,"333.42","62","60-62 CM",3,1,"T","200.052","L","U","LL Touring Frame","Lightweight butted aluminum frame provides a more upright riding position for a trip around town.  Our ground-breaking design provides optimum comfort.",2007-07-01 00:00:00.000,"","Current",2,"Components","Touring Frames"
506,"FR-T67Y-44",16,"LB","CM","LL Touring Frame - Yellow, 44","199.8519",True,"Yellow",500,375,"333.42","44","42-46 CM",3,1,"T","200.052","L","U","LL Touring Frame","Lightweight butted aluminum frame provides a more upright riding position for a trip around town.  Our ground-breaking design provides optimum comfort.",2007-07-01 00:00:00.000,"","Current",2,"Components","Touring Frames"
507,"FR-T67Y-50",16,"LB","CM","LL Touring Frame - Yellow, 50","199.8519",True,"Yellow",500,375,"333.42","50","48-52 CM",3,1,"T","200.052","L","U","LL Touring Frame","Lightweight butted aluminum frame provides a more upright riding position for a trip around town.  Our ground-breaking design provides optimum comfort.",2007-07-01 00:00:00.000,"","Current",2,"Components","Touring Frames"
508,"FR-T67Y-54",16,"LB","CM","LL Touring Frame - Yellow, 54","199.8519",True,"Yellow",500,375,"333.42","54","54-58 CM",3,1,"T","200.052","L","U","LL Touring Frame","Lightweight butted aluminum frame provides a more upright riding position for a trip around town.  Our ground-breaking design provides optimum comfort.",2007-07-01 00:00:00.000,"","Current",2,"Components","Touring Frames"
509,"FR-T67Y-58",16,"LB","CM","LL Touring Frame - Yellow, 58","199.8519",True,"Yellow",500,375,"333.42","58","54-58 CM",3,1,"T","200.052","L","U","LL Touring Frame","Lightweight butted aluminum frame provides a more upright riding position for a trip around town.  Our ground-breaking design provides optimum comfort.",2007-07-01 00:00:00.000,"","Current",2,"Components","Touring Frames"
510,"FR-T67U-44",16,"LB","CM","LL Touring Frame - Blue, 44","199.8519",True,"Blue",500,375,"333.42","44","42-46 CM",3,1,"T","200.052","L","U","LL Touring Frame","Lightweight butted aluminum frame provides a more upright riding position for a trip around town.  Our ground-breaking design provides optimum comfort.",2007-07-01 00:00:00.000,"","Current",2,"Components","Touring Frames"
511,"FR-M63S-40",12,"LB","CM","ML Mountain Frame-W - Silver, 40","199.3757",True,"Silver",500,375,"364.09","40","38-40 CM",3,1,"M","218.454","M","W","ML Mountain Frame-W","The ML frame is a heat-treated aluminum frame made with the same detail and quality as our HL frame. It offers superior performance. Men's version.",2007-07-01 00:00:00.000,"","Current",2,"Components","Mountain Frames"
512,"FR-M63S-42",12,"LB","CM","ML Mountain Frame-W - Silver, 42","199.3757",True,"Silver",500,375,"364.09","42","42-46 CM",3,1,"M","218.454","M","W","ML Mountain Frame-W","The ML frame is a heat-treated aluminum frame made with the same detail and quality as our HL frame. It offers superior performance. Men's version.",2007-07-01 00:00:00.000,"","Current",2,"Components","Mountain Frames"
513,"FR-M63S-46",12,"LB","CM","ML Mountain Frame-W - Silver, 46","199.3757",True,"Silver",500,375,"364.09","46","42-46 CM",3,1,"M","218.454","M","W","ML Mountain Frame-W","The ML frame is a heat-treated aluminum frame made with the same detail and quality as our HL frame. It offers superior performance. Men's version.",2007-07-01 00:00:00.000,"","Current",2,"Components","Mountain Frames"
514,"RB-9231",6,"G","","Rear Brakes","47.286",True,"Silver",500,375,"106.5","","NA",317,1,"","63.9","","","Rear Brakes","",2007-07-01 00:00:00.000,"","Current",2,"Components","Brakes"
524,"FR-M21S-42",12,"LB","CM","LL Mountain Frame - Silver, 42","144.5938",True,"Silver",500,375,"264.05","42","42-46 CM",3,1,"M","158.43","L","U","LL Mountain Frame","Our best value utilizing the same, ground-breaking frame technology as the ML aluminum frame.",2007-07-01 00:00:00.000,"","Current",2,"Components","Mountain Frames"
525,"FR-M21S-44",12,"LB","CM","LL Mountain Frame - Silver, 44","144.5938",True,"Silver",500,375,"264.05","44","42-46 CM",3,1,"M","158.43","L","U","LL Mountain Frame","Our best value utilizing the same, ground-breaking frame technology as the ML aluminum frame.",2007-07-01 00:00:00.000,"","Current",2,"Components","Mountain Frames"
526,"FR-M21S-48",12,"LB","CM","LL Mountain Frame - Silver, 48","144.5938",True,"Silver",500,375,"264.05","48","48-52 CM",3,1,"M","158.43","L","U","LL Mountain Frame","Our best value utilizing the same, ground-breaking frame technology as the ML aluminum frame.",2007-07-01 00:00:00.000,"","Current",2,"Components","Mountain Frames"
527,"FR-M21S-52",12,"LB","CM","LL Mountain Frame - Silver, 52","144.5938",True,"Silver",500,375,"264.05","52","48-52 CM",3,1,"M","158.43","L","U","LL Mountain Frame","Our best value utilizing the same, ground-breaking frame technology as the ML aluminum frame.",2007-07-01 00:00:00.000,"","Current",2,"Components","Mountain Frames"
531,"FR-M21B-42",12,"LB","CM","LL Mountain Frame - Black, 42","136.785",True,"Black",500,375,"249.79","42","42-46 CM",3,1,"M","149.874","L","U","LL Mountain Frame","Our best value utilizing the same, ground-breaking frame technology as the ML aluminum frame.",2007-07-01 00:00:00.000,"","Current",2,"Components","Mountain Frames"
532,"FR-M21B-44",12,"LB","CM","LL Mountain Frame - Black, 44","136.785",True,"Black",500,375,"249.79","44","42-46 CM",3,1,"M","149.874","L","U","LL Mountain Frame","Our best value utilizing the same, ground-breaking frame technology as the ML aluminum frame.",2007-07-01 00:00:00.000,"","Current",2,"Components","Mountain Frames"
533,"FR-M21B-48",12,"LB","CM","LL Mountain Frame - Black, 48","136.785",True,"Black",500,375,"249.79","48","48-52 CM",3,1,"M","149.874","L","U","LL Mountain Frame","Our best value utilizing the same, ground-breaking frame technology as the ML aluminum frame.",2007-07-01 00:00:00.000,"","Current",2,"Components","Mountain Frames"
534,"FR-M21B-52",12,"LB","CM","LL Mountain Frame - Black, 52","136.785",True,"Black",500,375,"249.79","52","48-52 CM",3,1,"M","149.874","L","U","LL Mountain Frame","Our best value utilizing the same, ground-breaking frame technology as the ML aluminum frame.",2007-07-01 00:00:00.000,"","Current",2,"Components","Mountain Frames"
542,"PD-M282",13,"G","","LL Mountain Pedal","17.9776",True,"Silver/Black",500,375,"40.49","","NA",218,1,"M","24.294","L","","LL Mountain Pedal","Expanded platform so you can ride in any shoes; great for all-around riding.",2007-07-01 00:00:00.000,"","Current",2,"Components","Pedals"
543,"PD-M340",13,"G","","ML Mountain Pedal","27.568",True,"Silver/Black",500,375,"62.09","","NA",215,1,"M","37.254","M","","ML Mountain Pedal","Lightweight, durable, clipless pedal with adjustable tension.",2007-07-01 00:00:00.000,"","Current",2,"Components","Pedals"
544,"PD-M562",13,"G","","HL Mountain Pedal","35.9596",True,"Silver/Black",500,375,"80.99","","NA",185,1,"M","48.594","H","","HL Mountain Pedal","Stainless steel; designed to shed mud easily.",2007-07-01 00:00:00.000,"","Current",2,"Components","Pedals"
545,"PD-R347",13,"G","","LL Road Pedal","17.9776",True,"Silver/Black",500,375,"40.49","","NA",189,1,"R","24.294","L","","LL Road Pedal","Clipless pedals - aluminum.",2007-07-01 00:00:00.000,"","Current",2,"Components","Pedals"
546,"PD-R563",13,"G","","ML Road Pedal","27.568",True,"Silver/Black",500,375,"62.09","","NA",168,1,"R","37.254","M","","ML Road Pedal","Lightweight aluminum alloy construction.",2007-07-01 00:00:00.000,"","Current",2,"Components","Pedals"
547,"PD-R853",13,"G","","HL Road Pedal","35.9596",True,"Silver/Black",500,375,"80.99","","NA",149,1,"R","48.594","H","","HL Road Pedal","Top-of-the-line clipless pedals with adjustable tension.",2007-07-01 00:00:00.000,"","Current",2,"Components","Pedals"
552,"FD-2342",9,"G","","Front Derailleur","40.6216",True,"Silver",500,375,"91.49","","NA",88,1,"","54.894","","","Front Derailleur","Wide-link design.",2007-07-01 00:00:00.000,"","Current",2,"Components","Derailleurs"
555,"FB-9873",6,"G","","Front Brakes","47.286",True,"Silver",500,375,"106.5","","NA",317,1,"","63.9","","","Front Brakes","All-weather brake pads; provides superior stopping by applying more surface to the rim.",2007-07-01 00:00:00.000,"","Current",2,"Components","Brakes"
556,"CS-4759",8,"G","","LL Crankset","77.9176",True,"Black",500,375,"175.49","","NA",600,1,"","105.294","L","","LL Crankset","Super rigid spindle.",2007-07-01 00:00:00.000,"","Current",2,"Components","Cranksets"
557,"CS-6583",8,"G","","ML Crankset","113.8816",True,"Black",500,375,"256.49","","NA",635,1,"","153.894","M","","ML Crankset","High-strength crank arm.",2007-07-01 00:00:00.000,"","Current",2,"Components","Cranksets"
558,"CS-9183",8,"G","","HL Crankset","179.8156",True,"Black",500,375,"404.99","","NA",575,1,"","242.994","H","","HL Crankset","Triple crankset; alumunim crank arm; flawless shifting.",2007-07-01 00:00:00.000,"","Current",2,"Components","Cranksets"
601,"BB-7421",5,"G","","LL Bottom Bracket","23.9716",True,"NA",500,375,"53.99","","NA",223,1,"","32.394","L","","LL Bottom Bracket","Chromoly steel.",2007-07-01 00:00:00.000,"","Current",2,"Components","Bottom Brackets"
602,"BB-8107",5,"G","","ML Bottom Bracket","44.9506",True,"NA",500,375,"101.24","","NA",168,1,"","60.744","M","","ML Bottom Bracket","Aluminum alloy cups; large diameter spindle.",2007-07-01 00:00:00.000,"","Current",2,"Components","Bottom Brackets"
603,"BB-9108",5,"G","","HL Bottom Bracket","53.9416",True,"NA",500,375,"121.49","","NA",170,1,"","72.894","H","","HL Bottom Bracket","Aluminum alloy cups and a hollow axle.",2007-07-01 00:00:00.000,"","Current",2,"Components","Bottom Brackets"
381,"BK-R64Y-38",2,"LB","CM","Road-550-W Yellow, 38","605.6492",True,"Yellow",100,75,"1000.4375","38","38-40 CM",17,4,"R","600.2625","M","W","Road-550-W","Same technology as all of our Road series bikes, but the frame is sized for a woman.  Perfect all-around bike for road or racing.",2006-07-01 00:00:00.000,"6/30/2003","",1,"Bikes","Road Bikes"
382,"BK-R64Y-38",2,"LB","CM","Road-550-W Yellow, 38","713.0798",True,"Yellow",100,75,"1120.49","38","38-40 CM",17,4,"R","672.294","M","W","Road-550-W","Same technology as all of our Road series bikes, but the frame is sized for a woman.  Perfect all-around bike for road or racing.",2007-07-01 00:00:00.000,"","Current",1,"Bikes","Road Bikes"
383,"BK-R64Y-40",2,"LB","CM","Road-550-W Yellow, 40","605.6492",True,"Yellow",100,75,"1000.4375","40","38-40 CM",18,4,"R","600.2625","M","W","Road-550-W","Same technology as all of our Road series bikes, but the frame is sized for a woman.  Perfect all-around bike for road or racing.",2006-07-01 00:00:00.000,"6/30/2003","",1,"Bikes","Road Bikes"
384,"BK-R64Y-40",2,"LB","CM","Road-550-W Yellow, 40","713.0798",True,"Yellow",100,75,"1120.49","40","38-40 CM",18,4,"R","672.294","M","W","Road-550-W","Same technology as all of our Road series bikes, but the frame is sized for a woman.  Perfect all-around bike for road or racing.",2007-07-01 00:00:00.000,"","Current",1,"Bikes","Road Bikes"
385,"BK-R64Y-42",2,"LB","CM","Road-550-W Yellow, 42","605.6492",True,"Yellow",100,75,"1000.4375","42","42-46 CM",18,4,"R","600.2625","M","W","Road-550-W","Same technology as all of our Road series bikes, but the frame is sized for a woman.  Perfect all-around bike for road or racing.",2006-07-01 00:00:00.000,"6/30/2003","",1,"Bikes","Road Bikes"
386,"BK-R64Y-42",2,"LB","CM","Road-550-W Yellow, 42","713.0798",True,"Yellow",100,75,"1120.49","42","42-46 CM",18,4,"R","672.294","M","W","Road-550-W","Same technology as all of our Road series bikes, but the frame is sized for a woman.  Perfect all-around bike for road or racing.",2007-07-01 00:00:00.000,"","Current",1,"Bikes","Road Bikes"
387,"BK-R64Y-44",2,"LB","CM","Road-550-W Yellow, 44","605.6492",True,"Yellow",100,75,"1000.4375","44","42-46 CM",18,4,"R","600.2625","M","W","Road-550-W","Same technology as all of our Road series bikes, but the frame is sized for a woman.  Perfect all-around bike for road or racing.",2006-07-01 00:00:00.000,"6/30/2003","",1,"Bikes","Road Bikes"
388,"BK-R64Y-44",2,"LB","CM","Road-550-W Yellow, 44","713.0798",True,"Yellow",100,75,"1120.49","44","42-46 CM",18,4,"R","672.294","M","W","Road-550-W","Same technology as all of our Road series bikes, but the frame is sized for a woman.  Perfect all-around bike for road or racing.",2007-07-01 00:00:00.000,"","Current",1,"Bikes","Road Bikes"
389,"BK-R64Y-48",2,"LB","CM","Road-550-W Yellow, 48","605.6492",True,"Yellow",100,75,"1000.4375","48","48-52 CM",19,4,"R","600.2625","M","W","Road-550-W","Same technology as all of our Road series bikes, but the frame is sized for a woman.  Perfect all-around bike for road or racing.",2006-07-01 00:00:00.000,"6/30/2003","",1,"Bikes","Road Bikes"
390,"BK-R64Y-48",2,"LB","CM","Road-550-W Yellow, 48","713.0798",True,"Yellow",100,75,"1120.49","48","48-52 CM",19,4,"R","672.294","M","W","Road-550-W","Same technology as all of our Road series bikes, but the frame is sized for a woman.  Perfect all-around bike for road or racing.",2007-07-01 00:00:00.000,"","Current",1,"Bikes","Road Bikes"
580,"BK-R79Y-40",2,"LB","CM","Road-350-W Yellow, 40","1082.51",True,"Yellow",100,75,"1700.99","40","38-40 CM",15,4,"R","1020.594","M","W","Road-350-W","Cross-train, race, or just socialize on a sleek, aerodynamic bike designed for a woman.  Advanced seat technology provides comfort all day.",2007-07-01 00:00:00.000,"","Current",1,"Bikes","Road Bikes"
581,"BK-R79Y-42",2,"LB","CM","Road-350-W Yellow, 42","1082.51",True,"Yellow",100,75,"1700.99","42","42-46 CM",16,4,"R","1020.594","M","W","Road-350-W","Cross-train, race, or just socialize on a sleek, aerodynamic bike designed for a woman.  Advanced seat technology provides comfort all day.",2007-07-01 00:00:00.000,"","Current",1,"Bikes","Road Bikes"
582,"BK-R79Y-44",2,"LB","CM","Road-350-W Yellow, 44","1082.51",True,"Yellow",100,75,"1700.99","44","42-46 CM",16,4,"R","1020.594","M","W","Road-350-W","Cross-train, race, or just socialize on a sleek, aerodynamic bike designed for a woman.  Advanced seat technology provides comfort all day.",2007-07-01 00:00:00.000,"","Current",1,"Bikes","Road Bikes"
583,"BK-R79Y-48",2,"LB","CM","Road-350-W Yellow, 48","1082.51",True,"Yellow",100,75,"1700.99","48","48-52 CM",16,4,"R","1020.594","M","W","Road-350-W","Cross-train, race, or just socialize on a sleek, aerodynamic bike designed for a woman.  Advanced seat technology provides comfort all day.",2007-07-01 00:00:00.000,"","Current",1,"Bikes","Road Bikes"
587,"BK-M38S-38",1,"LB","CM","Mountain-400-W Silver, 38","419.7784",True,"Silver",100,75,"769.49","38","38-40 CM",26,4,"M","461.694","M","W","Mountain-400-W","This bike delivers a high-level of performance on a budget. It is responsive and maneuverable, and offers peace-of-mind when you decide to go off-road.",2007-07-01 00:00:00.000,"","Current",1,"Bikes","Mountain Bikes"
588,"BK-M38S-40",1,"LB","CM","Mountain-400-W Silver, 40","419.7784",True,"Silver",100,75,"769.49","40","38-40 CM",27,4,"M","461.694","M","W","Mountain-400-W","This bike delivers a high-level of performance on a budget. It is responsive and maneuverable, and offers peace-of-mind when you decide to go off-road.",2007-07-01 00:00:00.000,"","Current",1,"Bikes","Mountain Bikes"
589,"BK-M38S-42",1,"LB","CM","Mountain-400-W Silver, 42","419.7784",True,"Silver",100,75,"769.49","42","42-46 CM",27,4,"M","461.694","M","W","Mountain-400-W","This bike delivers a high-level of performance on a budget. It is responsive and maneuverable, and offers peace-of-mind when you decide to go off-road.",2007-07-01 00:00:00.000,"","Current",1,"Bikes","Mountain Bikes"
590,"BK-M38S-46",1,"LB","CM","Mountain-400-W Silver, 46","419.7784",True,"Silver",100,75,"769.49","46","42-46 CM",27,4,"M","461.694","M","W","Mountain-400-W","This bike delivers a high-level of performance on a budget. It is responsive and maneuverable, and offers peace-of-mind when you decide to go off-road.",2007-07-01 00:00:00.000,"","Current",1,"Bikes","Mountain Bikes"
310,"BK-R93R-62",2,"LB","CM","Road-150 Red, 62","2171.2942",True,"Red",100,75,"3578.27","62","60-62 CM",15,4,"R","2146.962","H","U","Road-150","This bike is ridden by race winners. Developed with the Adventure Works Cycles professional race team, it has a extremely light heat-treated aluminum frame, and steering that allows precision control.",2005-07-01 00:00:00.000,"6/30/2002","",1,"Bikes","Road Bikes"
311,"BK-R93R-44",2,"LB","CM","Road-150 Red, 44","2171.2942",True,"Red",100,75,"3578.27","44","42-46 CM",14,4,"R","2146.962","H","U","Road-150","This bike is ridden by race winners. Developed with the Adventure Works Cycles professional race team, it has a extremely light heat-treated aluminum frame, and steering that allows precision control.",2005-07-01 00:00:00.000,"6/30/2002","",1,"Bikes","Road Bikes"
312,"BK-R93R-48",2,"LB","CM","Road-150 Red, 48","2171.2942",True,"Red",100,75,"3578.27","48","48-52 CM",14,4,"R","2146.962","H","U","Road-150","This bike is ridden by race winners. Developed with the Adventure Works Cycles professional race team, it has a extremely light heat-treated aluminum frame, and steering that allows precision control.",2005-07-01 00:00:00.000,"6/30/2002","",1,"Bikes","Road Bikes"
313,"BK-R93R-52",2,"LB","CM","Road-150 Red, 52","2171.2942",True,"Red",100,75,"3578.27","52","48-52 CM",14,4,"R","2146.962","H","U","Road-150","This bike is ridden by race winners. Developed with the Adventure Works Cycles professional race team, it has a extremely light heat-treated aluminum frame, and steering that allows precision control.",2005-07-01 00:00:00.000,"6/30/2002","",1,"Bikes","Road Bikes"
314,"BK-R93R-56",2,"LB","CM","Road-150 Red, 56","2171.2942",True,"Red",100,75,"3578.27","56","54-58 CM",15,4,"R","2146.962","H","U","Road-150","This bike is ridden by race winners. Developed with the Adventure Works Cycles professional race team, it has a extremely light heat-treated aluminum frame, and steering that allows precision control.",2005-07-01 00:00:00.000,"6/30/2002","",1,"Bikes","Road Bikes"
315,"BK-R68R-58",2,"LB","CM","Road-450 Red, 58","884.7083",True,"Red",100,75,"1457.99","58","54-58 CM",18,4,"R","874.794","M","U","Road-450","A true multi-sport bike that offers streamlined riding and a revolutionary design. Aerodynamic design lets you ride with the pros, and the gearing will conquer hilly roads.",2005-07-01 00:00:00.000,"6/30/2002","",1,"Bikes","Road Bikes"
316,"BK-R68R-60",2,"LB","CM","Road-450 Red, 60","884.7083",True,"Red",100,75,"1457.99","60","60-62 CM",18,4,"R","874.794","M","U","Road-450","A true multi-sport bike that offers streamlined riding and a revolutionary design. Aerodynamic design lets you ride with the pros, and the gearing will conquer hilly roads.",2005-07-01 00:00:00.000,"6/30/2002","",1,"Bikes","Road Bikes"
317,"BK-R68R-44",2,"LB","CM","Road-450 Red, 44","884.7083",True,"Red",100,75,"1457.99","44","42-46 CM",17,4,"R","874.794","M","U","Road-450","A true multi-sport bike that offers streamlined riding and a revolutionary design. Aerodynamic design lets you ride with the pros, and the gearing will conquer hilly roads.",2005-07-01 00:00:00.000,"6/30/2002","",1,"Bikes","Road Bikes"
318,"BK-R68R-48",2,"LB","CM","Road-450 Red, 48","884.7083",True,"Red",100,75,"1457.99","48","48-52 CM",17,4,"R","874.794","M","U","Road-450","A true multi-sport bike that offers streamlined riding and a revolutionary design. Aerodynamic design lets you ride with the pros, and the gearing will conquer hilly roads.",2005-07-01 00:00:00.000,"6/30/2002","",1,"Bikes","Road Bikes"
319,"BK-R68R-52",2,"LB","CM","Road-450 Red, 52","884.7083",True,"Red",100,75,"1457.99","52","48-52 CM",17,4,"R","874.794","M","U","Road-450","A true multi-sport bike that offers streamlined riding and a revolutionary design. Aerodynamic design lets you ride with the pros, and the gearing will conquer hilly roads.",2005-07-01 00:00:00.000,"6/30/2002","",1,"Bikes","Road Bikes"
320,"BK-R50R-58",2,"LB","CM","Road-650 Red, 58","413.1463",True,"Red",100,75,"699.0982","58","54-58 CM",20,4,"R","419.4589","L","U","Road-650","Value-priced bike with many features of our top-of-the-line models. Has the same light, stiff frame, and the quick acceleration we're famous for.",2005-07-01 00:00:00.000,"6/30/2002","",1,"Bikes","Road Bikes"
321,"BK-R50R-58",2,"LB","CM","Road-650 Red, 58","486.7066",True,"Red",100,75,"782.99","58","54-58 CM",20,4,"R","469.794","L","U","Road-650","Value-priced bike with many features of our top-of-the-line models. Has the same light, stiff frame, and the quick acceleration we're famous for.",2006-07-01 00:00:00.000,"6/30/2003","",1,"Bikes","Road Bikes"
322,"BK-R50R-60",2,"LB","CM","Road-650 Red, 60","413.1463",True,"Red",100,75,"699.0982","60","60-62 CM",20,4,"R","419.4589","L","U","Road-650","Value-priced bike with many features of our top-of-the-line models. Has the same light, stiff frame, and the quick acceleration we're famous for.",2005-07-01 00:00:00.000,"6/30/2002","",1,"Bikes","Road Bikes"
323,"BK-R50R-60",2,"LB","CM","Road-650 Red, 60","486.7066",True,"Red",100,75,"782.99","60","60-62 CM",20,4,"R","469.794","L","U","Road-650","Value-priced bike with many features of our top-of-the-line models. Has the same light, stiff frame, and the quick acceleration we're famous for.",2006-07-01 00:00:00.000,"6/30/2003","",1,"Bikes","Road Bikes"
324,"BK-R50R-62",2,"LB","CM","Road-650 Red, 62","413.1463",True,"Red",100,75,"699.0982","62","60-62 CM",20,4,"R","419.4589","L","U","Road-650","Value-priced bike with many features of our top-of-the-line models. Has the same light, stiff frame, and the quick acceleration we're famous for.",2005-07-01 00:00:00.000,"6/30/2002","",1,"Bikes","Road Bikes"
325,"BK-R50R-62",2,"LB","CM","Road-650 Red, 62","486.7066",True,"Red",100,75,"782.99","62","60-62 CM",20,4,"R","469.794","L","U","Road-650","Value-priced bike with many features of our top-of-the-line models. Has the same light, stiff frame, and the quick acceleration we're famous for.",2006-07-01 00:00:00.000,"6/30/2003","",1,"Bikes","Road Bikes"
326,"BK-R50R-44",2,"LB","CM","Road-650 Red, 44","413.1463",True,"Red",100,75,"699.0982","44","42-46 CM",19,4,"R","419.4589","L","U","Road-650","Value-priced bike with many features of our top-of-the-line models. Has the same light, stiff frame, and the quick acceleration we're famous for.",2005-07-01 00:00:00.000,"6/30/2002","",1,"Bikes","Road Bikes"
327,"BK-R50R-44",2,"LB","CM","Road-650 Red, 44","486.7066",True,"Red",100,75,"782.99","44","42-46 CM",19,4,"R","469.794","L","U","Road-650","Value-priced bike with many features of our top-of-the-line models. Has the same light, stiff frame, and the quick acceleration we're famous for.",2006-07-01 00:00:00.000,"6/30/2003","",1,"Bikes","Road Bikes"
328,"BK-R50R-48",2,"LB","CM","Road-650 Red, 48","413.1463",True,"Red",100,75,"699.0982","48","48-52 CM",19,4,"R","419.4589","L","U","Road-650","Value-priced bike with many features of our top-of-the-line models. Has the same light, stiff frame, and the quick acceleration we're famous for.",2005-07-01 00:00:00.000,"6/30/2002","",1,"Bikes","Road Bikes"
329,"BK-R50R-48",2,"LB","CM","Road-650 Red, 48","486.7066",True,"Red",100,75,"782.99","48","48-52 CM",19,4,"R","469.794","L","U","Road-650","Value-priced bike with many features of our top-of-the-line models. Has the same light, stiff frame, and the quick acceleration we're famous for.",2006-07-01 00:00:00.000,"6/30/2003","",1,"Bikes","Road Bikes"
330,"BK-R50R-52",2,"LB","CM","Road-650 Red, 52","413.1463",True,"Red",100,75,"699.0982","52","48-52 CM",19,4,"R","419.4589","L","U","Road-650","Value-priced bike with many features of our top-of-the-line models. Has the same light, stiff frame, and the quick acceleration we're famous for.",2005-07-01 00:00:00.000,"6/30/2002","",1,"Bikes","Road Bikes"
331,"BK-R50R-52",2,"LB","CM","Road-650 Red, 52","486.7066",True,"Red",100,75,"782.99","52","48-52 CM",19,4,"R","469.794","L","U","Road-650","Value-priced bike with many features of our top-of-the-line models. Has the same light, stiff frame, and the quick acceleration we're famous for.",2006-07-01 00:00:00.000,"6/30/2003","",1,"Bikes","Road Bikes"
332,"BK-R50B-58",2,"LB","CM","Road-650 Black, 58","413.1463",True,"Black",100,75,"699.0982","58","54-58 CM",20,4,"R","419.4589","L","U","Road-650","Value-priced bike with many features of our top-of-the-line models. Has the same light, stiff frame, and the quick acceleration we're famous for.",2005-07-01 00:00:00.000,"6/30/2002","",1,"Bikes","Road Bikes"
333,"BK-R50B-58",2,"LB","CM","Road-650 Black, 58","486.7066",True,"Black",100,75,"782.99","58","54-58 CM",20,4,"R","469.794","L","U","Road-650","Value-priced bike with many features of our top-of-the-line models. Has the same light, stiff frame, and the quick acceleration we're famous for.",2006-07-01 00:00:00.000,"6/30/2003","",1,"Bikes","Road Bikes"
334,"BK-R50B-60",2,"LB","CM","Road-650 Black, 60","413.1463",True,"Black",100,75,"699.0982","60","60-62 CM",20,4,"R","419.4589","L","U","Road-650","Value-priced bike with many features of our top-of-the-line models. Has the same light, stiff frame, and the quick acceleration we're famous for.",2005-07-01 00:00:00.000,"6/30/2002","",1,"Bikes","Road Bikes"
335,"BK-R50B-60",2,"LB","CM","Road-650 Black, 60","486.7066",True,"Black",100,75,"782.99","60","60-62 CM",20,4,"R","469.794","L","U","Road-650","Value-priced bike with many features of our top-of-the-line models. Has the same light, stiff frame, and the quick acceleration we're famous for.",2006-07-01 00:00:00.000,"6/30/2003","",1,"Bikes","Road Bikes"
336,"BK-R50B-62",2,"LB","CM","Road-650 Black, 62","413.1463",True,"Black",100,75,"699.0982","62","60-62 CM",20,4,"R","419.4589","L","U","Road-650","Value-priced bike with many features of our top-of-the-line models. Has the same light, stiff frame, and the quick acceleration we're famous for.",2005-07-01 00:00:00.000,"6/30/2002","",1,"Bikes","Road Bikes"
337,"BK-R50B-62",2,"LB","CM","Road-650 Black, 62","486.7066",True,"Black",100,75,"782.99","62","60-62 CM",20,4,"R","469.794","L","U","Road-650","Value-priced bike with many features of our top-of-the-line models. Has the same light, stiff frame, and the quick acceleration we're famous for.",2006-07-01 00:00:00.000,"6/30/2003","",1,"Bikes","Road Bikes"
338,"BK-R50B-44",2,"LB","CM","Road-650 Black, 44","413.1463",True,"Black",100,75,"699.0982","44","42-46 CM",19,4,"R","419.4589","L","U","Road-650","Value-priced bike with many features of our top-of-the-line models. Has the same light, stiff frame, and the quick acceleration we're famous for.",2005-07-01 00:00:00.000,"6/30/2002","",1,"Bikes","Road Bikes"
339,"BK-R50B-44",2,"LB","CM","Road-650 Black, 44","486.7066",True,"Black",100,75,"782.99","44","42-46 CM",19,4,"R","469.794","L","U","Road-650","Value-priced bike with many features of our top-of-the-line models. Has the same light, stiff frame, and the quick acceleration we're famous for.",2006-07-01 00:00:00.000,"6/30/2003","",1,"Bikes","Road Bikes"
340,"BK-R50B-48",2,"LB","CM","Road-650 Black, 48","413.1463",True,"Black",100,75,"699.0982","48","48-52 CM",19,4,"R","419.4589","L","U","Road-650","Value-priced bike with many features of our top-of-the-line models. Has the same light, stiff frame, and the quick acceleration we're famous for.",2005-07-01 00:00:00.000,"6/30/2002","",1,"Bikes","Road Bikes"
341,"BK-R50B-48",2,"LB","CM","Road-650 Black, 48","486.7066",True,"Black",100,75,"782.99","48","48-52 CM",19,4,"R","469.794","L","U","Road-650","Value-priced bike with many features of our top-of-the-line models. Has the same light, stiff frame, and the quick acceleration we're famous for.",2006-07-01 00:00:00.000,"6/30/2003","",1,"Bikes","Road Bikes"
342,"BK-R50B-52",2,"LB","CM","Road-650 Black, 52","413.1463",True,"Black",100,75,"699.0982","52","48-52 CM",19,4,"R","419.4589","L","U","Road-650","Value-priced bike with many features of our top-of-the-line models. Has the same light, stiff frame, and the quick acceleration we're famous for.",2005-07-01 00:00:00.000,"6/30/2002","",1,"Bikes","Road Bikes"
343,"BK-R50B-52",2,"LB","CM","Road-650 Black, 52","486.7066",True,"Black",100,75,"782.99","52","48-52 CM",19,4,"R","469.794","L","U","Road-650","Value-priced bike with many features of our top-of-the-line models. Has the same light, stiff frame, and the quick acceleration we're famous for.",2006-07-01 00:00:00.000,"6/30/2003","",1,"Bikes","Road Bikes"
344,"BK-M82S-38",1,"LB","CM","Mountain-100 Silver, 38","1912.1544",True,"Silver",100,75,"3399.99","38","38-40 CM",20,4,"M","2039.994","H","U","Mountain-100","Top-of-the-line competition mountain bike. Performance-enhancing options include the innovative HL Frame, super-smooth front suspension, and traction for all terrain.",2005-07-01 00:00:00.000,"6/30/2002","",1,"Bikes","Mountain Bikes"
345,"BK-M82S-42",1,"LB","CM","Mountain-100 Silver, 42","1912.1544",True,"Silver",100,75,"3399.99","42","42-46 CM",21,4,"M","2039.994","H","U","Mountain-100","Top-of-the-line competition mountain bike. Performance-enhancing options include the innovative HL Frame, super-smooth front suspension, and traction for all terrain.",2005-07-01 00:00:00.000,"6/30/2002","",1,"Bikes","Mountain Bikes"
346,"BK-M82S-44",1,"LB","CM","Mountain-100 Silver, 44","1912.1544",True,"Silver",100,75,"3399.99","44","42-46 CM",21,4,"M","2039.994","H","U","Mountain-100","Top-of-the-line competition mountain bike. Performance-enhancing options include the innovative HL Frame, super-smooth front suspension, and traction for all terrain.",2005-07-01 00:00:00.000,"6/30/2002","",1,"Bikes","Mountain Bikes"
347,"BK-M82S-48",1,"LB","CM","Mountain-100 Silver, 48","1912.1544",True,"Silver",100,75,"3399.99","48","48-52 CM",21,4,"M","2039.994","H","U","Mountain-100","Top-of-the-line competition mountain bike. Performance-enhancing options include the innovative HL Frame, super-smooth front suspension, and traction for all terrain.",2005-07-01 00:00:00.000,"6/30/2002","",1,"Bikes","Mountain Bikes"
348,"BK-M82B-38",1,"LB","CM","Mountain-100 Black, 38","1898.0944",True,"Black",100,75,"3374.99","38","38-40 CM",20,4,"M","2024.994","H","U","Mountain-100","Top-of-the-line competition mountain bike. Performance-enhancing options include the innovative HL Frame, super-smooth front suspension, and traction for all terrain.",2005-07-01 00:00:00.000,"6/30/2002","",1,"Bikes","Mountain Bikes"
349,"BK-M82B-42",1,"LB","CM","Mountain-100 Black, 42","1898.0944",True,"Black",100,75,"3374.99","42","42-46 CM",21,4,"M","2024.994","H","U","Mountain-100","Top-of-the-line competition mountain bike. Performance-enhancing options include the innovative HL Frame, super-smooth front suspension, and traction for all terrain.",2005-07-01 00:00:00.000,"6/30/2002","",1,"Bikes","Mountain Bikes"
350,"BK-M82B-44",1,"LB","CM","Mountain-100 Black, 44","1898.0944",True,"Black",100,75,"3374.99","44","42-46 CM",21,4,"M","2024.994","H","U","Mountain-100","Top-of-the-line competition mountain bike. Performance-enhancing options include the innovative HL Frame, super-smooth front suspension, and traction for all terrain.",2005-07-01 00:00:00.000,"6/30/2002","",1,"Bikes","Mountain Bikes"
351,"BK-M82B-48",1,"LB","CM","Mountain-100 Black, 48","1898.0944",True,"Black",100,75,"3374.99","48","48-52 CM",21,4,"M","2024.994","H","U","Mountain-100","Top-of-the-line competition mountain bike. Performance-enhancing options include the innovative HL Frame, super-smooth front suspension, and traction for all terrain.",2005-07-01 00:00:00.000,"6/30/2002","",1,"Bikes","Mountain Bikes"
352,"BK-M68S-38",1,"LB","CM","Mountain-200 Silver, 38","1117.8559",True,"Silver",100,75,"2071.4196","38","38-40 CM",23,4,"M","1242.8518","H","U","Mountain-200","Serious back-country riding. Perfect for all levels of competition. Uses the same HL Frame as the Mountain-100.",2006-07-01 00:00:00.000,"6/30/2003","",1,"Bikes","Mountain Bikes"
353,"BK-M68S-38",1,"LB","CM","Mountain-200 Silver, 38","1265.6195",True,"Silver",100,75,"2319.99","38","38-40 CM",23,4,"M","1391.994","H","U","Mountain-200","Serious back-country riding. Perfect for all levels of competition. Uses the same HL Frame as the Mountain-100.",2007-07-01 00:00:00.000,"","Current",1,"Bikes","Mountain Bikes"
354,"BK-M68S-42",1,"LB","CM","Mountain-200 Silver, 42","1117.8559",True,"Silver",100,75,"2071.4196","42","42-46 CM",24,4,"M","1242.8518","H","U","Mountain-200","Serious back-country riding. Perfect for all levels of competition. Uses the same HL Frame as the Mountain-100.",2006-07-01 00:00:00.000,"6/30/2003","",1,"Bikes","Mountain Bikes"
355,"BK-M68S-42",1,"LB","CM","Mountain-200 Silver, 42","1265.6195",True,"Silver",100,75,"2319.99","42","42-46 CM",24,4,"M","1391.994","H","U","Mountain-200","Serious back-country riding. Perfect for all levels of competition. Uses the same HL Frame as the Mountain-100.",2007-07-01 00:00:00.000,"","Current",1,"Bikes","Mountain Bikes"
356,"BK-M68S-46",1,"LB","CM","Mountain-200 Silver, 46","1117.8559",True,"Silver",100,75,"2071.4196","46","42-46 CM",24,4,"M","1242.8518","H","U","Mountain-200","Serious back-country riding. Perfect for all levels of competition. Uses the same HL Frame as the Mountain-100.",2006-07-01 00:00:00.000,"6/30/2003","",1,"Bikes","Mountain Bikes"
357,"BK-M68S-46",1,"LB","CM","Mountain-200 Silver, 46","1265.6195",True,"Silver",100,75,"2319.99","46","42-46 CM",24,4,"M","1391.994","H","U","Mountain-200","Serious back-country riding. Perfect for all levels of competition. Uses the same HL Frame as the Mountain-100.",2007-07-01 00:00:00.000,"","Current",1,"Bikes","Mountain Bikes"
358,"BK-M68B-38",1,"LB","CM","Mountain-200 Black, 38","1105.81",True,"Black",100,75,"2049.0982","38","38-40 CM",23,4,"M","1229.4589","H","U","Mountain-200","Serious back-country riding. Perfect for all levels of competition. Uses the same HL Frame as the Mountain-100.",2006-07-01 00:00:00.000,"6/30/2003","",1,"Bikes","Mountain Bikes"
359,"BK-M68B-38",1,"LB","CM","Mountain-200 Black, 38","1251.9813",True,"Black",100,75,"2294.99","38","38-40 CM",23,4,"M","1376.994","H","U","Mountain-200","Serious back-country riding. Perfect for all levels of competition. Uses the same HL Frame as the Mountain-100.",2007-07-01 00:00:00.000,"","Current",1,"Bikes","Mountain Bikes"
360,"BK-M68B-42",1,"LB","CM","Mountain-200 Black, 42","1105.81",True,"Black",100,75,"2049.0982","42","42-46 CM",24,4,"M","1229.4589","H","U","Mountain-200","Serious back-country riding. Perfect for all levels of competition. Uses the same HL Frame as the Mountain-100.",2006-07-01 00:00:00.000,"6/30/2003","",1,"Bikes","Mountain Bikes"
361,"BK-M68B-42",1,"LB","CM","Mountain-200 Black, 42","1251.9813",True,"Black",100,75,"2294.99","42","42-46 CM",24,4,"M","1376.994","H","U","Mountain-200","Serious back-country riding. Perfect for all levels of competition. Uses the same HL Frame as the Mountain-100.",2007-07-01 00:00:00.000,"","Current",1,"Bikes","Mountain Bikes"
362,"BK-M68B-46",1,"LB","CM","Mountain-200 Black, 46","1105.81",True,"Black",100,75,"2049.0982","46","42-46 CM",24,4,"M","1229.4589","H","U","Mountain-200","Serious back-country riding. Perfect for all levels of competition. Uses the same HL Frame as the Mountain-100.",2006-07-01 00:00:00.000,"6/30/2003","",1,"Bikes","Mountain Bikes"
363,"BK-M68B-46",1,"LB","CM","Mountain-200 Black, 46","1251.9813",True,"Black",100,75,"2294.99","46","42-46 CM",24,4,"M","1376.994","H","U","Mountain-200","Serious back-country riding. Perfect for all levels of competition. Uses the same HL Frame as the Mountain-100.",2007-07-01 00:00:00.000,"","Current",1,"Bikes","Mountain Bikes"
364,"BK-M47B-38",1,"LB","CM","Mountain-300 Black, 38","598.4354",True,"Black",100,75,"1079.99","38","38-40 CM",25,4,"M","647.994","M","U","Mountain-300","For true trail addicts.  An extremely durable bike that will go anywhere and keep you in control on challenging terrain - without breaking your budget.",2006-07-01 00:00:00.000,"6/30/2003","",1,"Bikes","Mountain Bikes"
365,"BK-M47B-40",1,"LB","CM","Mountain-300 Black, 40","598.4354",True,"Black",100,75,"1079.99","40","38-40 CM",26,4,"M","647.994","M","U","Mountain-300","For true trail addicts.  An extremely durable bike that will go anywhere and keep you in control on challenging terrain - without breaking your budget.",2006-07-01 00:00:00.000,"6/30/2003","",1,"Bikes","Mountain Bikes"
366,"BK-M47B-44",1,"LB","CM","Mountain-300 Black, 44","598.4354",True,"Black",100,75,"1079.99","44","42-46 CM",26,4,"M","647.994","M","U","Mountain-300","For true trail addicts.  An extremely durable bike that will go anywhere and keep you in control on challenging terrain - without breaking your budget.",2006-07-01 00:00:00.000,"6/30/2003","",1,"Bikes","Mountain Bikes"
367,"BK-M47B-48",1,"LB","CM","Mountain-300 Black, 48","598.4354",True,"Black",100,75,"1079.99","48","48-52 CM",26,4,"M","647.994","M","U","Mountain-300","For true trail addicts.  An extremely durable bike that will go anywhere and keep you in control on challenging terrain - without breaking your budget.",2006-07-01 00:00:00.000,"6/30/2003","",1,"Bikes","Mountain Bikes"
368,"BK-R89R-44",2,"LB","CM","Road-250 Red, 44","1518.7864",True,"Red",100,75,"2443.35","44","42-46 CM",15,4,"R","1466.01","H","U","Road-250","Alluminum-alloy frame provides a light, stiff ride, whether you are racing in the velodrome or on a demanding club ride on country roads.",2006-07-01 00:00:00.000,"6/30/2003","",1,"Bikes","Road Bikes"
369,"BK-R89R-48",2,"LB","CM","Road-250 Red, 48","1518.7864",True,"Red",100,75,"2443.35","48","48-52 CM",15,4,"R","1466.01","H","U","Road-250","Alluminum-alloy frame provides a light, stiff ride, whether you are racing in the velodrome or on a demanding club ride on country roads.",2006-07-01 00:00:00.000,"6/30/2003","",1,"Bikes","Road Bikes"
370,"BK-R89R-52",2,"LB","CM","Road-250 Red, 52","1518.7864",True,"Red",100,75,"2443.35","52","48-52 CM",15,4,"R","1466.01","H","U","Road-250","Alluminum-alloy frame provides a light, stiff ride, whether you are racing in the velodrome or on a demanding club ride on country roads.",2006-07-01 00:00:00.000,"6/30/2003","",1,"Bikes","Road Bikes"
371,"BK-R89R-58",2,"LB","CM","Road-250 Red, 58","1320.6838",True,"Red",100,75,"2181.5625","58","54-58 CM",16,4,"R","1308.9375","H","U","Road-250","Alluminum-alloy frame provides a light, stiff ride, whether you are racing in the velodrome or on a demanding club ride on country roads.",2006-07-01 00:00:00.000,"6/30/2003","",1,"Bikes","Road Bikes"
372,"BK-R89R-58",2,"LB","CM","Road-250 Red, 58","1554.9479",True,"Red",100,75,"2443.35","58","54-58 CM",16,4,"R","1466.01","H","U","Road-250","Alluminum-alloy frame provides a light, stiff ride, whether you are racing in the velodrome or on a demanding club ride on country roads.",2007-07-01 00:00:00.000,"","Current",1,"Bikes","Road Bikes"
373,"BK-R89B-44",2,"LB","CM","Road-250 Black, 44","1320.6838",True,"Black",100,75,"2181.5625","44","42-46 CM",15,4,"R","1308.9375","H","U","Road-250","Alluminum-alloy frame provides a light, stiff ride, whether you are racing in the velodrome or on a demanding club ride on country roads.",2006-07-01 00:00:00.000,"6/30/2003","",1,"Bikes","Road Bikes"
374,"BK-R89B-44",2,"LB","CM","Road-250 Black, 44","1554.9479",True,"Black",100,75,"2443.35","44","42-46 CM",15,4,"R","1466.01","H","U","Road-250","Alluminum-alloy frame provides a light, stiff ride, whether you are racing in the velodrome or on a demanding club ride on country roads.",2007-07-01 00:00:00.000,"","Current",1,"Bikes","Road Bikes"
375,"BK-R89B-48",2,"LB","CM","Road-250 Black, 48","1320.6838",True,"Black",100,75,"2181.5625","48","48-52 CM",15,4,"R","1308.9375","H","U","Road-250","Alluminum-alloy frame provides a light, stiff ride, whether you are racing in the velodrome or on a demanding club ride on country roads.",2006-07-01 00:00:00.000,"6/30/2003","",1,"Bikes","Road Bikes"
376,"BK-R89B-48",2,"LB","CM","Road-250 Black, 48","1554.9479",True,"Black",100,75,"2443.35","48","48-52 CM",15,4,"R","1466.01","H","U","Road-250","Alluminum-alloy frame provides a light, stiff ride, whether you are racing in the velodrome or on a demanding club ride on country roads.",2007-07-01 00:00:00.000,"","Current",1,"Bikes","Road Bikes"
377,"BK-R89B-52",2,"LB","CM","Road-250 Black, 52","1320.6838",True,"Black",100,75,"2181.5625","52","48-52 CM",15,4,"R","1308.9375","H","U","Road-250","Alluminum-alloy frame provides a light, stiff ride, whether you are racing in the velodrome or on a demanding club ride on country roads.",2006-07-01 00:00:00.000,"6/30/2003","",1,"Bikes","Road Bikes"
378,"BK-R89B-52",2,"LB","CM","Road-250 Black, 52","1554.9479",True,"Black",100,75,"2443.35","52","48-52 CM",15,4,"R","1466.01","H","U","Road-250","Alluminum-alloy frame provides a light, stiff ride, whether you are racing in the velodrome or on a demanding club ride on country roads.",2007-07-01 00:00:00.000,"","Current",1,"Bikes","Road Bikes"
379,"BK-R89B-58",2,"LB","CM","Road-250 Black, 58","1320.6838",True,"Black",100,75,"2181.5625","58","54-58 CM",16,4,"R","1308.9375","H","U","Road-250","Alluminum-alloy frame provides a light, stiff ride, whether you are racing in the velodrome or on a demanding club ride on country roads.",2006-07-01 00:00:00.000,"6/30/2003","",1,"Bikes","Road Bikes"
380,"BK-R89B-58",2,"LB","CM","Road-250 Black, 58","1554.9479",True,"Black",100,75,"2443.35","58","54-58 CM",16,4,"R","1466.01","H","U","Road-250","Alluminum-alloy frame provides a light, stiff ride, whether you are racing in the velodrome or on a demanding club ride on country roads.",2007-07-01 00:00:00.000,"","Current",1,"Bikes","Road Bikes"
560,"BK-T44U-60",3,"LB","CM","Touring-2000 Blue, 60","755.1508",True,"Blue",100,75,"1214.85","60","60-62 CM",28,4,"T","728.91","M","U","Touring-2000","The plush custom saddle keeps you riding all day,  and there's plenty of space to add panniers and bike bags to the newly-redesigned carrier.  This bike has stability when fully-loaded.",2007-07-01 00:00:00.000,"","Current",1,"Bikes","Touring Bikes"
561,"BK-T79Y-46",3,"LB","CM","Touring-1000 Yellow, 46","1481.9379",True,"Yellow",100,75,"2384.07","46","42-46 CM",25,4,"T","1430.442","H","U","Touring-1000","Travel in style and comfort. Designed for maximum comfort and safety. Wide gear range takes on all hills. High-tech aluminum alloy construction provides durability without added weight.",2007-07-01 00:00:00.000,"","Current",1,"Bikes","Touring Bikes"
562,"BK-T79Y-50",3,"LB","CM","Touring-1000 Yellow, 50","1481.9379",True,"Yellow",100,75,"2384.07","50","48-52 CM",25,4,"T","1430.442","H","U","Touring-1000","Travel in style and comfort. Designed for maximum comfort and safety. Wide gear range takes on all hills. High-tech aluminum alloy construction provides durability without added weight.",2007-07-01 00:00:00.000,"","Current",1,"Bikes","Touring Bikes"
563,"BK-T79Y-54",3,"LB","CM","Touring-1000 Yellow, 54","1481.9379",True,"Yellow",100,75,"2384.07","54","54-58 CM",26,4,"T","1430.442","H","U","Touring-1000","Travel in style and comfort. Designed for maximum comfort and safety. Wide gear range takes on all hills. High-tech aluminum alloy construction provides durability without added weight.",2007-07-01 00:00:00.000,"","Current",1,"Bikes","Touring Bikes"
564,"BK-T79Y-60",3,"LB","CM","Touring-1000 Yellow, 60","1481.9379",True,"Yellow",100,75,"2384.07","60","60-62 CM",26,4,"T","1430.442","H","U","Touring-1000","Travel in style and comfort. Designed for maximum comfort and safety. Wide gear range takes on all hills. High-tech aluminum alloy construction provides durability without added weight.",2007-07-01 00:00:00.000,"","Current",1,"Bikes","Touring Bikes"
565,"BK-T18U-54",3,"LB","CM","Touring-3000 Blue, 54","461.4448",True,"Blue",100,75,"742.35","54","54-58 CM",30,4,"T","445.41","L","U","Touring-3000","All-occasion value bike with our basic comfort and safety features. Offers wider, more stable tires for a ride around town or weekend trip.",2007-07-01 00:00:00.000,"","Current",1,"Bikes","Touring Bikes"
566,"BK-T18U-58",3,"LB","CM","Touring-3000 Blue, 58","461.4448",True,"Blue",100,75,"742.35","58","54-58 CM",30,4,"T","445.41","L","U","Touring-3000","All-occasion value bike with our basic comfort and safety features. Offers wider, more stable tires for a ride around town or weekend trip.",2007-07-01 00:00:00.000,"","Current",1,"Bikes","Touring Bikes"
567,"BK-T18U-62",3,"LB","CM","Touring-3000 Blue, 62","461.4448",True,"Blue",100,75,"742.35","62","60-62 CM",30,4,"T","445.41","L","U","Touring-3000","All-occasion value bike with our basic comfort and safety features. Offers wider, more stable tires for a ride around town or weekend trip.",2007-07-01 00:00:00.000,"","Current",1,"Bikes","Touring Bikes"
568,"BK-T18Y-44",3,"LB","CM","Touring-3000 Yellow, 44","461.4448",True,"Yellow",100,75,"742.35","44","42-46 CM",29,4,"T","445.41","L","U","Touring-3000","All-occasion value bike with our basic comfort and safety features. Offers wider, more stable tires for a ride around town or weekend trip.",2007-07-01 00:00:00.000,"","Current",1,"Bikes","Touring Bikes"
569,"BK-T18Y-50",3,"LB","CM","Touring-3000 Yellow, 50","461.4448",True,"Yellow",100,75,"742.35","50","48-52 CM",29,4,"T","445.41","L","U","Touring-3000","All-occasion value bike with our basic comfort and safety features. Offers wider, more stable tires for a ride around town or weekend trip.",2007-07-01 00:00:00.000,"","Current",1,"Bikes","Touring Bikes"
570,"BK-T18Y-54",3,"LB","CM","Touring-3000 Yellow, 54","461.4448",True,"Yellow",100,75,"742.35","54","54-58 CM",29,4,"T","445.41","L","U","Touring-3000","All-occasion value bike with our basic comfort and safety features. Offers wider, more stable tires for a ride around town or weekend trip.",2007-07-01 00:00:00.000,"","Current",1,"Bikes","Touring Bikes"
571,"BK-T18Y-58",3,"LB","CM","Touring-3000 Yellow, 58","461.4448",True,"Yellow",100,75,"742.35","58","54-58 CM",30,4,"T","445.41","L","U","Touring-3000","All-occasion value bike with our basic comfort and safety features. Offers wider, more stable tires for a ride around town or weekend trip.",2007-07-01 00:00:00.000,"","Current",1,"Bikes","Touring Bikes"
572,"BK-T18Y-62",3,"LB","CM","Touring-3000 Yellow, 62","461.4448",True,"Yellow",100,75,"742.35","62","60-62 CM",30,4,"T","445.41","L","U","Touring-3000","All-occasion value bike with our basic comfort and safety features. Offers wider, more stable tires for a ride around town or weekend trip.",2007-07-01 00:00:00.000,"","Current",1,"Bikes","Touring Bikes"
573,"BK-T79U-46",3,"LB","CM","Touring-1000 Blue, 46","1481.9379",True,"Blue",100,75,"2384.07","46","42-46 CM",25,4,"T","1430.442","H","U","Touring-1000","Travel in style and comfort. Designed for maximum comfort and safety. Wide gear range takes on all hills. High-tech aluminum alloy construction provides durability without added weight.",2007-07-01 00:00:00.000,"","Current",1,"Bikes","Touring Bikes"
574,"BK-T79U-50",3,"LB","CM","Touring-1000 Blue, 50","1481.9379",True,"Blue",100,75,"2384.07","50","48-52 CM",25,4,"T","1430.442","H","U","Touring-1000","Travel in style and comfort. Designed for maximum comfort and safety. Wide gear range takes on all hills. High-tech aluminum alloy construction provides durability without added weight.",2007-07-01 00:00:00.000,"","Current",1,"Bikes","Touring Bikes"
575,"BK-T79U-54",3,"LB","CM","Touring-1000 Blue, 54","1481.9379",True,"Blue",100,75,"2384.07","54","54-58 CM",26,4,"T","1430.442","H","U","Touring-1000","Travel in style and comfort. Designed for maximum comfort and safety. Wide gear range takes on all hills. High-tech aluminum alloy construction provides durability without added weight.",2007-07-01 00:00:00.000,"","Current",1,"Bikes","Touring Bikes"
576,"BK-T79U-60",3,"LB","CM","Touring-1000 Blue, 60","1481.9379",True,"Blue",100,75,"2384.07","60","60-62 CM",26,4,"T","1430.442","H","U","Touring-1000","Travel in style and comfort. Designed for maximum comfort and safety. Wide gear range takes on all hills. High-tech aluminum alloy construction provides durability without added weight.",2007-07-01 00:00:00.000,"","Current",1,"Bikes","Touring Bikes"
577,"BK-T44U-46",3,"LB","CM","Touring-2000 Blue, 46","755.1508",True,"Blue",100,75,"1214.85","46","42-46 CM",27,4,"T","728.91","M","U","Touring-2000","The plush custom saddle keeps you riding all day,  and there's plenty of space to add panniers and bike bags to the newly-redesigned carrier.  This bike has stability when fully-loaded.",2007-07-01 00:00:00.000,"","Current",1,"Bikes","Touring Bikes"
578,"BK-T44U-50",3,"LB","CM","Touring-2000 Blue, 50","755.1508",True,"Blue",100,75,"1214.85","50","48-52 CM",27,4,"T","728.91","M","U","Touring-2000","The plush custom saddle keeps you riding all day,  and there's plenty of space to add panniers and bike bags to the newly-redesigned carrier.  This bike has stability when fully-loaded.",2007-07-01 00:00:00.000,"","Current",1,"Bikes","Touring Bikes"
579,"BK-T44U-54",3,"LB","CM","Touring-2000 Blue, 54","755.1508",True,"Blue",100,75,"1214.85","54","54-58 CM",28,4,"T","728.91","M","U","Touring-2000","The plush custom saddle keeps you riding all day,  and there's plenty of space to add panniers and bike bags to the newly-redesigned carrier.  This bike has stability when fully-loaded.",2007-07-01 00:00:00.000,"","Current",1,"Bikes","Touring Bikes"
584,"BK-R19B-58",2,"LB","CM","Road-750 Black, 58","343.6496",True,"Black",100,75,"539.99","58","54-58 CM",21,4,"R","323.994","L","U","Road-750","Entry level adult bike; offers a comfortable ride cross-country or down the block. Quick-release hubs and rims.",2007-07-01 00:00:00.000,"","Current",1,"Bikes","Road Bikes"
585,"BK-T18U-44",3,"LB","CM","Touring-3000 Blue, 44","461.4448",True,"Blue",100,75,"742.35","44","42-46 CM",29,4,"T","445.41","L","U","Touring-3000","All-occasion value bike with our basic comfort and safety features. Offers wider, more stable tires for a ride around town or weekend trip.",2007-07-01 00:00:00.000,"","Current",1,"Bikes","Touring Bikes"
586,"BK-T18U-50",3,"LB","CM","Touring-3000 Blue, 50","461.4448",True,"Blue",100,75,"742.35","50","48-52 CM",29,4,"T","445.41","L","U","Touring-3000","All-occasion value bike with our basic comfort and safety features. Offers wider, more stable tires for a ride around town or weekend trip.",2007-07-01 00:00:00.000,"","Current",1,"Bikes","Touring Bikes"
591,"BK-M18S-40",1,"LB","CM","Mountain-500 Silver, 40","308.2179",True,"Silver",100,75,"564.99","40","38-40 CM",27,4,"M","338.994","L","U","Mountain-500","Suitable for any type of riding, on or off-road. Fits any budget. Smooth-shifting with a comfortable ride.",2007-07-01 00:00:00.000,"","Current",1,"Bikes","Mountain Bikes"
592,"BK-M18S-42",1,"LB","CM","Mountain-500 Silver, 42","308.2179",True,"Silver",100,75,"564.99","42","42-46 CM",28,4,"M","338.994","L","U","Mountain-500","Suitable for any type of riding, on or off-road. Fits any budget. Smooth-shifting with a comfortable ride.",2007-07-01 00:00:00.000,"","Current",1,"Bikes","Mountain Bikes"
593,"BK-M18S-44",1,"LB","CM","Mountain-500 Silver, 44","308.2179",True,"Silver",100,75,"564.99","44","42-46 CM",28,4,"M","338.994","L","U","Mountain-500","Suitable for any type of riding, on or off-road. Fits any budget. Smooth-shifting with a comfortable ride.",2007-07-01 00:00:00.000,"","Current",1,"Bikes","Mountain Bikes"
594,"BK-M18S-48",1,"LB","CM","Mountain-500 Silver, 48","308.2179",True,"Silver",100,75,"564.99","48","48-52 CM",28,4,"M","338.994","L","U","Mountain-500","Suitable for any type of riding, on or off-road. Fits any budget. Smooth-shifting with a comfortable ride.",2007-07-01 00:00:00.000,"","Current",1,"Bikes","Mountain Bikes"
595,"BK-M18S-52",1,"LB","CM","Mountain-500 Silver, 52","308.2179",True,"Silver",100,75,"564.99","52","48-52 CM",29,4,"M","338.994","L","U","Mountain-500","Suitable for any type of riding, on or off-road. Fits any budget. Smooth-shifting with a comfortable ride.",2007-07-01 00:00:00.000,"","Current",1,"Bikes","Mountain Bikes"
596,"BK-M18B-40",1,"LB","CM","Mountain-500 Black, 40","294.5797",True,"Black",100,75,"539.99","40","38-40 CM",27,4,"M","323.994","L","U","Mountain-500","Suitable for any type of riding, on or off-road. Fits any budget. Smooth-shifting with a comfortable ride.",2007-07-01 00:00:00.000,"","Current",1,"Bikes","Mountain Bikes"
597,"BK-M18B-42",1,"LB","CM","Mountain-500 Black, 42","294.5797",True,"Black",100,75,"539.99","42","42-46 CM",28,4,"M","323.994","L","U","Mountain-500","Suitable for any type of riding, on or off-road. Fits any budget. Smooth-shifting with a comfortable ride.",2007-07-01 00:00:00.000,"","Current",1,"Bikes","Mountain Bikes"
598,"BK-M18B-44",1,"LB","CM","Mountain-500 Black, 44","294.5797",True,"Black",100,75,"539.99","44","42-46 CM",28,4,"M","323.994","L","U","Mountain-500","Suitable for any type of riding, on or off-road. Fits any budget. Smooth-shifting with a comfortable ride.",2007-07-01 00:00:00.000,"","Current",1,"Bikes","Mountain Bikes"
599,"BK-M18B-48",1,"LB","CM","Mountain-500 Black, 48","294.5797",True,"Black",100,75,"539.99","48","48-52 CM",28,4,"M","323.994","L","U","Mountain-500","Suitable for any type of riding, on or off-road. Fits any budget. Smooth-shifting with a comfortable ride.",2007-07-01 00:00:00.000,"","Current",1,"Bikes","Mountain Bikes"
600,"BK-M18B-52",1,"LB","CM","Mountain-500 Black, 52","294.5797",True,"Black",100,75,"539.99","52","48-52 CM",29,4,"M","323.994","L","U","Mountain-500","Suitable for any type of riding, on or off-road. Fits any budget. Smooth-shifting with a comfortable ride.",2007-07-01 00:00:00.000,"","Current",1,"Bikes","Mountain Bikes"
604,"BK-R19B-44",2,"LB","CM","Road-750 Black, 44","343.6496",True,"Black",100,75,"539.99","44","42-46 CM",20,4,"R","323.994","L","U","Road-750","Entry level adult bike; offers a comfortable ride cross-country or down the block. Quick-release hubs and rims.",2007-07-01 00:00:00.000,"","Current",1,"Bikes","Road Bikes"
605,"BK-R19B-48",2,"LB","CM","Road-750 Black, 48","343.6496",True,"Black",100,75,"539.99","48","48-52 CM",20,4,"R","323.994","L","U","Road-750","Entry level adult bike; offers a comfortable ride cross-country or down the block. Quick-release hubs and rims.",2007-07-01 00:00:00.000,"","Current",1,"Bikes","Road Bikes"
606,"BK-R19B-52",2,"LB","CM","Road-750 Black, 52","343.6496",True,"Black",100,75,"539.99","52","48-52 CM",20,4,"R","323.994","L","U","Road-750","Entry level adult bike; offers a comfortable ride cross-country or down the block. Quick-release hubs and rims.",2007-07-01 00:00:00.000,"","Current",1,"Bikes","Road Bikes"
